semaine;date;jour;canal;compte;langue;a_verifier;caracteres;theme;texte
1;2026-10-12;Lun;X;"Compte X EDEN";FR;non;237;"Lancement : pourquoi EDEN";"Un résultat d'analyse ne devrait pas coûter un deuxième trajet en taxi. Aujourd'hui, nous lançons EDEN : vos résultats et vos factures de laboratoire, d'imagerie et de clinique, dans un seul compte, sur votre téléphone. #Cameroun #eSanté"
1;2026-10-13;Mar;LinkedIn;"Profil LinkedIn personnel";FR;non;675;"Lancement : pourquoi EDEN";"Je me lance.

Depuis des mois, je construis EDEN, une plateforme qui permet à un laboratoire, un centre d'imagerie ou une clinique de remettre les résultats à ses patients en ligne, sans changer de logiciel.

L'idée vient d'un constat banal : au Cameroun, on fait souvent deux déplacements pour un seul examen. Un pour le prélèvement, un pour le papier.

EDEN supprime le second. Le patient scanne un QR code sur sa facture, se connecte avec son e-mail et retrouve ses résultats, établissement par établissement.

Je raconterai ici, chaque semaine, ce que j'apprends en le proposant aux établissements. Si vous dirigez un laboratoire ou une clinique, j'aimerais vous écouter."
1;2026-10-14;Mer;X;"Compte X EDEN";FR;non;241;"Lancement : pourquoi EDEN";"Comment ça marche ? 1. Le laboratoire imprime un QR code sur la facture. 2. Le patient le scanne. 3. Il se connecte avec son e-mail. 4. Ses résultats arrivent dans son compte. Rien à installer. Démo sans inscription : [LIEN]"
1;2026-10-15;Jeu;LinkedIn;"Page LinkedIn EDEN";FR;non;520;"Lancement : pourquoi EDEN";"EDEN est en ligne.

Pour les patients : résultats de laboratoire, d'imagerie et d'exploration, et factures, dans un seul compte.

Pour les établissements : un espace d'administration, des QR codes à remettre à l'accueil, un journal de toutes les opérations.

Pour les médecins : les résultats que leurs patients choisissent de leur partager.

Une démonstration est ouverte à tous, sans inscription : [LIEN]

Laboratoires, centres d'imagerie, cliniques : écrivez-nous en message privé pour une présentation de 20 minutes."
1;2026-10-16;Ven;X;"Compte X EDEN";EN;non;247;"Lancement : pourquoi EDEN";"Getting a lab result in Cameroon often means a second trip across town. EDEN puts results and invoices from labs, imaging centres and clinics in one account, on your phone. Try the demo, no sign-up: [LIEN] #Cameroon #DigitalHealth"
2;2026-10-19;Lun;X;"Compte X EDEN";FR;non;247;"Le coût caché du résultat papier";"Faites le calcul : un aller-retour pour récupérer un résultat, c'est le prix du transport, une demi-journée perdue et parfois une permission à demander. Multipliez par le nombre de patients d'un laboratoire. Qui paie ? Le patient. #Cameroun #Santé"
2;2026-10-20;Mar;LinkedIn;"Profil LinkedIn personnel";FR;non;637;"Le coût caché du résultat papier";"Posez cette question autour de vous : « Combien vous a coûté votre dernier résultat d'analyse, en dehors de l'examen ? »

Presque personne n'a fait le compte. Puis les réponses viennent : le taxi ou la moto, l'attente à l'accueil, la demi-journée d'absence, et quelquefois le retour à vide parce que le résultat n'était pas prêt.

Ce coût n'apparaît sur aucune facture. Il est pourtant bien réel, et c'est le patient qui le supporte.

Un établissement qui remet ses résultats en ligne ne fait pas un geste technique. Il rend du temps et de l'argent à ses patients. C'est, à mes yeux, le premier argument en faveur des résultats en ligne."
2;2026-10-21;Mer;X;"Compte X EDEN";FR;non;240;"Le coût caché du résultat papier";"Avec EDEN, le patient est prévenu dans son compte dès que le résultat est publié. Il le consulte chez lui, au bureau ou en route. Le papier reste disponible pour ceux qui le veulent : EDEN s'ajoute, il n'enlève rien. [LIEN]"
2;2026-10-22;Jeu;LinkedIn;"Page LinkedIn EDEN";FR;non;482;"Le coût caché du résultat papier";"Le résultat papier a un coût caché.

Pour le patient : un déplacement de plus, du temps d'attente, parfois un retour à vide.

Pour l'établissement : un accueil encombré, des enveloppes à classer, des résultats jamais retirés, des appels pour savoir « si c'est prêt ».

EDEN ne supprime pas le papier. Il permet de ne plus en dépendre : le résultat validé est disponible en ligne, dans le compte du patient, et l'accueil retrouve du temps pour le reste.

Démonstration libre : [LIEN]"
2;2026-10-23;Ven;X;"Compte X EDEN";EN;non;204;"Le coût caché du résultat papier";"The hidden cost of a paper result: transport, half a day off work, and sometimes a wasted trip because it was not ready yet. Online results give that time and money back to patients. #Cameroon #HealthTech"
3;2026-10-26;Lun;X;"Compte X EDEN";FR;non;236;"WhatsApp n'est pas un coffre-fort";"Envoyer un résultat médical par WhatsApp, c'est rapide. C'est aussi une photo qui peut partir au mauvais numéro, rester sur un téléphone prêté ou être transférée sans contrôle. La santé mérite mieux qu'une pièce jointe. #Cameroun #Santé"
3;2026-10-27;Mar;LinkedIn;"Profil LinkedIn personnel";FR;non;675;"WhatsApp n'est pas un coffre-fort";"Beaucoup d'établissements envoient déjà les résultats par WhatsApp. Je comprends pourquoi : tout le monde l'a, c'est immédiat, et le patient le demande.

Mais posez-vous trois questions. Qui a envoyé ce résultat, et à quel numéro ? Le téléphone qui l'a reçu est-il bien celui du patient ? Si le patient conteste, pouvez-vous le prouver ?

Dans la plupart des cas, la réponse est non. Un numéro mal saisi suffit pour qu'un résultat arrive chez un inconnu.

Je ne dis pas qu'il faut abandonner WhatsApp. On peut très bien y envoyer le lien de rattachement à EDEN. La différence, c'est que le résultat lui-même reste dans un compte protégé, et que chaque accès laisse une trace."
3;2026-10-28;Mer;X;"Compte X EDEN";FR;non;246;"WhatsApp n'est pas un coffre-fort";"Dans EDEN, le résultat ne circule pas : il reste dans le compte du patient. Pour y accéder, un code à 6 chiffres envoyé par e-mail, valable 10 minutes, à usage unique. Et l'établissement garde la trace de chaque opération. [LIEN]"
3;2026-10-29;Jeu;LinkedIn;"Page LinkedIn EDEN";FR;non;515;"WhatsApp n'est pas un coffre-fort";"WhatsApp est un excellent outil pour prévenir un patient. Ce n'est pas un endroit où conserver un résultat médical.

Trois risques concrets : le mauvais destinataire, le téléphone partagé, l'absence de preuve en cas de litige.

Avec EDEN, l'établissement peut continuer à utiliser WhatsApp pour envoyer le lien de rattachement. Le résultat, lui, reste dans le compte du patient, accessible après connexion, et chaque opération est inscrite au journal de l'établissement.

Présentation sur demande, en message privé."
3;2026-10-30;Ven;X;"Compte X EDEN";EN;non;196;"WhatsApp n'est pas un coffre-fort";"Sending lab results over WhatsApp is fast. It is also one wrong digit away from a stranger's phone. A result belongs in a protected account, not in a chat thread. #Cameroon #DigitalHealth #Privacy"
4;2026-11-02;Lun;X;"Compte X EDEN";FR;non;244;"La démonstration en deux minutes";"Vous voulez voir EDEN avant d'en parler ? La démonstration est ouverte : un patient fictif, des résultats inventés, aucune inscription. Deux minutes suffisent pour comprendre ce que verra votre patient. [LIEN] #Cameroun #eSanté"
4;2026-11-03;Mar;LinkedIn;"Profil LinkedIn personnel";FR;non;632;"La démonstration en deux minutes";"Quand je présente EDEN, je ne commence pas par des diapositives. J'ouvre la démonstration et je tends le téléphone.

La personne voit un tableau de bord, des résultats de laboratoire avec leurs normes, un compte rendu d'imagerie, des factures. Elle clique, elle revient en arrière, elle pose des questions précises.

Ma conviction : une démonstration qu'on manipule soi-même convainc mieux que dix arguments.

C'est pour cela que la démo d'EDEN est publique et sans inscription. Les données sont fictives, rien n'est enregistré. Essayez-la, puis dites-moi ce qui vous a manqué : c'est le retour le plus utile que je puisse recevoir."
4;2026-11-04;Mer;X;"Compte X EDEN";FR;non;227;"La démonstration en deux minutes";"Dans la démo EDEN : un tableau de bord, des résultats de laboratoire avec valeurs et normes, de l'imagerie, des factures, le partage d'un résultat avec un médecin. Tout est fictif, rien n'est enregistré. [LIEN]"
4;2026-11-05;Jeu;LinkedIn;"Page LinkedIn EDEN";EN;non;506;"La démonstration en deux minutes";"See EDEN before you talk to us.

The demo is public and needs no sign-up. You get a fictional patient with lab results and reference ranges, imaging reports, invoices, and the option to share a result with a doctor. Nothing is stored.

It takes two minutes, on a phone or a laptop. The interface is currently in French.

If you run a laboratory, an imaging centre or a clinic in Cameroon and want to see the administration side as well, send us a message: we will walk you through it in 20 minutes.

[LIEN]"
4;2026-11-06;Ven;X;"Compte X EDEN";FR;non;193;"La démonstration en deux minutes";"Question aux patients : la dernière fois que vous avez fait une analyse, combien de temps entre le prélèvement et le moment où vous avez eu le résultat en main ? Racontez-nous. #Cameroun #Santé"
5;2026-11-09;Lun;X;"Compte X EDEN";FR;non;210;"Suivre ses analyses dans le temps";"Cette semaine, Journée mondiale du diabète (14 novembre). Pour une maladie chronique, un résultat isolé dit peu. Ce qui compte, c'est la série. Encore faut-il retrouver les anciens résultats. #Diabète #Cameroun"
5;2026-11-10;Mar;LinkedIn;"Profil LinkedIn personnel";FR;non;739;"Suivre ses analyses dans le temps";"Beaucoup de familles connaissent cette scène. Un proche suit un traitement au long cours ; à chaque consultation, le médecin demande les résultats précédents, et l'on cherche dans un sac une enveloppe froissée, quand elle n'est pas restée à la maison.

Le problème n'est pas l'examen. C'est la mémoire. Les résultats existent, mais ils sont dispersés entre plusieurs laboratoires, plusieurs années, plusieurs chemises.

C'est l'une des raisons d'être d'EDEN : un compte unique, où les résultats de différents établissements se retrouvent côte à côte, datés, avec leurs valeurs de référence.

Cette semaine de la Journée mondiale du diabète est un bon moment pour le rappeler : suivre une maladie, c'est d'abord pouvoir relire son histoire."
5;2026-11-11;Mer;X;"Compte X EDEN";FR;non;257;"Suivre ses analyses dans le temps";"Dans EDEN, chaque résultat de laboratoire affiche la valeur, l'unité et les normes, et signale ce qui sort de la norme. Le patient arrive en consultation avec son historique, pas avec une enveloppe. L'interprétation reste au médecin. [LIEN]"
5;2026-11-12;Jeu;LinkedIn;"Page LinkedIn EDEN";FR;non;512;"Suivre ses analyses dans le temps";"Journée mondiale du diabète, 14 novembre.

Le suivi d'une maladie chronique repose sur des examens répétés. Leur valeur vient de la comparaison dans le temps.

EDEN conserve, dans le compte du patient, les résultats publiés par chaque établissement auquel son dossier est rattaché : date, valeurs, unités, normes.

Pour un laboratoire, c'est un service rendu à ses patients réguliers, ceux qui reviennent tous les trois mois et qui ont le plus besoin de retrouver leurs anciens résultats.

Démonstration : [LIEN]"
5;2026-11-13;Ven;X;"Compte X EDEN";EN;non;212;"Suivre ses analyses dans le temps";"World Diabetes Day is this week. For chronic conditions, one result says little; the trend says a lot. That only works if past results are easy to find. EDEN keeps them in one account. #WorldDiabetesDay #Cameroon"
6;2026-11-16;Lun;X;"Compte X EDEN";FR;non;242;"Le programme établissements fondateurs";"Nous cherchons 5 établissements fondateurs : laboratoires, centres d'imagerie ou cliniques, à Douala ou Yaoundé. Installation offerte, 60 jours d'essai accompagné, tarif préférentiel la première année. En échange : votre avis franc. #Cameroun"
6;2026-11-17;Mar;LinkedIn;"Profil LinkedIn personnel";FR;non;709;"Le programme établissements fondateurs";"Je n'ai pas encore de client à citer. Je préfère le dire clairement.

EDEN fonctionne, la démonstration est publique, mais aucun logiciel ne se juge sur une démo. Il se juge dans un vrai accueil, un lundi matin, avec de vrais patients.

C'est pourquoi j'ouvre un programme pour cinq établissements fondateurs à Douala et Yaoundé. Je prends en charge l'installation, je forme l'accueil, je reste disponible pendant 60 jours. Ensuite, l'établissement décide de continuer ou d'arrêter, sans engagement.

Ce que je demande en retour : des retours honnêtes, et, si le résultat est là, le droit de le raconter.

Si cela vous parle, ou si vous connaissez un directeur de laboratoire curieux, mettez-nous en relation."
6;2026-11-18;Mer;X;"Compte X EDEN";FR;non;227;"Le programme établissements fondateurs";"Ce que comprend le programme fondateurs d'EDEN : création de votre espace, formation de l'accueil, QR codes prêts à remettre, accompagnement pendant 60 jours. Aucun engagement à la fin de l'essai. Écrivez-nous en message privé."
6;2026-11-19;Jeu;LinkedIn;"Page LinkedIn EDEN";FR;non;508;"Le programme établissements fondateurs";"Programme « établissements fondateurs » : cinq places.

Pour qui : laboratoires d'analyses, centres d'imagerie et cliniques privées de Douala et Yaoundé.

Ce que vous recevez : mise en service offerte, formation de votre accueil, 60 jours d'essai accompagné, tarif préférentiel la première année.

Ce que nous demandons : un référent dans l'établissement, des retours réguliers, et votre accord pour témoigner si vous êtes satisfaits.

Pour candidater, un message privé suffit. Nous répondons sous 48 heures."
6;2026-11-20;Ven;X;"Compte X EDEN";EN;non;226;"Le programme établissements fondateurs";"We are looking for 5 founding partners: private labs, imaging centres or clinics in Douala and Yaoundé. Free setup, a 60-day guided trial, and a preferential rate for year one. In return: honest feedback. #Cameroon #HealthTech"
7;2026-11-23;Lun;X;"Compte X EDEN";FR;non;215;"Le QR code sur la facture";"Le patient a déjà un papier en main en sortant du laboratoire : sa facture. EDEN y ajoute un QR code. C'est la clé de son dossier, à usage unique. Pas de formulaire, pas de mot de passe à inventer. #Cameroun #eSanté"
7;2026-11-24;Mar;LinkedIn;"Profil LinkedIn personnel";FR;non;663;"Le QR code sur la facture";"La question qui revient le plus souvent : « Comment le patient s'inscrit-il ? »

Ma réponse tient en un objet : la facture. Le patient la reçoit de toute façon. On y imprime un QR code, ou on lui remet un petit ticket à l'accueil.

Il scanne, il saisit son e-mail, il reçoit un code, et son dossier est rattaché à son compte. Si l'e-mail qu'il utilise est celui que l'établissement connaît, c'est immédiat. Sinon, l'accueil valide après avoir vérifié son identité.

J'aime cette mécanique parce qu'elle ne demande aucun effort nouveau à personne. L'accueil remet un papier, comme d'habitude. Le patient utilise l'appareil photo de son téléphone, comme d'habitude."
7;2026-11-25;Mer;X;"Compte X EDEN";FR;non;238;"Le QR code sur la facture";"Le QR code EDEN ne sert qu'une fois et expire après 30 jours par défaut (réglable). Un nouveau code pour le même dossier annule l'ancien. Et pour ceux qui ne scannent pas : un code court à saisir, du type H5C-XJVW. [LIEN]"
7;2026-11-26;Jeu;LinkedIn;"Page LinkedIn EDEN";FR;non;492;"Le QR code sur la facture";"Le rattachement par QR code, en quatre étapes.

1. L'établissement génère un QR code pour le dossier du patient, depuis son espace d'administration ou directement depuis son logiciel.

2. Le patient le scanne à la sortie ou chez lui.

3. Il se connecte avec son adresse e-mail et un code à 6 chiffres.

4. Son dossier est rattaché : ses résultats et ses factures apparaissent dans son compte.

Le code ne sert qu'une fois. S'il est perdu, l'accueil en génère un autre, et l'ancien est annulé."
7;2026-11-27;Ven;X;"Compte X EDEN";EN;non;197;"Le QR code sur la facture";"The key to a patient's record is already in their hand: the invoice. EDEN prints a single-use QR code on it. Scan, enter your email, done. No form, no password to remember. #Cameroon #DigitalHealth"
8;2026-11-30;Lun;X;"Compte X EDEN";FR;non;239;"La confidentialité d'un résultat";"Cette semaine, Journée mondiale de lutte contre le sida (1er décembre). Un rappel utile : la confidentialité d'un résultat n'est pas un détail technique. C'est ce qui décide certaines personnes à se faire dépister, ou non. #Cameroun #Santé"
8;2026-12-01;Mar;LinkedIn;"Profil LinkedIn personnel";FR;non;696;"La confidentialité d'un résultat";"Certains résultats changent une vie. Leur remise mérite plus de soin qu'une enveloppe posée sur un comptoir où tout le monde attend.

En préparant EDEN, j'ai beaucoup pensé à cette scène : le nom appelé à voix haute, l'enveloppe tendue, le voisin de file qui regarde.

Le numérique ne règle pas tout, et l'annonce d'un résultat sensible doit rester un moment humain, avec un professionnel. Mais il règle au moins une chose : le résultat ne traîne pas, et il n'est lisible que par la personne qui s'est connectée à son compte.

En cette semaine du 1er décembre, je voulais redire que la confidentialité n'est pas une option. C'est une condition de la confiance entre un patient et son laboratoire."
8;2026-12-02;Mer;X;"Compte X EDEN";FR;non;247;"La confidentialité d'un résultat";"Dans EDEN, chaque établissement ne voit que ses propres patients et ses propres données. Un administrateur ne peut pas consulter les dossiers d'un autre établissement. Le cloisonnement est une règle de base, pas un réglage. [LIEN]"
8;2026-12-03;Jeu;LinkedIn;"Page LinkedIn EDEN";EN;non;530;"La confidentialité d'un résultat";"Confidentiality is not a feature. It is the reason patients trust a laboratory.

With EDEN, a result is not left on a counter or forwarded in a chat. It sits in the patient's account, behind a one-time code sent to their email.

Each facility only sees its own patients. Every sensitive operation is logged: who did what, and when.

This week marks World AIDS Day. It is a good moment to remember that for many people, the fear of being seen is a reason not to get tested. Protecting results protects access to care.

Demo: [LIEN]"
8;2026-12-04;Ven;X;"Compte X EDEN";FR;non;218;"La confidentialité d'un résultat";"Directeurs de laboratoire : où attendent aujourd'hui les résultats non retirés ? Un tiroir, une armoire, un carton ? Et depuis combien de temps ? Cette pile est aussi un sujet de confidentialité. #Cameroun #Laboratoire"
9;2026-12-07;Lun;X;"Compte X EDEN";FR;non;233;"L'accès commence par l'information";"Cette semaine, Journée de la couverture sanitaire universelle (12 décembre). L'accès aux soins, c'est aussi l'accès à sa propre information médicale. Un résultat qu'on ne peut pas récupérer est un examen à moitié fait. #CSU #Cameroun"
9;2026-12-08;Mar;LinkedIn;"Profil LinkedIn personnel";FR;non;636;"L'accès commence par l'information";"On parle beaucoup de l'accès aux soins. On parle moins de l'accès à sa propre information.

Prenez un cas courant : un examen fait dans une autre ville, lors d'un déplacement. Le résultat y reste. Trop loin, trop cher pour y retourner. Alors on refait l'examen ailleurs.

Deux examens payés pour une seule réponse : ce gaspillage-là est invisible dans les statistiques, mais il pèse sur les familles.

La couverture sanitaire universelle avance au Cameroun, et c'est une bonne nouvelle. Je crois que le numérique peut y contribuer modestement, en faisant en sorte qu'aucun résultat payé ne soit perdu faute de pouvoir venir le chercher."
9;2026-12-09;Mer;X;"Compte X EDEN";FR;non;230;"L'accès commence par l'information";"Un patient de Bafoussam qui fait son examen à Douala retrouve son résultat dans EDEN, sans revenir. Un seul compte, quel que soit l'endroit où l'examen a été fait, dès lors que l'établissement utilise EDEN. [LIEN]"
9;2026-12-10;Jeu;LinkedIn;"Page LinkedIn EDEN";FR;non;526;"L'accès commence par l'information";"12 décembre, Journée de la couverture sanitaire universelle.

Un examen n'a de valeur que si son résultat arrive jusqu'au patient, puis jusqu'au médecin.

EDEN aide les établissements à boucler cette chaîne : le résultat validé est publié dans le compte du patient, où qu'il se trouve, et le patient peut le partager avec le médecin de son choix.

Moins de résultats jamais retirés, moins d'examens refaits, moins de déplacements. C'est une contribution concrète, à l'échelle d'un établissement, à un meilleur accès aux soins."
9;2026-12-11;Ven;X;"Compte X EDEN";EN;non;175;"L'accès commence par l'information";"Universal Health Coverage Day is this week. Access to care includes access to your own results. A test you cannot collect is a test half done. #UHCDay #Cameroon #DigitalHealth"
10;2026-12-14;Lun;X;"Compte X EDEN";FR;non;202;"Un seul compte, plusieurs établissements";"Laboratoire ici, radiologie là-bas, clinique ailleurs : trois enveloppes, trois endroits. EDEN réunit tout dans un seul compte. Chaque résultat indique l'établissement qui l'a produit. #Cameroun #eSanté"
10;2026-12-15;Mar;LinkedIn;"Profil LinkedIn personnel";FR;non;645;"Un seul compte, plusieurs établissements";"J'aurais pu concevoir EDEN comme « le portail de votre laboratoire » : un site par établissement. J'ai fait le choix inverse.

Mettez-vous à la place du patient : il ne veut pas une application par laboratoire, il en a déjà trop sur son téléphone.

Un patient ne raisonne pas par établissement. Il a une santé, et des examens faits un peu partout.

EDEN est donc construit à l'envers : un seul compte par personne, identifié par son e-mail, auquel viennent se rattacher les dossiers de chaque établissement. Le laboratoire garde ses données, sa relation avec le patient, son nom affiché. Le patient, lui, garde un seul endroit où tout retrouver."
10;2026-12-16;Mer;X;"Compte X EDEN";FR;non;242;"Un seul compte, plusieurs établissements";"Ajouter un deuxième établissement à son compte EDEN : scanner le QR code de la nouvelle facture, ou saisir le code court dans « Mes établissements ». Le patient peut aussi retirer un établissement quand il le souhaite. [LIEN]"
10;2026-12-17;Jeu;LinkedIn;"Page LinkedIn EDEN";FR;non;490;"Un seul compte, plusieurs établissements";"Un compte, plusieurs établissements.

Pour le patient : un seul endroit pour ses résultats de laboratoire, d'imagerie, d'exploration et ses factures, quel que soit l'établissement.

Pour l'établissement : son nom est affiché sur chaque résultat, ses données restent cloisonnées, et il fixe ses propres règles (durée d'accès, validité des QR codes).

Plus les établissements d'une ville utilisent EDEN, plus le compte du patient devient utile. C'est un bénéfice partagé, pas une concurrence."
10;2026-12-18;Ven;X;"Compte X EDEN";EN;non;183;"Un seul compte, plusieurs établissements";"One patient, one account, many facilities. EDEN gathers results from every lab, imaging centre and clinic that uses it, and each result shows where it came from. #Cameroon #HealthTech"
11;2026-12-21;Lun;X;"Compte X EDEN";FR;non;213;"Les fêtes, les voyages, la famille";"Fin d'année : on voyage, on rentre au village, on rend visite à la famille. Les résultats d'analyse, eux, restent à l'accueil du laboratoire jusqu'en janvier. Sauf s'ils sont dans votre téléphone. #Cameroun #Santé"
11;2026-12-22;Mar;LinkedIn;"Profil LinkedIn personnel";FR;non;572;"Les fêtes, les voyages, la famille";"Beaucoup de familles camerounaises vivent à distance : un parent à Yaoundé, un enfant à Douala, un autre à l'étranger.

Quand le parent fait un bilan, c'est souvent l'enfant qui paie, et qui voudrait comprendre le résultat. Aujourd'hui, cela passe par des photos envoyées au téléphone, floues, incomplètes.

Avec un compte EDEN, le parent peut montrer son résultat complet, depuis son téléphone, ou le partager avec le médecin de la famille.

Le résultat médical est souvent une affaire de famille, et la distance complique tout. Bonnes fêtes à ceux qui prennent la route."
11;2026-12-23;Mer;X;"Compte X EDEN";FR;non;204;"Les fêtes, les voyages, la famille";"Le compte EDEN se consulte de n'importe où : à Douala, au village ou à l'étranger. Il suffit d'un téléphone, d'une connexion et de son adresse e-mail. Aucun mot de passe à retenir. [LIEN]"
11;2026-12-24;Jeu;LinkedIn;"Page LinkedIn EDEN";FR;non;457;"Les fêtes, les voyages, la famille";"Pendant les fêtes, les accueils tournent au ralenti et les patients se déplacent.

C'est la période où les résultats non retirés s'accumulent le plus.

Un établissement équipé d'EDEN publie le résultat dès sa validation. Le patient le consulte où qu'il soit, sans attendre la réouverture.

Si vous voulez commencer l'année avec ce service, c'est le bon moment pour en parler : la mise en service tient en quelques jours. Message privé pour une présentation."
11;2026-12-25;Ven;X;"Compte X EDEN";EN;non;179;"Les fêtes, les voyages, la famille";"Away for the holidays? Your lab results should not have to wait at the reception desk until January. With EDEN they are in your account, wherever you are. #Cameroon #DigitalHealth"
12;2026-12-28;Lun;X;"Compte X EDEN";FR;non;232;"Bilan des premières semaines et vœux";"Douze semaines depuis le lancement d'EDEN. Notre cap pour 2027 tient en trois lignes : des résultats sur le téléphone des patients, moins d'appels pour les accueils, des preuves pour les directeurs. Rendez-vous en janvier. #Cameroun"
12;2026-12-29;Mar;LinkedIn;"Profil LinkedIn personnel";FR;oui;634;"Bilan des premières semaines et vœux";"Douze semaines que je présente EDEN. Voici ce que je retiens, sans embellir.

Ce qui marche : la démonstration. Dès qu'on la manipule, la conversation change.

Ce qui coince : l'e-mail. Beaucoup me disent que leurs patients n'en ont pas. C'est en partie faux, tout téléphone Android a une adresse Gmail, mais l'objection est sérieuse et je dois mieux y répondre.

Ce que j'ai sous-estimé : le temps. Un directeur de laboratoire ne décide pas en une semaine, et il a raison.

Pour 2027, je garde un objectif simple : faire tourner EDEN dans de vrais accueils et écouter. Merci à ceux qui m'ont reçu, conseillé ou contredit cette année."
12;2026-12-30;Mer;X;"Compte X EDEN";FR;non;188;"Bilan des premières semaines et vœux";"Notre vœu pour 2027 : qu'aucun patient au Cameroun ne refasse un examen parce qu'il n'a pas pu récupérer le résultat du premier. Bonne année à tous, et à vos laboratoires. #Cameroun #Santé"
12;2026-12-31;Jeu;LinkedIn;"Page LinkedIn EDEN";EN;non;507;"Bilan des premières semaines et vœux";"Thank you for following EDEN's first weeks.

EDEN launched in October for laboratories, imaging centres and clinics in Cameroon. Our priorities for the new year: simpler onboarding at the front desk, clearer answers on data protection, and real-life pilots before any promise.

Our founding partner programme remains open: free setup, a 60-day guided trial, no commitment.

If you run a healthcare facility and want to start the year with online results for your patients, send us a message. Happy New Year."
12;2027-01-01;Ven;X;"Compte X EDEN";FR;non;181;"Bilan des premières semaines et vœux";"Quelle est la première chose que vous aimeriez voir changer dans votre laboratoire ou votre clinique en 2027 ? Une seule. Répondez en commentaire, nous lisons tout. #Cameroun #Santé"
13;2027-01-04;Lun;X;"Compte X EDEN";FR;non;241;"Les résolutions d'un laboratoire";"Trois résolutions réalistes pour un laboratoire en 2027 : 1. moins de résultats jamais retirés ; 2. moins d'appels « c'est prêt ? » ; 3. savoir qui a remis quoi, à qui. Les trois tiennent à la même chose : la remise du résultat. #Laboratoire"
13;2027-01-05;Mar;LinkedIn;"Profil LinkedIn personnel";FR;non;633;"Les résolutions d'un laboratoire";"Janvier est le mois des bonnes résolutions. J'en propose une seule aux directeurs d'établissement : mesurer.

Combien de résultats ne sont jamais retirés chaque mois ? Combien d'appels l'accueil reçoit-il pour savoir si un résultat est prêt ? Combien de minutes pour retrouver un ancien résultat ?

Peu d'établissements ont ces chiffres sous la main. Ce n'est pas un reproche : personne ne les leur a jamais demandés.

Pourtant, sans mesure, impossible de savoir si un outil comme EDEN vaut son abonnement. C'est pour cela que tout essai commence par ce relevé simple, sur une semaine. On compare ensuite, et on décide sur des faits."
13;2027-01-06;Mer;X;"Compte X EDEN";FR;non;220;"Les résolutions d'un laboratoire";"Avant d'essayer EDEN, comptez pendant une semaine : résultats non retirés, appels à l'accueil, anciens résultats recherchés. Après 60 jours d'essai, recomptez. La décision se prend sur ces chiffres, pas sur une promesse."
13;2027-01-07;Jeu;LinkedIn;"Page LinkedIn EDEN";FR;non;449;"Les résolutions d'un laboratoire";"Bien commencer 2027 : un diagnostic en trois chiffres.

1. Le nombre de résultats non retirés par mois.

2. Le nombre d'appels quotidiens à l'accueil pour savoir si un résultat est prêt.

3. Le temps moyen pour retrouver un ancien résultat.

Nous aidons chaque établissement candidat à faire ce relevé avant tout essai. Il ne coûte rien et il est utile même si vous ne choisissez pas EDEN. Pour recevoir la grille de relevé, un message privé suffit."
13;2027-01-08;Ven;X;"Compte X EDEN";EN;non;181;"Les résolutions d'un laboratoire";"A simple resolution for any lab in 2027: measure. How many results are never collected? How many ""is it ready?"" calls a day? You cannot improve what you do not count. #Cameroon #Lab"
14;2027-01-11;Lun;X;"Compte X EDEN";FR;non;206;"Se connecter sans mot de passe";"Combien de mots de passe avez-vous oubliés cette année ? Pour consulter un résultat médical, EDEN n'en demande aucun. Votre e-mail, un code à 6 chiffres reçu dans la minute, et c'est tout. #Cameroun #eSanté"
14;2027-01-12;Mar;LinkedIn;"Profil LinkedIn personnel";FR;non;655;"Se connecter sans mot de passe";"Un choix de conception d'EDEN surprend souvent : il n'y a pas de mot de passe.

La raison est pratique. Un patient consulte ses résultats quelques fois par an. Entre deux visites, il oublie son mot de passe, et c'est l'accueil du laboratoire qui hérite du problème.

À la place, EDEN envoie un code à 6 chiffres par e-mail. Il est valable 10 minutes et ne sert qu'une fois. Pas de mot de passe à retenir, donc pas de mot de passe à réinitialiser.

C'est aussi plus sûr : un code qui expire en dix minutes n'a aucune valeur s'il est recopié sur un papier.

Un détail, peut-être. Mais ce sont les détails qui décident si un service est utilisé ou abandonné."
14;2027-01-13;Mer;X;"Compte X EDEN";FR;non;241;"Se connecter sans mot de passe";"Le code de connexion EDEN : 6 chiffres, valable 10 minutes, utilisable une seule fois. Au-delà de 5 codes demandés en une heure ou de 5 essais ratés, la porte se ferme. Simple pour le patient, pénible pour un curieux. [LIEN]"
14;2027-01-14;Jeu;LinkedIn;"Page LinkedIn EDEN";FR;non;457;"Se connecter sans mot de passe";"Pas de mot de passe, pas de mot de passe oublié.

Pour se connecter à EDEN, le patient saisit son adresse e-mail et reçoit un code à 6 chiffres. Dix minutes de validité, un seul usage.

Pour l'établissement, c'est une charge en moins : aucun identifiant à créer, aucun mot de passe à réinitialiser au téléphone.

Pour le patient, c'est un geste qu'il connaît déjà : c'est celui de la plupart des services en ligne récents.

Essayez la démonstration : [LIEN]"
14;2027-01-15;Ven;X;"Compte X EDEN";EN;non;206;"Se connecter sans mot de passe";"No password to remember. EDEN signs patients in with a 6-digit code sent to their email: valid for 10 minutes, usable once. Fewer forgotten passwords, fewer calls to the front desk. #Cameroon #DigitalHealth"
15;2027-01-18;Lun;X;"Compte X EDEN";FR;non;224;"« Mes patients n'ont pas d'e-mail »";"« Mes patients n'ont pas d'adresse e-mail. » Regardez leur téléphone : un Android ne fonctionne pas sans compte Google. Ce compte est une adresse Gmail. Elle est déjà là, il suffit de la montrer au patient. #Cameroun #eSanté"
15;2027-01-19;Mar;LinkedIn;"Profil LinkedIn personnel";FR;non;766;"« Mes patients n'ont pas d'e-mail »";"L'objection que j'attends à chaque présentation : « Ici, les gens n'utilisent pas l'e-mail. Ils utilisent WhatsApp. »

Elle est juste, et elle est incomplète.

Juste, parce que l'e-mail n'est pas un réflexe quotidien pour beaucoup de patients. Incomplète, parce que presque tout téléphone Android est relié à un compte Google, donc à une adresse Gmail que son propriétaire a parfois oubliée.

Le travail n'est pas de créer une adresse. Il est de la retrouver : Paramètres, Comptes, et elle s'affiche. Trente secondes à l'accueil.

Pour les patients vraiment sans adresse, un proche de confiance peut prêter la sienne, et l'accueil valide le rattachement après vérification de l'identité. Aucun système ne couvre tout le monde. Celui-ci couvre déjà beaucoup de monde."
15;2027-01-20;Mer;X;"Compte X EDEN";FR;non;233;"« Mes patients n'ont pas d'e-mail »";"Astuce pour l'accueil : sur un téléphone Android, l'adresse Gmail du patient se trouve dans Paramètres > Comptes. C'est elle qu'il utilisera pour se connecter à EDEN. Trente secondes, et le patient repart avec ses résultats en poche."
15;2027-01-21;Jeu;LinkedIn;"Page LinkedIn EDEN";FR;non;516;"« Mes patients n'ont pas d'e-mail »";"Trois situations à l'accueil, trois réponses.

Le patient connaît son e-mail : il scanne le QR code et se connecte seul.

Le patient a un téléphone Android mais ne connaît pas son adresse : elle figure dans les paramètres du téléphone, l'accueil l'aide à la retrouver.

Le patient n'a pas d'adresse : un proche peut recevoir les résultats pour lui, et l'établissement valide le rattachement après vérification de l'identité.

Dans tous les cas, le papier reste disponible. EDEN ajoute un canal, il n'en retire aucun."
15;2027-01-22;Ven;X;"Compte X EDEN";EN;non;213;"« Mes patients n'ont pas d'e-mail »";"""My patients don't use email."" Check their phone: every Android runs on a Google account, and that account is a Gmail address. It is already there. The front desk just has to show them where. #Cameroon #HealthTech"
16;2027-01-25;Lun;X;"Compte X EDEN";FR;non;247;"La protection des données de santé";"Cette semaine, Journée de la protection des données (28 janvier). Au Cameroun, la loi de 2024 sur les données personnelles classe la santé parmi les données sensibles. Remettre un résultat n'est plus seulement une affaire d'organisation. #Cameroun"
16;2027-01-26;Mar;LinkedIn;"Profil LinkedIn personnel";FR;non;793;"La protection des données de santé";"Je ne suis pas juriste, et je me méfie des éditeurs de logiciels qui se disent « conformes » en une ligne.

Ce que je sais : depuis la loi du 23 décembre 2024 sur la protection des données personnelles, les données de santé sont des données sensibles au Cameroun, et la période de mise en conformité s'est achevée en juin 2026.

Ce que cela change pour un laboratoire : savoir qui accède aux résultats, pouvoir le prouver, encadrer ses prestataires par contrat, informer ses patients.

Ce que je fais avec EDEN : cloisonner les établissements, tracer les opérations sensibles, ne jamais afficher une clé d'accès deux fois, et dire clairement où sont hébergées les données. Le reste se règle avec un conseil juridique, établissement par établissement. Je préfère cette honnêteté à une promesse."
16;2027-01-27;Mer;X;"Compte X EDEN";FR;non;222;"La protection des données de santé";"Trois questions à poser à tout prestataire qui touche vos données de santé : 1. Où sont-elles hébergées ? 2. Qui peut y accéder, et est-ce tracé ? 3. Que prévoit le contrat si un incident survient ? Posez-les aussi à EDEN."
16;2027-01-28;Jeu;LinkedIn;"Page LinkedIn EDEN";EN;non;609;"La protection des données de santé";"Data Privacy Day is this week.

In Cameroon, the 2024 law on personal data protection treats health data as sensitive. For a laboratory or a clinic, that raises practical questions: who can see a result, can you prove it, and what does your contract with each software provider say?

EDEN was built with those questions in mind. Each facility's data is isolated from the others. Sensitive operations are logged. API keys are never displayed twice.

We do not claim that software alone makes anyone compliant. We do commit to answering your questions about hosting, access and contracts in writing. Message us."
16;2027-01-29;Ven;X;"Compte X EDEN";FR;non;181;"La protection des données de santé";"Patients : savez-vous qui a accès à vos résultats d'analyses une fois qu'ils quittent le laboratoire ? Vous avez le droit de poser la question. #Cameroun #DonnéesPersonnelles #Santé"
17;2027-02-01;Lun;X;"Compte X EDEN";FR;non;238;"L'imagerie et le compte rendu";"Cette semaine, Journée mondiale contre le cancer (4 février). Un compte rendu d'imagerie perdu ou jamais retiré, c'est du temps perdu avant la consultation suivante. Il doit arriver chez le patient, puis chez son médecin. #Cameroun #Santé"
17;2027-02-02;Mar;LinkedIn;"Profil LinkedIn personnel";FR;non;774;"L'imagerie et le compte rendu";"En imagerie, on pense d'abord aux images. Le document qui fait avancer le patient, c'est pourtant le compte rendu : quelques lignes qui disent ce que le radiologue a vu et ce qu'il conclut.

Ce compte rendu doit parvenir au médecin prescripteur. Aujourd'hui, c'est souvent le patient qui fait le facteur, avec une grande enveloppe sous le bras.

Si l'enveloppe se perd, ou si le patient tarde à revenir, la suite attend.

EDEN publie le compte rendu dans le compte du patient : indication, technique, résultat, conclusion. Le patient peut ensuite le partager avec son médecin en quelques secondes.

En cette semaine de la Journée mondiale contre le cancer, je pense à tous les parcours où chaque jour compte. Faire circuler l'information plus vite est la moindre des choses."
17;2027-02-03;Mer;X;"Compte X EDEN";FR;non;251;"L'imagerie et le compte rendu";"Dans EDEN, un compte rendu d'imagerie comprend l'examen demandé, l'indication, la technique, le résultat et la conclusion, avec le nom du médecin qui l'a validé. Le patient le relit quand il veut et le partage s'il le souhaite. [LIEN]"
17;2027-02-04;Jeu;LinkedIn;"Page LinkedIn EDEN";FR;non;546;"L'imagerie et le compte rendu";"Centres d'imagerie : votre compte rendu mérite mieux qu'une enveloppe.

Avec EDEN, dès la validation, le compte rendu est disponible dans le compte du patient : examen, indication, technique, résultat, conclusion.

Le patient peut le partager avec son médecin prescripteur, qui le reçoit dans son propre espace.

Vous gardez la maîtrise : votre nom sur chaque compte rendu, vos règles d'accès, votre journal des opérations.

EDEN publie les comptes rendus, pas les images elles-mêmes : il complète votre système d'imagerie, il ne le remplace pas."
17;2027-02-05;Ven;X;"Compte X EDEN";EN;non;213;"L'imagerie et le compte rendu";"World Cancer Day is this week. An imaging report that never reaches the referring doctor delays everything that follows. EDEN delivers the report to the patient's account, ready to share. #WorldCancerDay #Cameroon"
18;2027-02-08;Lun;X;"Compte X EDEN";FR;non;241;"Une génération mobile";"Jeudi 11 février, Fête de la Jeunesse. Au Cameroun, l'âge médian est de 18 ans et le téléphone est partout. La génération qui arrive n'attendra pas une enveloppe à un guichet. Les établissements de santé ont intérêt à s'y préparer. #Cameroun"
18;2027-02-09;Mar;LinkedIn;"Profil LinkedIn personnel";FR;non;742;"Une génération mobile";"Quelques chiffres m'ont marqué en préparant EDEN. Selon DataReportal, le Cameroun comptait fin 2025 environ 29 millions de connexions mobiles pour 30 millions d'habitants, 12,6 millions d'internautes, et un âge médian de 18 ans.

Cela veut dire deux choses. D'abord, le téléphone est déjà l'outil de tout le monde. Ensuite, la majorité des patients de demain n'a jamais connu un monde sans lui.

Ces jeunes paient par Mobile Money, commandent par WhatsApp, s'informent en ligne. Ils accompagnent aussi leurs parents à l'hôpital, et ce sont eux qui liront le résultat à voix haute.

Un établissement qui propose ses résultats en ligne ne s'adresse pas qu'aux jeunes. Il s'appuie sur eux pour servir toute la famille. Bonne Fête de la Jeunesse."
18;2027-02-10;Mer;X;"Compte X EDEN";FR;non;218;"Une génération mobile";"EDEN fonctionne dans le navigateur du téléphone : rien à télécharger, pas de mise à jour à faire, pas d'espace de stockage occupé. Un lien, un e-mail, un code. Conçu pour l'usage mobile d'abord. [LIEN]"
18;2027-02-11;Jeu;LinkedIn;"Page LinkedIn EDEN";FR;non;555;"Une génération mobile";"Fête de la Jeunesse : un mot aux étudiants en biologie médicale, en imagerie et en informatique de santé.

Les établissements où vous travaillerez demain remettront leurs résultats en ligne. C'est une question d'années, pas de décennies.

Si vous voulez comprendre comment fonctionne une plateforme de résultats, côté patient, la démonstration d'EDEN est ouverte et gratuite. Explorez-la, critiquez-la, parlez-en à vos enseignants.

Et si vous préparez un mémoire sur la santé numérique au Cameroun, écrivez-nous : nous répondrons à vos questions.

[LIEN]"
18;2027-02-12;Ven;X;"Compte X EDEN";EN;non;206;"Une génération mobile";"Cameroon's median age is 18, and there are roughly 29 million mobile connections for 30 million people (DataReportal, late 2025). Tomorrow's patients will not queue for an envelope. #Cameroon #DigitalHealth"
19;2027-02-15;Lun;X;"Compte X EDEN";FR;non;233;"L'accueil, en trois gestes";"Ce qu'EDEN demande à l'accueil d'un laboratoire : 1. remettre le QR code avec la facture ; 2. valider un rattachement quand l'e-mail diffère ; 3. répondre « c'est dans votre compte ». Trois gestes, pas un métier de plus. #Laboratoire"
19;2027-02-16;Mar;LinkedIn;"Profil LinkedIn personnel";FR;non;741;"L'accueil, en trois gestes";"Un logiciel réussit ou échoue à l'accueil. Pas dans le bureau du directeur, pas dans la salle des machines.

Les personnes de l'accueil ont déjà beaucoup à faire : enregistrer, encaisser, orienter, rassurer. Si un outil leur ajoute dix clics par patient, il sera contourné en une semaine.

Pour EDEN, je me suis fixé une règle : le geste quotidien doit tenir en une action. Remettre un QR code. Quand le logiciel de l'établissement l'imprime déjà sur la facture, il n'y a même plus de geste.

Le reste, validation d'un rattachement, recherche d'un patient, se fait depuis un écran simple, y compris sur téléphone.

Si vous dirigez un établissement, associez votre accueil à la décision. Ce sont eux qui vous diront si l'outil tient la route."
19;2027-02-17;Mer;X;"Compte X EDEN";FR;non;215;"L'accueil, en trois gestes";"L'espace d'administration EDEN tient en neuf rubriques : tableau de bord, patients, rattachements, QR codes, médecins, données reçues, intégration, paramètres, journal. La formation de l'accueil tient en une séance."
19;2027-02-18;Jeu;LinkedIn;"Page LinkedIn EDEN";FR;non;493;"L'accueil, en trois gestes";"Ce que voit l'administrateur d'un établissement dans EDEN.

Un tableau de bord : patients connus, rattachés, en attente, QR codes actifs, données reçues.

Une liste de patients, avec recherche par nom, e-mail ou numéro de dossier.

Les demandes de rattachement à valider ou refuser.

Les QR codes : en générer un, retrouver l'historique, annuler celui remis par erreur.

Un journal : qui a fait quoi, et quand.

Tout cela fonctionne aussi sur téléphone. Présentation en 20 minutes sur demande."
19;2027-02-19;Ven;X;"Compte X EDEN";EN;non;209;"L'accueil, en trois gestes";"What EDEN asks of a lab's front desk: hand over the QR code with the invoice, approve a link request when the email differs, and say ""it's in your account"". Three gestures, not a new job. #Cameroon #HealthTech"
20;2027-02-22;Lun;X;"Compte X EDEN";FR;non;236;"Partager un résultat avec son médecin";"Le patient reçoit son résultat. Et le médecin ? Dans EDEN, le patient le partage lui-même avec le médecin de son choix, en saisissant son matricule. Le médecin le retrouve dans son espace, quel que soit le laboratoire. #Cameroun #eSanté"
20;2027-02-23;Mar;LinkedIn;"Profil LinkedIn personnel";FR;non;729;"Partager un résultat avec son médecin";"Qui décide de montrer un résultat médical, et à qui ? Dans EDEN, la réponse est simple : le patient.

Il n'y a pas d'annuaire où un médecin irait chercher les résultats de n'importe qui. C'est le patient qui choisit un médecin et lui partage tel résultat. Il peut modifier ou retirer ce partage.

Côté médecin, tout arrive au même endroit : les résultats partagés par ses patients, quel que soit l'établissement qui les a produits. Plus besoin d'attendre l'enveloppe ou de déchiffrer une photo.

Et chaque consultation d'un résultat par un médecin est inscrite au journal de l'établissement concerné.

Ce modèle ralentit peut-être un peu les choses. Il a l'avantage d'être clair : rien ne circule sans que le patient l'ait voulu."
20;2027-02-24;Mer;X;"Compte X EDEN";FR;non;232;"Partager un résultat avec son médecin";"Chaque fois qu'un médecin consulte un résultat partagé dans EDEN, l'opération est inscrite au journal de l'établissement qui a produit ce résultat. Le partage est voulu par le patient, et il laisse une trace. [LIEN]"
20;2027-02-25;Jeu;LinkedIn;"Page LinkedIn EDEN";EN;non;511;"Partager un résultat avec son médecin";"The patient decides who sees a result.

In EDEN, there is no directory where a doctor can look up anyone's results. The patient picks a doctor and shares a specific result with them. The patient can edit or withdraw that share at any time.

The doctor finds everything in one place: results shared by their patients, whichever facility produced them.

Each time a doctor opens a shared result, the event is recorded in the audit log of the facility concerned.

Sharing by choice, with a trace: that is the rule."
20;2027-02-26;Ven;X;"Compte X EDEN";FR;non;182;"Partager un résultat avec son médecin";"Médecins : combien de consultations commencent par « Docteur, j'ai oublié mes résultats à la maison » ? Dites-nous comment vous gérez cette situation aujourd'hui. #Cameroun #Médecine"
21;2027-03-01;Lun;X;"Compte X EDEN";FR;non;235;"Lire un résultat";"Un résultat de laboratoire sans ses normes est une suite de chiffres. EDEN affiche pour chaque analyse la valeur, l'unité, les valeurs de référence, et signale ce qui en sort. Lisible, sans remplacer l'avis du médecin. #Cameroun #Santé"
21;2027-03-02;Mar;LinkedIn;"Profil LinkedIn personnel";FR;non;740;"Lire un résultat";"Je tiens à une distinction : afficher un résultat n'est pas l'interpréter.

EDEN montre au patient ce que le laboratoire a validé : le nom de l'analyse, la valeur, l'unité, les valeurs de référence, et un repère visuel quand la valeur sort de la norme. Rien de plus.

Pas de diagnostic, pas de conseil médical, pas de « vous devriez ». Ce rôle appartient au médecin, et il doit le rester.

En revanche, un patient qui arrive en consultation en ayant déjà lu son résultat pose de meilleures questions. Et un patient qui voit une valeur hors norme a une raison de ne pas remettre sa consultation à plus tard.

C'est toute l'ambition : que l'information arrive, lisible, à la bonne personne. La décision médicale, elle, ne change pas de mains."
21;2027-03-03;Mer;X;"Compte X EDEN";FR;non;217;"Lire un résultat";"Ce qu'EDEN affiche : les valeurs validées par le laboratoire, leurs unités et leurs normes. Ce qu'EDEN n'affiche pas : un diagnostic ou un conseil. L'interprétation revient toujours au médecin. [LIEN]"
21;2027-03-04;Jeu;LinkedIn;"Page LinkedIn EDEN";FR;non;489;"Lire un résultat";"Un résultat lisible, sans confusion des rôles.

Pour chaque analyse, EDEN reprend ce que votre laboratoire a validé : valeur, unité, valeurs de référence, remarque éventuelle, et un repère visuel pour les valeurs hors norme.

Le patient lit son résultat tel que vous l'avez signé. EDEN n'ajoute ni commentaire ni interprétation.

Les biologistes gardent la main sur le contenu ; les médecins gardent la main sur l'interprétation.

Voyez le rendu côté patient dans la démonstration : [LIEN]"
21;2027-03-05;Ven;X;"Compte X EDEN";EN;non;193;"Lire un résultat";"EDEN shows what the lab validated: value, unit, reference range, and a flag when a value is out of range. No diagnosis, no advice. Interpretation stays with the doctor. #Cameroon #DigitalHealth"
22;2027-03-08;Lun;X;"Compte X EDEN";FR;non;236;"Celles qui font tourner les établissements";"8 mars. Dans les laboratoires, les accueils et les services de soins, ce sont très souvent des femmes qui tiennent la maison. Un bon outil numérique se reconnaît à une chose : il leur rend du temps au lieu d'en prendre. #8Mars #Cameroun"
22;2027-03-09;Mar;LinkedIn;"Profil LinkedIn personnel";FR;non;693;"Celles qui font tourner les établissements";"En ce 8 mars, je pense à celles qu'on ne voit pas sur les organigrammes et qui font tourner les établissements de santé : secrétaires, techniciennes de laboratoire, majors, caissières.

Ce sont elles qui cherchent le résultat égaré, qui répondent pour la dixième fois que « ce n'est pas encore prêt », qui calment le patient pressé.

Quand on conçoit un logiciel de santé, on parle beaucoup aux directeurs. Je crois qu'il faut d'abord écouter ces professionnelles. Elles savent précisément où le temps se perd.

Mon engagement pour EDEN : aucune fonctionnalité qui ajoute du travail à l'accueil sans lui en retirer davantage. Si ce n'est pas le cas dans votre établissement, je veux le savoir."
22;2027-03-10;Mer;X;"Compte X EDEN";FR;non;225;"Celles qui font tourner les établissements";"Cette semaine aussi, Journée mondiale du rein (11 mars). Créatinine, bilan rénal : des analyses que l'on répète et que l'on compare. Les retrouver toutes au même endroit aide le patient et son médecin. [LIEN]"
22;2027-03-11;Jeu;LinkedIn;"Page LinkedIn EDEN";FR;non;484;"Celles qui font tourner les établissements";"Journée internationale des droits des femmes.

EDEN salue les professionnelles des accueils, des laboratoires et des services d'imagerie du Cameroun.

Notre contribution est concrète : moins d'appels pour savoir si un résultat est prêt, moins d'enveloppes à classer et à retrouver, moins de tension au comptoir.

Si vous travaillez à l'accueil d'un établissement et que vous avez une idée pour améliorer la remise des résultats, écrivez-nous. Les meilleures idées viennent du terrain."
22;2027-03-12;Ven;X;"Compte X EDEN";EN;non;195;"Celles qui font tourner les établissements";"This week: International Women's Day and World Kidney Day. In most labs and front desks, women keep things running. A good digital tool gives them time back instead of taking more. #IWD #Cameroon"
23;2027-03-15;Lun;X;"Compte X EDEN";FR;non;225;"Le journal : qui a fait quoi";"« Qui a généré ce QR code ? Qui a validé ce rattachement ? Quand la clé a-t-elle été changée ? » Dans EDEN, ces questions ont une réponse : le journal de l'établissement enregistre chaque opération sensible. #Cameroun #eSanté"
23;2027-03-16;Mar;LinkedIn;"Profil LinkedIn personnel";FR;non;680;"Le journal : qui a fait quoi";"La confiance ne se décrète pas. Elle se vérifie.

C'est pourquoi EDEN tient un journal de toutes les opérations sensibles d'un établissement : QR code généré ou annulé, dossier rattaché, rattachement retiré, médecin ajouté, clé d'accès renouvelée, données reçues, résultat consulté par un médecin.

À chaque ligne : la date, l'auteur, l'action, la cible.

À quoi cela sert-il ? À répondre vite quand un patient pose une question. À comprendre ce qui s'est passé en cas d'erreur. À montrer, le jour où on vous le demande, que vous savez ce qui se passe avec les données de vos patients.

Un journal ne rend pas un système infaillible. Il le rend explicable, et c'est déjà beaucoup."
23;2027-03-17;Mer;X;"Compte X EDEN";FR;non;227;"Le journal : qui a fait quoi";"Le journal d'un établissement dans EDEN enregistre notamment : QR code généré, dossier rattaché, rattachement retiré, médecin rattaché, nouvelle clé d'API, données reçues, résultat consulté par un médecin. Date, auteur, action."
23;2027-03-18;Jeu;LinkedIn;"Page LinkedIn EDEN";FR;non;527;"Le journal : qui a fait quoi";"La traçabilité, fonction par fonction.

Chaque établissement dispose dans EDEN d'un journal de ses opérations sensibles.

On y lit, par exemple : « QR code généré », « Dossier rattaché », « Rattachement retiré », « Nouvelle clé d'API », « Données reçues », « Résultat consulté par un médecin », avec la date et l'auteur.

Ce journal est consultable par les administrateurs de l'établissement, à tout moment.

C'est un outil de gestion autant que de conformité : il répond aux questions avant qu'elles ne deviennent des litiges."
23;2027-03-19;Ven;X;"Compte X EDEN";EN;non;192;"Le journal : qui a fait quoi";"Who issued that QR code? Who approved that link? When was the API key rotated? In EDEN, each facility has an audit log that answers those questions: date, author, action. #Cameroon #HealthTech"
24;2027-03-22;Lun;X;"Compte X EDEN";FR;non;221;"Ne pas perdre le patient en route";"Cette semaine, Journée mondiale de lutte contre la tuberculose (24 mars). Entre le prélèvement et le traitement, il y a le résultat. Chaque jour d'attente compte, pour le patient comme pour son entourage. #Cameroun #Santé"
24;2027-03-23;Mar;LinkedIn;"Profil LinkedIn personnel";FR;non;710;"Ne pas perdre le patient en route";"Dans tout parcours de soins, il y a un moment fragile : celui où le patient doit revenir.

Revenir chercher un résultat. Revenir le montrer au médecin. Revenir commencer un traitement. À chaque retour, certains ne reviennent pas : trop loin, trop cher, trop de travail, ou simplement la peur.

Je ne prétends pas qu'un outil numérique règle cela. Mais il supprime au moins un retour, celui du papier. Et quand le résultat est dans le téléphone du patient, il est plus difficile de l'ignorer.

En cette semaine de lutte contre la tuberculose, je pense à tous les programmes de santé qui se battent contre les « perdus de vue ». Raccourcir le chemin entre l'examen et son résultat, c'est modeste, et c'est utile."
24;2027-03-24;Mer;X;"Compte X EDEN";FR;non;229;"Ne pas perdre le patient en route";"Un résultat publié dans EDEN est disponible dans le compte du patient dès que l'établissement l'envoie. Pas de délai de mise sous enveloppe, pas d'attente à un guichet. Le temps gagné va à la consultation. [LIEN]"
24;2027-03-25;Jeu;LinkedIn;"Page LinkedIn EDEN";EN;non;497;"Ne pas perdre le patient en route";"Shortening the path between a test and its result.

This week marks World Tuberculosis Day. In any care pathway, the weak point is the moment a patient has to come back: to collect a result, to show it to a doctor, to start treatment.

EDEN removes one of those return trips. As soon as a facility publishes a validated result, it is available in the patient's account.

We do not claim that software solves loss to follow-up. We do believe that fewer trips mean fewer patients lost along the way."
24;2027-03-26;Ven;X;"Compte X EDEN";FR;non;168;"Ne pas perdre le patient en route";"Laboratoires : quel est votre délai moyen entre la validation d'un résultat et le moment où le patient l'a réellement en main ? Le mesurez-vous ? #Cameroun #Laboratoire"
25;2027-03-29;Lun;X;"Compte X EDEN";FR;non;206;"Vérifier l'identité au rattachement";"Et si quelqu'un scanne le QR code d'un autre ? Si l'e-mail utilisé n'est pas celui que l'établissement connaît, le rattachement attend. L'accueil vérifie l'identité, puis valide ou refuse. #Cameroun #eSanté"
25;2027-03-30;Mar;LinkedIn;"Profil LinkedIn personnel";FR;non;768;"Vérifier l'identité au rattachement";"On me demande souvent : « Et si la facture tombe entre de mauvaises mains ? » La question est légitime, et la réponse tient en trois verrous.

Premier verrou : le QR code ne sert qu'une fois. Dès qu'il est utilisé, il est mort.

Deuxième verrou : si l'adresse e-mail de la personne qui scanne n'est pas celle que l'établissement a enregistrée pour ce dossier, rien n'est rattaché. La demande passe « en attente ».

Troisième verrou : c'est un être humain, à l'accueil, qui valide après avoir vérifié une pièce d'identité.

Et si un dossier a été rattaché par erreur, l'administrateur le retire en un clic et génère un nouveau code.

Aucune sécurité n'est absolue. Celle-ci repose sur ce qui fonctionne déjà dans vos établissements : quelqu'un qui connaît ses patients."
25;2027-03-31;Mer;X;"Compte X EDEN";FR;non;243;"Vérifier l'identité au rattachement";"Rattachement immédiat si l'e-mail du compte est celui du dossier. Sinon, demande « en attente » jusqu'à validation par l'établissement. Un dossier déjà rattaché ne peut pas l'être une seconde fois par quelqu'un d'autre. [LIEN]"
25;2027-04-01;Jeu;LinkedIn;"Page LinkedIn EDEN";FR;non;500;"Vérifier l'identité au rattachement";"Rattacher un dossier, sans se tromper de personne.

Le QR code remis au patient est à usage unique et expire après un délai que l'établissement choisit.

Si l'e-mail du patient correspond à celui du dossier, le rattachement est immédiat.

Sinon, la demande apparaît dans l'espace d'administration, onglet Rattachements. L'accueil vérifie l'identité du patient, puis valide ou refuse.

Un rattachement fait par erreur se retire en un clic. Toutes ces opérations figurent au journal de l'établissement."
25;2027-04-02;Ven;X;"Compte X EDEN";EN;non;208;"Vérifier l'identité au rattachement";"What if someone else scans the QR code? If the email does not match the one on file, nothing is linked: the request waits until the front desk checks the patient's ID and approves it. #Cameroon #DigitalHealth"
26;2027-04-05;Lun;X;"Compte X EDEN";FR;non;236;"Six mois : le point d'étape";"Cette semaine, Journée mondiale de la santé (7 avril). Six mois après le lancement d'EDEN, une conviction intacte : le résultat d'un examen fait partie du soin. Le rendre accessible, c'est soigner un peu mieux. #JournéeMondialeDeLaSanté"
26;2027-04-06;Mar;LinkedIn;"Profil LinkedIn personnel";FR;oui;546;"Six mois : le point d'étape";"Six mois d'EDEN. Un point d'étape, chiffres à l'appui.

Établissements rencontrés : [NOMBRE]. Démonstrations faites : [NOMBRE]. Essais en cours : [NOMBRE].

Ce que j'ai appris de plus important : [VOTRE LEÇON].

Ce que j'ai changé en conséquence : [VOTRE DÉCISION].

Ce que je cherche pour les six prochains mois : des établissements prêts à essayer pendant 60 jours, et des médecins prêts à dire ce qui leur manque.

Merci à toutes les personnes qui ont pris le temps de me recevoir. Chaque rendez-vous, même sans suite, a rendu EDEN plus juste."
26;2027-04-07;Mer;X;"Compte X EDEN";FR;non;216;"Six mois : le point d'étape";"Notre programme d'essai reste simple : installation offerte, 60 jours accompagnés, aucun engagement à la sortie. Si vous dirigez un laboratoire, un centre d'imagerie ou une clinique, un message suffit pour en parler."
26;2027-04-08;Jeu;LinkedIn;"Page LinkedIn EDEN";FR;non;547;"Six mois : le point d'étape";"Journée mondiale de la santé, 7 avril.

La santé, ce sont des soignants, des équipements, des médicaments. C'est aussi une information qui arrive à temps : le bon résultat, chez le bon patient, puis chez le bon médecin.

EDEN travaille sur ce dernier point. Résultats de laboratoire, d'imagerie et d'exploration, factures : dans un seul compte, pour le patient, quel que soit l'établissement.

Aux professionnels de santé du Cameroun : merci pour ce que vous faites chaque jour. Notre métier est de vous faire gagner un peu de temps pour le faire."
26;2027-04-09;Ven;X;"Compte X EDEN";EN;non;190;"Six mois : le point d'étape";"World Health Day is this week. A test result is part of care. Getting it to the patient, and then to the doctor, without an extra trip is a small step that matters. #WorldHealthDay #Cameroon"
27;2027-04-12;Lun;X;"Compte X EDEN";FR;non;216;"Brancher son logiciel à EDEN";"« Faut-il changer de logiciel de laboratoire pour utiliser EDEN ? » Non. Votre logiciel reste en place : il envoie à EDEN les résultats validés, et EDEN les remet au patient. Chacun son métier. #Laboratoire #Cameroun"
27;2027-04-13;Mar;LinkedIn;"Profil LinkedIn personnel";FR;non;782;"Brancher son logiciel à EDEN";"Une crainte revient chez les directeurs : « Encore un logiciel à apprendre, encore une double saisie. »

Je la comprends, et j'ai construit EDEN pour l'éviter. EDEN ne remplace pas le logiciel du laboratoire, de la radiologie ou de la clinique. Il se branche dessus.

Concrètement, le logiciel de l'établissement envoie à EDEN, par une connexion sécurisée, les dossiers des patients, les résultats validés et les factures. Personne ne ressaisit rien.

Ce branchement est un travail d'informaticien, pas d'utilisateur. Il se fait une fois, et se teste avec des données fictives avant toute mise en service.

Si votre établissement a un prestataire informatique, c'est à lui que je parle en premier. Ma promesse est simple : une documentation claire et un jeu de test prêt à l'emploi."
27;2027-04-14;Mer;X;"Compte X EDEN";FR;non;218;"Brancher son logiciel à EDEN";"Pour les informaticiens : EDEN reçoit des JSON en HTTPS, authentifiés par une clé d'API. Cinq natures de données : patients, laboratoire, imagerie, exploration, factures. Renvoyer le même code met à jour, sans doublon."
27;2027-04-15;Jeu;LinkedIn;"Page LinkedIn EDEN";FR;non;551;"Brancher son logiciel à EDEN";"Comment votre logiciel parle à EDEN.

Votre logiciel envoie les données, EDEN les publie. Aucune double saisie.

Cinq envois possibles : dossiers patients, résultats de laboratoire, résultats d'imagerie, explorations fonctionnelles, factures.

Chaque appel est authentifié par la clé d'API de votre établissement.

Les envois sont répétables sans risque : un élément renvoyé avec le même code est mis à jour, pas dupliqué.

Un jeu de données de test est fourni pour valider le branchement avant d'y mettre de vrais patients. Documentation sur demande."
27;2027-04-16;Ven;X;"Compte X EDEN";EN;non;178;"Brancher son logiciel à EDEN";"""Do we have to replace our lab software?"" No. Your system stays. It sends validated results to EDEN, and EDEN delivers them to the patient. No double entry. #Cameroon #HealthTech"
28;2027-04-19;Lun;X;"Compte X EDEN";FR;non;204;"Le paludisme et le temps du résultat";"Cette semaine, Journée mondiale de lutte contre le paludisme (25 avril). Pour l'examen le plus demandé du pays, le résultat ne devrait jamais attendre le patient derrière un comptoir. #Paludisme #Cameroun"
28;2027-04-20;Mar;LinkedIn;"Profil LinkedIn personnel";FR;non;725;"Le paludisme et le temps du résultat";"Au Cameroun, tout le monde connaît le chemin du laboratoire pour une goutte épaisse. C'est sans doute l'examen qui rythme le plus la vie des familles.

Et c'est un examen pour lequel on revient, on attend, on rappelle. Multiplié par le nombre de patients d'une journée ordinaire, cela représente des heures d'accueil.

Je ne confonds pas les rôles : l'urgence médicale se traite avec le soignant, pas avec une application. Mais pour tous les résultats qui attendent simplement d'être remis, le téléphone du patient est le chemin le plus court.

En cette semaine de lutte contre le paludisme, un mot pour les techniciens de laboratoire qui lisent des lames toute la journée : votre travail mérite d'arriver vite à destination."
28;2027-04-21;Mer;X;"Compte X EDEN";FR;non;208;"Le paludisme et le temps du résultat";"EDEN publie le résultat avec la date de validation et le nom de celui qui l'a validé. Le patient sait quand le résultat a été signé, et par qui. C'est le même document, sans le trajet. [LIEN]"
28;2027-04-22;Jeu;LinkedIn;"Page LinkedIn EDEN";EN;non;531;"Le paludisme et le temps du résultat";"Malaria tests are part of everyday life in Cameroon, and so are the queues to collect results.

This week marks World Malaria Day. Emergencies belong with clinicians, not with an app. But for the many results that are simply waiting to be handed over, the patient's phone is the shortest route.

With EDEN, a validated result is published to the patient's account with its validation date and the name of the person who signed it.

To the lab technicians reading slides all day: your work deserves to reach its destination quickly."
28;2027-04-23;Ven;X;"Compte X EDEN";FR;non;164;"Le paludisme et le temps du résultat";"Techniciens de laboratoire : combien de fois par jour vous interrompt-on pour demander si un résultat est sorti ? Un chiffre, en commentaire. #Laboratoire #Cameroun"
29;2027-04-26;Lun;X;"Compte X EDEN";FR;non;241;"Le travail invisible de l'accueil";"Samedi 1er mai, Fête du Travail. Hommage à un travail qu'on ne compte jamais : chercher un résultat dans une pile, répondre « pas encore », calmer une file. Le temps de l'accueil est précieux. Il mérite de meilleurs outils. #1erMai #Cameroun"
29;2027-04-27;Mar;LinkedIn;"Profil LinkedIn personnel";FR;non;740;"Le travail invisible de l'accueil";"En cette semaine du 1er mai, parlons d'un travail que personne ne mesure.

Dans un établissement de santé, l'accueil fait bien plus qu'accueillir. Il classe, cherche, rappelle, explique, encaisse, et absorbe l'impatience de tout le monde.

Une grande part de ce temps tient à la remise des résultats : trouver l'enveloppe, vérifier que c'est la bonne personne, répondre au téléphone que ce n'est pas prêt.

Ce travail n'apparaît dans aucun tableau de bord. Il fatigue pourtant les équipes et allonge les files.

Quand je présente EDEN, je ne promets pas de supprimer des postes. Je promets de rendre du temps à des personnes qui en manquent, pour qu'elles le consacrent aux patients présents. Bonne fête à tous les travailleurs de la santé."
29;2027-04-28;Mer;X;"Compte X EDEN";FR;non;192;"Le travail invisible de l'accueil";"Dans EDEN, quand un patient appelle pour savoir si son résultat est prêt, la réponse est déjà dans son téléphone. L'accueil répond moins au téléphone et davantage aux personnes en face de lui."
29;2027-04-29;Jeu;LinkedIn;"Page LinkedIn EDEN";FR;non;576;"Le travail invisible de l'accueil";"Fête du Travail : ce que le numérique doit aux équipes d'accueil.

Un outil utile ne remplace pas les personnes. Il retire les tâches répétitives qui les empêchent de faire leur vrai métier.

Avec EDEN : moins d'enveloppes à préparer, à classer et à retrouver ; moins d'appels pour savoir si un résultat est prêt ; moins de résultats qui dorment dans une armoire.

Et un écran simple pour les quelques gestes qui restent : remettre un QR code, valider un rattachement.

Bonne Fête du Travail aux équipes des laboratoires, centres d'imagerie, cliniques et hôpitaux du Cameroun."
29;2027-04-30;Ven;X;"Compte X EDEN";EN;non;197;"Le travail invisible de l'accueil";"Labour Day. A tribute to work nobody counts: searching a pile for one result, answering ""not ready yet"", calming a queue. Front-desk time is precious. It deserves better tools. #Cameroon #LabourDay"
30;2027-05-03;Lun;X;"Compte X EDEN";FR;non;238;"FHIR, expliqué simplement";"HL7 FHIR, c'est une langue commune pour que les logiciels de santé se comprennent. Si votre logiciel la parle, il peut envoyer ses résultats à EDEN sans développement sur mesure. Sinon, EDEN a aussi son propre format, plus simple. #eSanté"
30;2027-05-04;Mar;LinkedIn;"Profil LinkedIn personnel";FR;non;801;"FHIR, expliqué simplement";"Un mot technique revient dans les appels d'offres des hôpitaux : l'interopérabilité. Derrière ce mot, une idée simple.

Aujourd'hui, chaque logiciel de santé range les informations à sa façon. Pour que deux logiciels échangent, il faut un traducteur, et chaque traducteur se paie.

HL7 FHIR est un standard international qui propose une langue commune : un patient, un compte rendu, une observation, une facture ont une forme convenue.

EDEN accepte cette langue. Un logiciel qui sait produire du FHIR peut lui envoyer ses données sans travail spécifique. Et pour les logiciels qui ne le parlent pas, EDEN propose un format maison, volontairement simple.

Pourquoi j'insiste : choisir des outils qui respectent des standards, c'est éviter de se retrouver prisonnier d'un fournisseur. Y compris de moi."
30;2027-05-05;Mer;X;"Compte X EDEN";FR;non;204;"FHIR, expliqué simplement";"EDEN accepte le standard HL7 FHIR R4 : Patient, DiagnosticReport, Observation, Invoice. Un Bundle complet ou une ressource seule. Les catégories LAB, RAD et IMG sont reconnues et classées automatiquement."
30;2027-05-06;Jeu;LinkedIn;"Page LinkedIn EDEN";FR;non;561;"FHIR, expliqué simplement";"Deux façons d'envoyer des données à EDEN.

Le format EDEN : des JSON simples, un point d'accès par nature de donnée. Idéal pour un logiciel maison ou un développement rapide.

Le standard HL7 FHIR R4 : Patient, DiagnosticReport, Observation, Invoice. Idéal pour les logiciels qui l'exportent déjà et pour les projets hospitaliers qui exigent l'interopérabilité.

Une même clé d'API sert aux deux.

Une troisième méthode, l'import de comptes rendus PDF avec relecture avant publication, est en préparation pour les établissements dont le logiciel n'exporte rien."
30;2027-05-07;Ven;X;"Compte X EDEN";EN;non;198;"FHIR, expliqué simplement";"HL7 FHIR is a shared language for health software. If your system speaks it, it can send results to EDEN with no custom work. If not, EDEN also has a simpler JSON format. #FHIR #Cameroon #HealthTech"
31;2027-05-10;Lun;X;"Compte X EDEN";FR;non;236;"Les infirmiers et le résultat";"Cette semaine, Journée internationale des infirmières et infirmiers (12 mai). Dans les services, ce sont eux qui courent après les résultats pour le médecin. Un résultat disponible sans courir, c'est du temps de soin retrouvé. #Cameroun"
31;2027-05-11;Mar;LinkedIn;"Profil LinkedIn personnel";FR;non;763;"Les infirmiers et le résultat";"Dans un service hospitalier, qui va chercher les résultats au laboratoire ? Souvent un infirmier, parfois un aide-soignant, quelquefois le garde-malade lui-même.

Ce trajet entre le service et le laboratoire, répété plusieurs fois par jour, est du temps de soin perdu. Personne ne l'a choisi : il s'est installé faute d'autre circuit.

EDEN a d'abord été pensé pour les patients externes, ceux qui viennent au laboratoire et repartent. Mais la même logique vaut pour les patients suivis par un médecin : le résultat partagé arrive dans l'espace du médecin, sans intermédiaire.

En cette semaine qui leur est consacrée, je veux saluer les infirmières et les infirmiers. Si le numérique a un sens dans la santé, c'est celui de leur épargner les kilomètres inutiles."
31;2027-05-12;Mer;X;"Compte X EDEN";FR;non;216;"Les infirmiers et le résultat";"Un résultat partagé par le patient apparaît dans l'espace du médecin, dans la rubrique « Résultats reçus », quel que soit l'établissement d'origine. Le médecin n'attend plus l'enveloppe pour préparer sa consultation."
31;2027-05-13;Jeu;LinkedIn;"Page LinkedIn EDEN";FR;non;448;"Les infirmiers et le résultat";"12 mai : merci aux infirmières et aux infirmiers.

Dans les services, ils sont le lien entre le laboratoire, le médecin et le patient. Et trop souvent, ce lien se fait à pied, un résultat à la main.

EDEN fait circuler l'information autrement : le résultat validé va dans le compte du patient, qui peut le partager avec son médecin.

Moins d'allers-retours, moins de papiers égarés, plus de temps pour le soin. C'est notre façon de leur dire merci."
31;2027-05-14;Ven;X;"Compte X EDEN";EN;non;193;"Les infirmiers et le résultat";"International Nurses Day is this week. On the wards, nurses are often the ones chasing results for the doctor. Every result that arrives without the chase is care time recovered. #IND #Cameroon"
32;2027-05-17;Lun;X;"Compte X EDEN";FR;non;226;"L'unité, au sens propre";"Jeudi 20 mai, Fête nationale. De Kousséri à Kribi, de Buea à Bertoua, un patient devrait pouvoir retrouver ses résultats, où qu'il ait fait son examen. C'est aussi cela, un pays qui tient ensemble. Bonne fête. #20Mai #Cameroun"
32;2027-05-18;Mar;LinkedIn;"Profil LinkedIn personnel";FR;non;736;"L'unité, au sens propre";"Cette semaine réunit deux dates : la Journée mondiale de l'hypertension, le 17 mai, et notre Fête nationale, le 20.

L'hypertension est l'exemple même d'un suivi au long cours : des bilans répétés, à comparer dans le temps. Pour cela, il faut retrouver les anciens.

La Fête nationale, elle, me rappelle une réalité camerounaise : on naît dans une région, on étudie dans une autre, on travaille dans une troisième. Les examens médicaux suivent ces déplacements et se dispersent.

Un compte unique, qui rassemble les résultats quel que soit l'établissement, répond aux deux.

EDEN a été construit ici, pour cette réalité-là. Je le dis sans chauvinisme : les outils conçus pour nos usages n'ont pas à être importés. Bonne fête de l'Unité."
32;2027-05-19;Mer;X;"Compte X EDEN";FR;non;235;"L'unité, au sens propre";"Cette semaine, Journée mondiale de l'hypertension (17 mai). Un bilan se lit mieux à côté du précédent. Dans EDEN, les résultats restent rangés par date dans le compte du patient, prêts à être montrés au médecin. [LIEN]"
32;2027-05-20;Jeu;LinkedIn;"Page LinkedIn EDEN";EN;non;512;"L'unité, au sens propre";"National Day, 20 May.

People in Cameroon are born in one region, study in another and work in a third. Their medical tests follow them and end up scattered.

EDEN gathers results in a single account, whichever facility produced them, in whichever city.

This week also marks World Hypertension Day: a reminder that long-term conditions are managed by comparing results over time. That only works when past results can be found.

EDEN was built in Cameroon, for how people here actually live. Happy National Day."
32;2027-05-21;Ven;X;"Compte X EDEN";FR;non;151;"L'unité, au sens propre";"Patients : dans combien de villes différentes avez-vous déjà fait des examens médicaux ? Et où sont ces résultats aujourd'hui ? #Cameroun #Santé #20Mai"
33;2027-05-24;Lun;X;"Compte X EDEN";FR;non;239;"Trois façons de démarrer";"Votre logiciel sait exporter ? Il se branche à EDEN. Il parle FHIR ? Encore plus simple. Il n'exporte rien ? L'import de comptes rendus PDF, avec relecture avant publication, est en préparation. Chaque établissement a son chemin. #Cameroun"
33;2027-05-25;Mar;LinkedIn;"Profil LinkedIn personnel";FR;non;800;"Trois façons de démarrer";"Tous les établissements ne sont pas équipés de la même façon, et je ne veux pas vendre EDEN à ceux qu'il ne peut pas servir aujourd'hui.

Trois situations.

Vous avez un logiciel de laboratoire ou de gestion qui peut envoyer des données : le branchement se fait avec votre informaticien, en quelques jours.

Vous êtes dans un projet hospitalier qui exige des standards : EDEN parle HL7 FHIR R4.

Votre logiciel n'exporte rien, ou vous travaillez surtout avec des comptes rendus PDF : une fonction d'import est développée et sera ouverte après validation par des biologistes. Je préfère vous le dire maintenant plutôt que de vous faire signer pour une fonction pas encore disponible.

La bonne question à me poser n'est pas « est-ce que ça marche ? », mais « est-ce que ça marche avec ce que j'ai ? »."
33;2027-05-26;Mer;X;"Compte X EDEN";FR;non;218;"Trois façons de démarrer";"Avant tout rendez-vous, une seule question à préparer : « Quel logiciel utilisez-vous pour vos résultats, et peut-il exporter des données ? » La réponse décide du chemin de mise en service. Parlons-en en message privé."
33;2027-05-27;Jeu;LinkedIn;"Page LinkedIn EDEN";FR;non;495;"Trois façons de démarrer";"Quel chemin pour votre établissement ?

1. Logiciel capable d'envoyer des données : branchement par API, au format EDEN.

2. Logiciel compatible HL7 FHIR R4 : envoi direct, sans développement spécifique.

3. Pas d'export possible : l'import de comptes rendus PDF est en préparation. Chaque compte rendu sera relu par votre équipe avant publication.

Lors du premier échange, nous identifions votre situation en dix minutes et nous vous disons franchement si EDEN peut vous servir dès maintenant."
33;2027-05-28;Ven;X;"Compte X EDEN";EN;non;185;"Trois façons de démarrer";"Three ways to connect a facility to EDEN: a simple JSON API, HL7 FHIR R4, and, in preparation, PDF report import with human review before anything is published. #Cameroon #DigitalHealth"
34;2027-05-31;Lun;X;"Compte X EDEN";FR;non;243;"La clé d'API, un secret bien gardé";"Chaque établissement a une clé d'API pour envoyer ses données à EDEN. Elle n'est affichée qu'une fois. EDEN n'en conserve que l'empreinte : même nous ne pouvons pas la relire. Perdue ? On en génère une autre, l'ancienne meurt aussitôt. #eSanté"
34;2027-06-01;Mar;LinkedIn;"Profil LinkedIn personnel";FR;non;722;"La clé d'API, un secret bien gardé";"Un mot sur un sujet aride mais décisif : les clés d'accès.

Pour que le logiciel d'un établissement envoie ses données à EDEN, il doit prouver son identité. Il le fait avec une clé secrète, propre à l'établissement.

Trois règles gouvernent cette clé. Elle n'est montrée qu'une seule fois, au moment où elle est créée. EDEN n'en garde que l'empreinte, pas la clé elle-même. Et dès qu'on en génère une nouvelle, l'ancienne cesse de fonctionner.

Conséquence : si un prestataire quitte l'établissement, on change la clé et son accès disparaît dans la seconde.

Cela paraît technique. C'est en réalité une question de gouvernance : savoir qui peut envoyer des données au nom de votre établissement, et pouvoir le lui retirer."
34;2027-06-02;Mer;X;"Compte X EDEN";FR;non;202;"La clé d'API, un secret bien gardé";"La clé d'API d'un établissement ne donne accès qu'à ses propres données. Elle ne permet ni de lire les comptes des patients, ni de voir les autres établissements. Et chaque envoi est inscrit au journal."
34;2027-06-03;Jeu;LinkedIn;"Page LinkedIn EDEN";FR;non;460;"La clé d'API, un secret bien gardé";"Bonnes pratiques pour la clé d'API de votre établissement.

La conserver côté serveur uniquement : jamais dans une page web, une application mobile ou un dépôt de code.

Ne jamais l'envoyer par messagerie instantanée ou par e-mail en clair.

La renouveler au départ d'un prestataire, ou au moindre doute : l'ancienne cesse aussitôt de fonctionner.

Toujours appeler l'API en HTTPS.

Ces règles sont rappelées dans la documentation remise à votre informaticien."
34;2027-06-04;Ven;X;"Compte X EDEN";EN;non;209;"La clé d'API, un secret bien gardé";"Each facility has one API key to send data to EDEN. It is shown once. We only store its fingerprint, so even we cannot read it back. Lost it? Generate a new one; the old one dies instantly. #Cameroon #Security"
35;2027-06-07;Lun;X;"Compte X EDEN";FR;non;205;"Le médecin prescripteur";"Médecins : vos patients font leurs examens dans dix laboratoires différents. Avec EDEN, les résultats qu'ils vous partagent arrivent au même endroit, lisibles, datés, avec leurs normes. #Médecine #Cameroun"
35;2027-06-08;Mar;LinkedIn;"Profil LinkedIn personnel";FR;non;748;"Le médecin prescripteur";"On parle beaucoup du patient et de l'établissement. Il y a un troisième acteur sans lequel rien n'a de sens : le médecin qui a prescrit l'examen.

Aujourd'hui, il découvre le résultat en consultation, quand le patient le lui tend. S'il manque une page, si le patient a oublié l'enveloppe, la consultation est à refaire.

Avec EDEN, le patient partage son résultat avant de venir. Le médecin le lit à l'avance, dans un espace qui rassemble ce que tous ses patients lui ont partagé, quel que soit le laboratoire.

Je veux être clair sur ce que cela ne fait pas : EDEN n'envoie rien au médecin sans que le patient l'ait décidé.

Si vous êtes médecin et que vous lisez ceci, votre avis m'intéresse particulièrement. Qu'attendriez-vous d'un tel espace ?"
35;2027-06-09;Mer;X;"Compte X EDEN";FR;non;213;"Le médecin prescripteur";"Côté médecin dans EDEN : une rubrique « Résultats reçus » qui rassemble les résultats partagés par les patients, tous établissements confondus. Laboratoire, imagerie, exploration : même présentation, même endroit."
35;2027-06-10;Jeu;LinkedIn;"Page LinkedIn EDEN";FR;non;528;"Le médecin prescripteur";"Aux médecins prescripteurs.

Vos patients vous apportent leurs résultats sur papier, quand ils y pensent. EDEN propose un autre circuit.

Le patient partage le résultat de son choix avec vous, depuis son téléphone. Vous le retrouvez dans votre espace, avec les valeurs, les unités, les normes et le nom du validateur.

Tous les résultats partagés par vos patients sont au même endroit, quel que soit l'établissement qui les a produits.

Vous voulez voir à quoi cela ressemble ? Écrivez-nous pour une présentation de dix minutes."
35;2027-06-11;Ven;X;"Compte X EDEN";EN;non;183;"Le médecin prescripteur";"Doctors: your patients use ten different labs. With EDEN, the results they choose to share with you land in one place: readable, dated, with reference ranges. #Cameroon #DigitalHealth"
36;2027-06-14;Lun;X;"Compte X EDEN";FR;non;217;"Don de sang et drépanocytose";"Cette semaine, Journée mondiale du donneur de sang (14 juin) et Journée mondiale de la drépanocytose (19 juin). Deux causes où l'on répète les analyses et où l'on doit pouvoir retrouver les anciennes. #Cameroun #Santé"
36;2027-06-15;Mar;LinkedIn;"Profil LinkedIn personnel";FR;non;758;"Don de sang et drépanocytose";"Deux journées mondiales se suivent cette semaine, et toutes deux parlent à beaucoup de familles camerounaises : celle du donneur de sang, le 14 juin, et celle de la drépanocytose, le 19.

Je ne suis pas médecin et je ne donnerai aucun conseil médical. Je veux seulement souligner un point d'organisation.

Vivre avec une maladie chronique, c'est accumuler des bilans. Des dizaines, sur des années, dans plusieurs établissements, parfois dans plusieurs villes.

Ces documents sont l'histoire médicale de la personne. Les perdre, c'est repartir de zéro à chaque nouveau médecin.

Un compte où ils se rangent d'eux-mêmes, au fil des examens, ne soigne personne. Mais il évite de perdre ce que les examens précédents ont déjà appris. À tous les donneurs : merci."
36;2027-06-16;Mer;X;"Compte X EDEN";FR;non;237;"Don de sang et drépanocytose";"Dans EDEN, les résultats restent dans le compte du patient, classés par date et par établissement. L'établissement fixe la durée pendant laquelle le détail reste consultable. Le papier, lui, se perd sans prévenir. [LIEN]"
36;2027-06-17;Jeu;LinkedIn;"Page LinkedIn EDEN";EN;non;578;"Don de sang et drépanocytose";"This week: World Blood Donor Day (14 June) and World Sickle Cell Day (19 June).

Both matter to many families in Cameroon. Living with a long-term condition means collecting test results for years, across several facilities and sometimes several cities.

Those documents are a person's medical history. Losing them means starting from scratch with every new doctor.

EDEN keeps published results in the patient's account, sorted by date and by facility. It does not treat anyone. It helps make sure that what earlier tests revealed is not lost.

To every blood donor: thank you."
36;2027-06-18;Ven;X;"Compte X EDEN";FR;non;165;"Don de sang et drépanocytose";"Patients suivis au long cours : où rangez-vous vos anciens résultats d'analyses ? Une chemise, un carton, des photos dans le téléphone ? Dites-nous. #Cameroun #Santé"
37;2027-06-21;Lun;X;"Compte X EDEN";FR;non;230;"Une mise en service, étape par étape";"Mettre EDEN en service dans un établissement : 1. créer l'espace ; 2. brancher le logiciel ou préparer les dossiers ; 3. tester avec des données fictives ; 4. former l'accueil ; 5. remettre les premiers QR codes. #Cameroun #eSanté"
37;2027-06-22;Mar;LinkedIn;"Profil LinkedIn personnel";FR;non;767;"Une mise en service, étape par étape";"« Combien de temps pour démarrer ? » C'est la deuxième question qu'on me pose, juste après le prix.

Ma réponse honnête : cela dépend moins d'EDEN que de votre logiciel et de la disponibilité de votre informaticien.

Voici les étapes. Création de l'espace de l'établissement et de ses administrateurs : quelques minutes. Branchement du logiciel : c'est l'étape variable. Essais avec des données fictives : une demi-journée. Formation de l'accueil : une séance. Premiers QR codes remis à de vrais patients : dès le lendemain.

Je recommande toujours de commencer petit : un seul service, ou une seule journée par semaine, pendant deux semaines. On observe, on corrige, puis on généralise.

Un démarrage prudent vaut mieux qu'un lancement en fanfare suivi d'un abandon."
37;2027-06-23;Mer;X;"Compte X EDEN";FR;non;212;"Une mise en service, étape par étape";"Avant de recevoir un seul vrai patient, EDEN se teste avec un jeu de données fictives : des dossiers, des résultats, des factures payées et impayées. On vérifie tout sur un établissement de test, puis on bascule."
37;2027-06-24;Jeu;LinkedIn;"Page LinkedIn EDEN";FR;non;488;"Une mise en service, étape par étape";"Les cinq étapes d'une mise en service.

1. Création de votre espace et de vos comptes administrateurs.

2. Branchement de votre logiciel, avec votre informaticien.

3. Essais sur des données fictives, dans un établissement de test.

4. Formation de votre accueil : une séance, sur vos postes ou vos téléphones.

5. Démarrage progressif : un service ou quelques patients par jour, puis généralisation.

À chaque étape, un interlocuteur unique. Parlons de votre calendrier en message privé."
37;2027-06-25;Ven;X;"Compte X EDEN";EN;non;209;"Une mise en service, étape par étape";"Going live with EDEN in five steps: create the facility space, connect your software, test with fictional data, train the front desk, hand out the first QR codes. Start small, then scale. #Cameroon #HealthTech"
38;2027-06-28;Lun;X;"Compte X EDEN";FR;non;198;"La saison des pluies";"Saison des pluies : routes coupées, embouteillages, motos à l'arrêt. Traverser la ville sous l'orage pour un papier, puis le protéger sous sa chemise. Il existe un chemin plus sec. #Douala #Cameroun"
38;2027-06-29;Mar;LinkedIn;"Profil LinkedIn personnel";FR;non;709;"La saison des pluies";"Ceux qui vivent à Douala savent ce que veut dire « il pleut ». La ville ralentit, certains quartiers deviennent difficiles d'accès, et un trajet de vingt minutes peut en prendre quatre-vingt-dix.

Dans ces conditions, retourner au laboratoire pour un résultat devient une expédition. Beaucoup remettent au lendemain, puis au surlendemain. Le résultat attend, le rendez-vous médical aussi.

C'est un argument que je n'aurais pas trouvé dans un manuel de marketing. Il vient du quotidien : le climat et la circulation font partie du parcours de soins.

Un résultat disponible sur le téléphone ne dépend ni de la pluie ni des embouteillages. C'est banal à dire. Pour un patient qui habite loin, cela change tout."
38;2027-06-30;Mer;X;"Compte X EDEN";FR;non;232;"La saison des pluies";"Un résultat EDEN se consulte avec une connexion ordinaire, sur le navigateur du téléphone. Pas de pièce jointe lourde à télécharger, pas d'application à mettre à jour. Pratique quand le réseau est capricieux. [LIEN]"
38;2027-07-01;Jeu;LinkedIn;"Page LinkedIn EDEN";FR;non;487;"La saison des pluies";"Quand la pluie s'installe, les accueils se vident ou débordent, selon l'heure.

Les résultats non retirés s'accumulent, les patients appellent pour savoir s'ils peuvent passer, et ceux qui viennent arrivent tous en même temps, à l'éclaircie.

Un établissement qui publie ses résultats en ligne lisse cette charge : le patient consulte de chez lui et ne se déplace que s'il le faut.

C'est un service rendu à vos patients, et un peu de calme rendu à vos équipes. Présentation sur demande."
38;2027-07-02;Ven;X;"Compte X EDEN";EN;non;197;"La saison des pluies";"Rainy season in Douala: flooded roads, gridlock, bikes off the street. Crossing town in a storm for a sheet of paper, then keeping it dry under your shirt. There is a drier route. #Douala #Cameroon"
39;2027-07-05;Lun;X;"Compte X EDEN";FR;non;183;"Neuf mois : ce que l'essai nous apprend";"Neuf mois d'EDEN. La leçon qui revient le plus : un outil de santé ne se juge pas en réunion, il se juge à l'accueil, un lundi matin. C'est là que nous voulons être. #Cameroun #eSanté"
39;2027-07-06;Mar;LinkedIn;"Profil LinkedIn personnel";FR;oui;561;"Neuf mois : ce que l'essai nous apprend";"Neuf mois après le lancement, voici où nous en sommes, sans arrondir.

Établissements en essai ou clients : [NOMBRE]. Patients rattachés : [NOMBRE]. Résultats publiés : [NOMBRE].

Ce qui a le mieux fonctionné : [VOTRE CONSTAT].

Ce qui a moins bien fonctionné : [VOTRE CONSTAT], et ce que j'ai changé : [VOTRE DÉCISION].

Je publie ces chiffres parce que je crois qu'un jeune éditeur doit montrer ses résultats, même modestes. Ils valent mieux qu'un discours.

Aux établissements qui hésitent encore : venez parler à ceux qui essaient. Je vous mets en relation."
39;2027-07-07;Mer;X;"Compte X EDEN";FR;non;197;"Neuf mois : ce que l'essai nous apprend";"Notre essai dure 60 jours et se termine par un bilan chiffré : patients rattachés, résultats consultés, appels à l'accueil avant et après. Vous décidez sur vos propres chiffres, pas sur les nôtres."
39;2027-07-08;Jeu;LinkedIn;"Page LinkedIn EDEN";FR;non;456;"Neuf mois : ce que l'essai nous apprend";"Ce que mesure un essai EDEN de 60 jours.

Avant : le nombre de résultats non retirés, les appels quotidiens à l'accueil, le temps passé à chercher d'anciens résultats.

Pendant : le nombre de QR codes remis, de patients rattachés, de résultats publiés.

Après : les mêmes mesures qu'avant, pour comparer.

Le bilan vous est remis par écrit. Si les chiffres ne bougent pas, vous arrêtez, sans frais. S'ils bougent, vous savez exactement ce que vous achetez."
39;2027-07-09;Ven;X;"Compte X EDEN";EN;non;188;"Neuf mois : ce que l'essai nous apprend";"Nine months in, one lesson stands out: a health tool is not judged in a meeting room. It is judged at the front desk on a Monday morning. That is where we want to be. #Cameroon #HealthTech"
40;2027-07-12;Lun;X;"Compte X EDEN";FR;non;218;"Les cliniques : un seul portail pour tous les services";"Une clinique, c'est un laboratoire, une radiologie, des explorations, une caisse. Pour le patient : quatre guichets, quatre papiers. EDEN réunit tout dans un seul compte, sous le nom de la clinique. #Clinique #Cameroun"
40;2027-07-13;Mar;LinkedIn;"Profil LinkedIn personnel";FR;non;821;"Les cliniques : un seul portail pour tous les services";"J'ai commencé par les laboratoires parce que le besoin y est le plus net. Les cliniques posent une question plus large.

Dans une clinique, un même patient passe par plusieurs services le même jour : consultation, prélèvement, échographie, caisse. Chaque service produit son document. Le patient repart avec une liasse, ou revient plusieurs fois.

EDEN traite cela comme un tout. Les résultats de laboratoire, les comptes rendus d'imagerie, les explorations fonctionnelles et les factures arrivent dans le même compte, sous le nom de la clinique.

Pour la direction, c'est aussi une image : celle d'un établissement organisé, qui remet un dossier complet plutôt que des feuilles volantes.

La décision y est plus longue qu'en laboratoire, c'est normal. Je conseille de commencer par un seul service, et d'étendre ensuite."
40;2027-07-14;Mer;X;"Compte X EDEN";FR;non;207;"Les cliniques : un seul portail pour tous les services";"Dans EDEN, quatre natures de données pour une clinique : laboratoire, imagerie, exploration fonctionnelle, factures. Un seul espace d'administration, un seul QR code par patient, un seul compte côté patient."
40;2027-07-15;Jeu;LinkedIn;"Page LinkedIn EDEN";EN;non;529;"Les cliniques : un seul portail pour tous les services";"One portal for every department of a clinic.

A clinic is a laboratory, a radiology unit, functional tests and a cashier's desk. For the patient, that often means four counters and four sets of papers.

EDEN brings lab results, imaging reports, functional test reports and invoices into one patient account, under the clinic's name.

One administration space, one QR code per patient, one audit log for the whole facility.

Our advice: start with a single department, measure, then extend. Message us for a 20-minute walkthrough."
40;2027-07-16;Ven;X;"Compte X EDEN";FR;non;187;"Les cliniques : un seul portail pour tous les services";"Directeurs de clinique : combien de documents différents un patient emporte-t-il après une journée chez vous ? Et combien en rapporte-t-il à la consultation suivante ? #Clinique #Cameroun"
41;2027-07-19;Lun;X;"Compte X EDEN";FR;non;233;"Les factures, aussi";"Dans son compte EDEN, le patient retrouve ses résultats et aussi ses factures : montant, part assurance, part patient, reste à payer, détail des examens. Utile pour un remboursement, une note de frais ou un simple contrôle. #Cameroun"
41;2027-07-20;Mar;LinkedIn;"Profil LinkedIn personnel";FR;non;704;"Les factures, aussi";"On pense à EDEN pour les résultats. Les factures comptent presque autant.

Pour le patient, retrouver une facture, c'est pouvoir se faire rembourser par une mutuelle ou un employeur, justifier une dépense, ou simplement vérifier ce qu'il a payé.

Aujourd'hui, la facture papier connaît le même sort que le résultat : pliée, perdue, illisible au bout de quelques mois.

Dans EDEN, chaque facture envoyée par l'établissement s'affiche avec son numéro, sa date, son état, le montant total, la part prise en charge et la part du patient, ainsi que la liste des examens facturés.

C'est aussi, pour l'établissement, une façon d'être clair sur ses prix. La transparence sur la facture est une forme de respect."
41;2027-07-21;Mer;X;"Compte X EDEN";FR;non;232;"Les factures, aussi";"Une facture dans EDEN : numéro, date, état (validée, payée, partiellement payée), montant total, part assurance, part patient, reste à payer, liste des examens. Le patient la retrouve à côté de ses résultats. [LIEN]"
41;2027-07-22;Jeu;LinkedIn;"Page LinkedIn EDEN";FR;non;471;"Les factures, aussi";"Résultats et factures, au même endroit.

Votre logiciel envoie à EDEN les factures de vos patients en même temps que leurs résultats.

Le patient retrouve dans son compte chaque facture, avec son état et son détail.

Ce que cela change pour vous : moins de demandes de duplicata, moins de contestations sur ce qui a été payé, une image de rigueur.

Ce que cela change pour le patient : un justificatif toujours disponible pour sa mutuelle, son assurance ou son employeur."
41;2027-07-23;Ven;X;"Compte X EDEN";EN;non;208;"Les factures, aussi";"Invoices too. In their EDEN account, patients find each invoice next to their results: total, insurer's share, patient's share, balance due, list of tests. Handy for a claim or a refund. #Cameroon #HealthTech"
42;2027-07-26;Lun;X;"Compte X EDEN";FR;non;219;"Dépister, puis transmettre";"Cette semaine, Journée mondiale contre l'hépatite (28 juillet). Se faire dépister est la première étape. La deuxième : que le résultat arrive jusqu'au médecin. Trop de résultats s'arrêtent en chemin. #Hépatite #Cameroun"
42;2027-07-27;Mar;LinkedIn;"Profil LinkedIn personnel";FR;non;726;"Dépister, puis transmettre";"Se faire dépister demande un effort : se décider, se déplacer, payer. Il serait dommage que cet effort s'arrête au guichet.

C'est pourtant ce qui arrive quand le résultat n'est jamais retiré, ou quand il est retiré mais jamais montré à un médecin. L'examen a été fait, payé, et il ne sert à rien.

Je n'ai pas de statistique à citer sur le sujet, et je me méfie de celles qu'on invente. Mais demandez à n'importe quel responsable de laboratoire : l'armoire des résultats non retirés existe partout.

En cette semaine de la Journée mondiale contre l'hépatite, je retiens une idée simple. Un dépistage réussi, ce n'est pas un prélèvement. C'est un résultat lu par un médecin. Tout ce qui raccourcit ce chemin est bon à prendre."
42;2027-07-28;Mer;X;"Compte X EDEN";FR;non;214;"Dépister, puis transmettre";"Avec EDEN, le résultat arrive dans le compte du patient, et un geste suffit pour le partager avec un médecin. Deux étapes qui se perdent souvent en route quand tout repose sur une enveloppe. [LIEN]"
42;2027-07-29;Jeu;LinkedIn;"Page LinkedIn EDEN";FR;non;508;"Dépister, puis transmettre";"28 juillet, Journée mondiale contre l'hépatite.

Le dépistage n'a de valeur que si le résultat est remis, compris et suivi d'une consultation.

EDEN intervient sur le premier maillon : la remise. Le résultat validé est disponible dans le compte du patient, sans déplacement. Le patient peut ensuite le partager avec le médecin de son choix.

Pour un laboratoire, c'est l'assurance que le travail accompli arrive à destination.

Aux équipes engagées dans les campagnes de dépistage : merci pour votre travail."
42;2027-07-30;Ven;X;"Compte X EDEN";EN;non;174;"Dépister, puis transmettre";"World Hepatitis Day is this week. Getting tested is step one. Step two is making sure the result reaches a doctor. Too many results stop halfway. #WorldHepatitisDay #Cameroon"
43;2027-08-02;Lun;X;"Compte X EDEN";FR;non;223;"Résultats et règlement";"Option réglable dans EDEN : le détail des résultats reste masqué tant que la facture n'est pas réglée. Un reste à payer inférieur à 10 % ne bloque pas. À chaque établissement de décider s'il l'active. #Clinique #Laboratoire"
43;2027-08-03;Mar;LinkedIn;"Profil LinkedIn personnel";FR;non;798;"Résultats et règlement";"Voici un sujet délicat, et je préfère l'aborder de front.

Beaucoup d'établissements remettent le résultat contre règlement. C'est leur façon de se faire payer, et je ne la juge pas : un laboratoire qui n'est pas payé ferme.

EDEN reprend cette règle sous forme d'option. Si l'établissement l'active, le patient voit que son résultat existe, mais le détail reste masqué tant que la facture est impayée. Un petit reste à payer, inférieur à 10 % du montant, ne bloque pas.

L'établissement peut aussi choisir de ne pas l'activer du tout.

Mon avis personnel : cette option doit s'utiliser avec discernement, et jamais pour un résultat urgent. Mais elle répond à une réalité économique, et un outil qui l'ignore ne serait pas adopté. Je préfère une règle claire et visible à un arrangement au guichet."
43;2027-08-04;Mer;X;"Compte X EDEN";FR;non;226;"Résultats et règlement";"Le masquage en cas d'impayé se règle dans les paramètres de l'établissement, par une simple case à cocher. Activé ou non, le patient voit toujours que son résultat est disponible : il sait où il en est. [LIEN]"
43;2027-08-05;Jeu;LinkedIn;"Page LinkedIn EDEN";FR;non;544;"Résultats et règlement";"Remise des résultats et règlement : une règle claire.

EDEN propose une option, que chaque établissement active ou non.

Activée : le détail des résultats est masqué tant qu'une facture reste à régler. Le patient voit que le résultat existe et comprend pourquoi il ne peut pas encore l'ouvrir. Un reste à payer inférieur à 10 % du montant ne bloque pas.

Désactivée : tous les résultats publiés sont consultables.

La règle est la même pour tous les patients, appliquée automatiquement. Plus de négociation au guichet, plus d'exception oubliée."
43;2027-08-06;Ven;X;"Compte X EDEN";EN;non;197;"Résultats et règlement";"A configurable option in EDEN: result details stay hidden until the invoice is settled. A balance under 10% does not block access. Each facility decides whether to turn it on. #Cameroon #HealthTech"
44;2027-08-09;Lun;X;"Compte X EDEN";FR;non;224;"Combien de temps un résultat reste-t-il consultable ?";"Dans EDEN, chaque établissement fixe la durée pendant laquelle le détail d'un résultat reste consultable : 90 jours par défaut, réglable. Passé ce délai, le résultat reste listé, avec la mention « Expiré ». #Cameroun #eSanté"
44;2027-08-10;Mar;LinkedIn;"Profil LinkedIn personnel";FR;non;794;"Combien de temps un résultat reste-t-il consultable ?";"« Les résultats restent-ils en ligne pour toujours ? » La réponse est : c'est l'établissement qui décide.

Par défaut, le détail d'un résultat est consultable pendant 90 jours après sa validation. Ensuite, le patient voit toujours que le résultat existe, avec sa date et son établissement, mais le détail n'est plus ouvert.

Pourquoi cette limite ? Parce que tous les établissements n'ont pas la même politique. Certains veulent un accès long, pour le suivi des maladies chroniques. D'autres préfèrent une durée courte, puis une demande à l'accueil.

Je n'ai pas voulu trancher à leur place. La durée se règle dans les paramètres, en nombre de jours.

Mon conseil aux établissements : choisissez une durée, affichez-la à l'accueil, et tenez-vous-y. La clarté vaut mieux que la générosité floue."
44;2027-08-11;Mer;X;"Compte X EDEN";FR;non;208;"Combien de temps un résultat reste-t-il consultable ?";"Trois réglages qu'un établissement maîtrise dans EDEN : la durée d'accès au détail d'un résultat, la durée de validité d'un QR code, et le masquage en cas de facture impayée. Trois décisions, prises une fois."
44;2027-08-12;Jeu;LinkedIn;"Page LinkedIn EDEN";EN;non;580;"Combien de temps un résultat reste-t-il consultable ?";"How long does a result stay available?

In EDEN, each facility decides. By default, result details can be opened for 90 days after validation. After that, the result is still listed, marked as expired, with its date and facility.

The setting is a number of days in the facility's parameters. Some facilities choose a long period for patients with chronic conditions; others prefer a shorter one.

Two more settings are in the facility's hands: how long a QR code stays valid, and whether details are hidden while an invoice is unpaid.

Clear rules, set once, applied to everyone."
44;2027-08-13;Ven;X;"Compte X EDEN";FR;non;153;"Combien de temps un résultat reste-t-il consultable ?";"Laboratoires : pendant combien de temps conservez-vous un résultat non retiré avant de l'archiver ? Trois mois, un an, davantage ? #Laboratoire #Cameroun"
45;2027-08-16;Lun;X;"Compte X EDEN";FR;non;221;"Loin des yeux, près du dossier";"Août, mois des retours au pays. Vous accompagnez un parent pour son bilan pendant vos congés, puis vous repartez. Avec un compte EDEN, il vous montre son résultat à distance, complet, sans photo floue. #Diaspora #Cameroun"
45;2027-08-17;Mar;LinkedIn;"Profil LinkedIn personnel";FR;non;731;"Loin des yeux, près du dossier";"En août, les familles se retrouvent. Ceux qui vivent à l'étranger ou dans une autre ville rentrent, et beaucoup en profitent pour accompagner un parent à l'hôpital.

Puis ils repartent, avant que tous les résultats soient sortis. Commence alors le feuilleton des photos : une page sur deux, prise de travers, envoyée par messagerie.

Avec EDEN, le parent a son compte. Il peut se connecter devant vous lors d'un appel vidéo, ou partager le résultat avec le médecin de famille. Rien ne se perd, rien n'est recopié.

Je précise une limite, par honnêteté : le compte appartient au patient, et c'est à lui de décider ce qu'il montre. EDEN ne crée pas d'accès « pour la famille » à l'insu de la personne. C'est un choix, et je l'assume."
45;2027-08-18;Mer;X;"Compte X EDEN";FR;non;226;"Loin des yeux, près du dossier";"Le compte EDEN est personnel : il appartient au patient, pas à sa famille ni à son employeur. C'est lui qui se connecte, lui qui partage. S'il veut montrer son résultat à un proche, il le fait lui-même. [LIEN]"
45;2027-08-19;Jeu;LinkedIn;"Page LinkedIn EDEN";FR;non;474;"Loin des yeux, près du dossier";"Pour les familles qui vivent à distance.

Quand un parent fait un bilan et que ses enfants vivent ailleurs, le résultat voyage mal : photos partielles, appels, malentendus.

Avec EDEN, le patient consulte son résultat complet sur son téléphone et peut le partager avec son médecin.

Les établissements qui reçoivent des patients accompagnés par des proches de passage le savent : cette clientèle attend un service à la hauteur. Publier les résultats en ligne en fait partie."
45;2027-08-20;Ven;X;"Compte X EDEN";EN;non;209;"Loin des yeux, près du dossier";"August, the season of homecomings. You take a parent for a check-up during your leave, then you fly back. With an EDEN account, they can show you the full result from afar, no blurry photo. #Diaspora #Cameroon"
46;2027-08-23;Lun;X;"Compte X EDEN";FR;non;209;"Chacun chez soi";"Dans EDEN, un laboratoire ne voit jamais les patients d'un autre. Chaque établissement a son espace, ses données, sa clé, son journal. La plateforme est commune, les données sont cloisonnées. #Cameroun #eSanté"
46;2027-08-24;Mar;LinkedIn;"Profil LinkedIn personnel";FR;non;747;"Chacun chez soi";"Une inquiétude que j'entends chez les directeurs : « Si mes concurrents utilisent aussi EDEN, verront-ils mes patients ? »

Non. Et ce n'est pas une promesse commerciale, c'est la façon dont le système est construit.

Chaque établissement dispose de son propre espace. Ses administrateurs ne voient que ses patients, ses rattachements, ses données reçues, son journal. La clé qui permet d'envoyer des données n'ouvre que son propre espace.

Le seul à voir l'ensemble de ses résultats, c'est le patient : c'est son compte, ce sont ses examens.

Je comprends la méfiance. Dans une ville, les établissements se connaissent et se disputent les mêmes patients. EDEN n'est pas un annuaire commun. C'est un service que chacun rend à ses propres patients."
46;2027-08-25;Mer;X;"Compte X EDEN";FR;non;212;"Chacun chez soi";"Un administrateur d'établissement dans EDEN ne voit que son établissement. La clé d'API d'un établissement ne donne accès qu'à ses données. Le patient est le seul à voir, dans son compte, tout ce qui le concerne."
46;2027-08-26;Jeu;LinkedIn;"Page LinkedIn EDEN";FR;non;503;"Chacun chez soi";"Plateforme commune, données séparées.

Ce que voit votre établissement : vos patients, vos rattachements, vos QR codes, vos données reçues, votre journal.

Ce qu'il ne voit pas : les autres établissements, leurs patients, leur activité.

Ce que voit le patient : dans un seul compte, les résultats de chaque établissement auquel son dossier est rattaché, chacun portant le nom de celui qui l'a produit.

Vos données ne sont ni partagées ni comparées. Vous restez maître de la relation avec vos patients."
46;2027-08-27;Ven;X;"Compte X EDEN";EN;non;175;"Chacun chez soi";"In EDEN, one lab never sees another lab's patients. Each facility has its own space, data, key and audit log. The platform is shared; the data is not. #Cameroon #DigitalHealth"
47;2027-08-30;Lun;X;"Compte X EDEN";FR;oui;212;"Des prix affichés";"Nos prix sont publics : mise en service à partir de 75 000 FCFA, abonnement à partir de 25 000 FCFA par mois, selon le volume de résultats publiés. Payable par Mobile Money ou virement. Pas de surprise. #Cameroun"
47;2027-08-31;Mar;LinkedIn;"Profil LinkedIn personnel";FR;oui;773;"Des prix affichés";"J'ai longtemps hésité à afficher les prix d'EDEN. Dans notre milieu, on répond souvent « cela dépend » et on négocie à la tête du client.

J'ai choisi l'inverse, pour trois raisons.

D'abord, le respect du temps de chacun : un directeur doit savoir en dix secondes si EDEN entre dans son budget. Ensuite, l'équité : deux laboratoires de même taille paient le même prix. Enfin, la confiance : un prix caché fait toujours soupçonner le pire.

La grille est simple. Des frais de mise en service, payés une fois, à partir de 75 000 FCFA. Puis un abonnement mensuel à partir de 25 000 FCFA, qui dépend du nombre de résultats publiés. Deux mois offerts pour un paiement annuel.

Si ce prix vous paraît trop élevé, dites-le-moi. Je préfère une objection franche à un silence poli."
47;2027-09-01;Mer;X;"Compte X EDEN";FR;oui;180;"Des prix affichés";"Ce que couvre l'abonnement EDEN : l'hébergement, les mises à jour, l'assistance, la formation des nouveaux membres de l'accueil. Aucun matériel à acheter, aucune licence par poste."
47;2027-09-02;Jeu;LinkedIn;"Page LinkedIn EDEN";FR;oui;489;"Des prix affichés";"La grille tarifaire d'EDEN, en clair.

Mise en service, une fois : à partir de 75 000 FCFA. Elle comprend la création de votre espace, l'aide au branchement et la formation de votre accueil.

Abonnement mensuel : à partir de 25 000 FCFA, selon le nombre de résultats publiés par mois.

Paiement annuel : deux mois offerts.

Règlement par Mobile Money, virement ou chèque.

Pour un devis adapté à votre volume, envoyez-nous le nombre approximatif de résultats que vous remettez chaque mois."
47;2027-09-03;Ven;X;"Compte X EDEN";EN;oui;204;"Des prix affichés";"Our prices are public: setup from 75,000 FCFA, subscription from 25,000 FCFA a month depending on the number of results published. Pay by Mobile Money or bank transfer. No surprises. #Cameroon #HealthTech"
48;2027-09-06;Lun;X;"Compte X EDEN";FR;non;225;"La rentrée";"C'est la rentrée : certificats médicaux, bilans, visites d'aptitude. Les laboratoires tournent à plein, les files s'allongent. La bonne période pour que les résultats se retirent sans passer par le guichet. #Rentrée #Cameroun"
48;2027-09-07;Mar;LinkedIn;"Profil LinkedIn personnel";FR;non;752;"La rentrée";"Septembre met les établissements de santé sous pression. Entre les bilans demandés par les écoles, les visites d'embauche et les retours de congés, les accueils ne désemplissent pas.

Chaque parent qui revient chercher un résultat prend une place dans la file, pose une question, attend une signature. Multipliez par plusieurs dizaines de familles par jour.

C'est typiquement le moment où un outil comme EDEN montre son intérêt : le parent reçoit le résultat sur son téléphone, et ne revient que si un document original est exigé.

C'est aussi un moment où il ne faut surtout pas démarrer un projet : quand tout le monde est débordé, personne n'a le temps d'apprendre.

Mon conseil : préparez en période calme ce qui vous servira en période de pointe."
48;2027-09-08;Mer;X;"Compte X EDEN";FR;non;229;"La rentrée";"Le résultat d'un bilan de rentrée arrive dans le compte EDEN dès sa validation. Le parent ne retourne au laboratoire que si l'école exige un original signé. Un trajet de moins en pleine semaine de rentrée. [LIEN]"
48;2027-09-09;Jeu;LinkedIn;"Page LinkedIn EDEN";EN;non;538;"La rentrée";"Back-to-school season is one of the busiest times of year for laboratories and clinics in Cameroon: medical certificates, check-ups, fitness-for-work visits.

Every parent who returns to collect a result takes a place in the queue.

With EDEN, results are delivered to the patient's account as soon as they are validated. People only come back when an original document is required.

One word of advice to facility managers: do not start a new tool in the middle of a rush. Prepare during quiet weeks what will serve you during peak ones."
48;2027-09-10;Ven;X;"Compte X EDEN";FR;non;148;"La rentrée";"Parents : combien de fois êtes-vous retournés dans un laboratoire ou un centre de santé pour un document de rentrée cette année ? #Rentrée #Cameroun"
49;2027-09-13;Lun;X;"Compte X EDEN";FR;non;229;"La sécurité des patients";"Cette semaine, Journée mondiale de la sécurité des patients (17 septembre). Un résultat remis à la mauvaise personne est une erreur évitable. Identifier le patient, tracer la remise : la sécurité commence là. #SécuritéDesPatients"
49;2027-09-14;Mar;LinkedIn;"Profil LinkedIn personnel";FR;non;765;"La sécurité des patients";"Quand on parle de sécurité des patients, on pense aux erreurs de médicament ou aux infections. On pense moins à une erreur toute simple : remettre le résultat de Madame X à Madame Y.

Deux noms proches, deux enveloppes voisines, un accueil débordé : cela suffit. Les conséquences peuvent être graves, pour celle qui reçoit un résultat qui n'est pas le sien comme pour celle qui ne reçoit pas le sien.

EDEN réduit ce risque de deux façons. Le résultat est attaché à un numéro de dossier, pas à une enveloppe qu'on attrape. Et le rattachement du dossier au compte du patient passe par un code à usage unique, avec validation humaine en cas de doute.

Aucun système n'élimine l'erreur. Mais un bon système la rend plus difficile à commettre et plus facile à détecter."
49;2027-09-15;Mer;X;"Compte X EDEN";FR;non;210;"La sécurité des patients";"Dans EDEN, un dossier déjà rattaché à un compte ne peut pas être rattaché à un autre. Toute tentative est refusée et inscrite au journal de l'établissement. Une erreur de remise laisse une trace, et se corrige."
49;2027-09-16;Jeu;LinkedIn;"Page LinkedIn EDEN";FR;non;487;"La sécurité des patients";"17 septembre, Journée mondiale de la sécurité des patients.

La bonne information, à la bonne personne : c'est une exigence de sécurité autant que de confidentialité.

EDEN y contribue par des règles simples : un QR code à usage unique par dossier, une validation par l'établissement quand l'identité doit être vérifiée, l'impossibilité de rattacher deux fois le même dossier, un journal de toutes les opérations.

Ces règles ne remplacent pas la vigilance des équipes. Elles l'appuient."
49;2027-09-17;Ven;X;"Compte X EDEN";EN;non;187;"La sécurité des patients";"World Patient Safety Day is this week. Handing a result to the wrong person is a preventable error. Identify the patient, trace the handover: safety starts there. #PatientSafety #Cameroon"
50;2027-09-20;Lun;X;"Compte X EDEN";FR;non;225;"Les coupures, et après";"Coupure de courant au laboratoire ? Connexion en panne ? Les résultats déjà publiés restent consultables : ils ne sont pas dans vos ordinateurs. Et les envois en attente reprennent au retour du réseau, sans doublon. #Cameroun"
50;2027-09-21;Mar;LinkedIn;"Profil LinkedIn personnel";FR;non;789;"Les coupures, et après";"Une objection de bon sens : « Chez nous, le courant saute et la connexion aussi. Votre système en ligne va tomber avec. »

Distinguons deux choses.

Les résultats déjà publiés ne sont pas stockés dans les ordinateurs de l'établissement. Si le laboratoire est dans le noir, le patient, lui, consulte toujours son compte depuis son téléphone.

Les résultats pas encore envoyés attendent le retour de la connexion. Le logiciel de l'établissement les renvoie ensuite, et comme chaque envoi porte un code unique, rien n'est créé en double.

Ce que je ne peux pas faire : fournir de l'électricité ou du réseau. Ce que je peux faire : concevoir un service qui supporte l'interruption et reprend proprement.

Dans notre contexte, un outil qui suppose une connexion parfaite est un outil mal conçu."
50;2027-09-22;Mer;X;"Compte X EDEN";FR;non;193;"Les coupures, et après";"Les envois vers EDEN sont répétables : renvoyer un résultat déjà transmis le met à jour, sans créer de doublon. Après une coupure, le logiciel de l'établissement peut tout renvoyer sans risque."
50;2027-09-23;Jeu;LinkedIn;"Page LinkedIn EDEN";FR;non;522;"Les coupures, et après";"Coupures de courant et de réseau : ce qui se passe avec EDEN.

Les résultats déjà publiés restent accessibles aux patients, depuis leur téléphone.

Les envois interrompus reprennent au retour de la connexion. Un résultat renvoyé n'est jamais dupliqué.

L'espace d'administration fonctionne sur téléphone : en cas de panne des postes, l'accueil peut continuer à générer des QR codes avec une simple connexion mobile.

Le service a été pensé pour les conditions réelles de nos établissements, pas pour un monde sans coupure."
50;2027-09-24;Ven;X;"Compte X EDEN";EN;non;197;"Les coupures, et après";"Power cut at the lab? Internet down? Results already published stay available to patients on their phones. Pending uploads resume when the network is back, with no duplicates. #Cameroon #HealthTech"
51;2027-09-27;Lun;X;"Compte X EDEN";FR;non;217;"Le cœur, et la mémoire des bilans";"Cette semaine, Journée mondiale du cœur (29 septembre). Cholestérol, glycémie, tension : un suivi se construit bilan après bilan. Encore faut-il les avoir tous sous la main le jour de la consultation. #Cameroun #Santé"
51;2027-09-28;Mar;LinkedIn;"Profil LinkedIn personnel";FR;non;747;"Le cœur, et la mémoire des bilans";"Je reviens souvent sur la même idée, parce qu'elle me paraît centrale : un résultat isolé parle peu, une série de résultats parle beaucoup.

C'est vrai pour le cœur, le diabète, les reins, et pour toutes les maladies qui s'installent dans la durée.

Or, la série est exactement ce que le papier détruit. Chaque bilan est une feuille à part, rangée ou non, retrouvée ou non. Le médecin compare ce qu'il a sous les yeux, c'est-à-dire souvent une seule feuille.

EDEN ne fait pas de médecine. Il fait de la mémoire : il garde les bilans dans l'ordre, avec leurs dates et leurs valeurs de référence, dans le compte du patient.

En cette semaine de la Journée mondiale du cœur, c'est ma contribution : rappeler que le suivi commence par ne rien perdre."
51;2027-09-29;Mer;X;"Compte X EDEN";FR;non;239;"Le cœur, et la mémoire des bilans";"Un bilan lipidique dans EDEN : chaque valeur avec son unité et ses normes, la date de validation, le nom du laboratoire. Le suivant viendra se ranger à côté. Le patient arrive en consultation avec la série complète. [LIEN]"
51;2027-09-30;Jeu;LinkedIn;"Page LinkedIn EDEN";FR;non;465;"Le cœur, et la mémoire des bilans";"29 septembre, Journée mondiale du cœur.

Le suivi cardiovasculaire repose sur des bilans réguliers, comparés dans le temps.

Pour vos patients réguliers, EDEN conserve dans leur compte les résultats que vous publiez, datés, avec leurs valeurs de référence.

Pour vous, laboratoire ou clinique, c'est un service de fidélité au sens noble : le patient qui retrouve tous ses bilans chez vous a une raison de revenir chez vous.

Présentation en 20 minutes, sur demande."
51;2027-10-01;Ven;X;"Compte X EDEN";EN;non;201;"Le cœur, et la mémoire des bilans";"World Heart Day is this week. Cholesterol, blood sugar, blood pressure: follow-up is built one test after another. It only works if every result is at hand on consultation day. #WorldHeartDay #Cameroon"
52;2027-10-04;Lun;X;"Compte X EDEN";FR;non;189;"Un an";"Un an d'EDEN cette semaine. Merci à celles et ceux qui ont testé, critiqué, conseillé. L'an 2 commence avec le même cap : qu'aucun résultat payé ne reste dans une armoire. #Cameroun #eSanté"
52;2027-10-05;Mar;LinkedIn;"Profil LinkedIn personnel";FR;oui;608;"Un an";"EDEN a un an. Voici le bilan, sans maquillage.

En chiffres : [NOMBRE] établissements utilisateurs, [NOMBRE] patients rattachés, [NOMBRE] résultats publiés.

Ce dont je suis fier : [VOTRE RÉUSSITE].

Ce que j'ai raté : [VOTRE ÉCHEC], et ce que j'en ai tiré : [VOTRE LEÇON].

Ce qui m'a surpris : [VOTRE SURPRISE].

Pour l'an 2, trois priorités : élargir à d'autres villes, mieux servir les cliniques, et ouvrir l'interface en anglais.

Vendre un logiciel de santé seul, au Cameroun, sans budget, est plus lent que je ne l'imaginais. C'est aussi plus instructif. Merci à tous ceux qui m'ont ouvert leur porte."
52;2027-10-06;Mer;X;"Compte X EDEN";FR;non;197;"Un an";"Pour l'an 2 d'EDEN, trois chantiers : plus de villes, un meilleur service aux cliniques, et une interface en anglais. Vous dirigez un établissement et voulez peser sur ces priorités ? Écrivez-nous."
52;2027-10-07;Jeu;LinkedIn;"Page LinkedIn EDEN";EN;non;510;"Un an";"EDEN is one year old.

Our aim has not changed: no result that a patient has paid for should be left in a cupboard.

Over the past year we have focused on laboratories and imaging centres in Douala and Yaoundé. In year two, we want to reach more cities, serve clinics better, and open the interface in English.

To everyone who tried the demo and told us what was missing: thank you. Your feedback shapes what EDEN becomes.

If you run a healthcare facility in Cameroon, the demo is still open and free: [LIEN]"
52;2027-10-08;Ven;X;"Compte X EDEN";FR;non;174;"Un an";"Si vous deviez résumer en une phrase ce qui manque le plus à la remise des résultats médicaux au Cameroun, que diriez-vous ? Nous lisons toutes les réponses. #Cameroun #Santé"
53;2027-10-11;Lun;X;"Compte X EDEN";FR;non;207;"L'an 2 commence";"Octobre rose. Un dépistage, c'est une mammographie, une échographie, parfois une biopsie : plusieurs examens, plusieurs comptes rendus. Les garder ensemble aide à ne pas perdre le fil. #OctobreRose #Cameroun"
53;2027-10-12;Mar;LinkedIn;"Profil LinkedIn personnel";FR;non;771;"L'an 2 commence";"EDEN entre dans sa deuxième année, et je veux commencer par ce qui ne change pas.

Je ne vends pas une technologie. Je vends la fin d'un déplacement inutile, d'une enveloppe perdue, d'un examen refait. Tant que cela restera vrai, la direction sera la bonne.

Ce qui change, en revanche, c'est l'échelle. La première année a servi à faire fonctionner EDEN dans de vrais accueils. La deuxième doit servir à le rendre utile au-delà de deux villes et de deux types d'établissements.

Trois chantiers : les réseaux d'établissements, les autres régions, l'interface en anglais.

Octobre est aussi le mois de la sensibilisation au cancer du sein. Un parcours de dépistage, ce sont plusieurs examens à rassembler. C'est exactement le genre de situation pour laquelle EDEN existe."
53;2027-10-13;Mer;X;"Compte X EDEN";FR;non;229;"L'an 2 commence";"Un parcours de dépistage produit souvent plusieurs comptes rendus, dans plusieurs établissements. Dans EDEN, ils se retrouvent dans le même compte, datés, et la patiente peut les partager avec son médecin. [LIEN]"
53;2027-10-14;Jeu;LinkedIn;"Page LinkedIn EDEN";FR;non;559;"L'an 2 commence";"Octobre rose : faire circuler les comptes rendus.

Un parcours de dépistage ou de suivi passe par plusieurs examens : imagerie, biologie, parfois anatomopathologie. Chaque étape produit un document, dans un établissement différent.

EDEN rassemble dans le compte de la patiente les comptes rendus publiés par les établissements qui l'utilisent. Elle les partage ensuite avec le médecin de son choix.

Centres d'imagerie et laboratoires : en ce mois de sensibilisation, proposer la remise en ligne des comptes rendus est un service concret rendu aux patientes."
53;2027-10-15;Ven;X;"Compte X EDEN";EN;non;213;"L'an 2 commence";"EDEN enters its second year. The goal has not changed: no wasted trip, no lost envelope, no repeated test. What changes is the scale: more cities, facility networks, and an English interface. #Cameroon #HealthTech"
54;2027-10-18;Lun;X;"Compte X EDEN";FR;non;212;"Les réseaux d'établissements";"Un réseau de santé confessionnel ou privé, ce sont dix, vingt, cinquante formations sanitaires. Et des patients qui passent de l'une à l'autre. Un compte unique par patient y prend tout son sens. #Cameroun #Santé"
54;2027-10-19;Mar;LinkedIn;"Profil LinkedIn personnel";FR;non;814;"Les réseaux d'établissements";"Au Cameroun, une grande partie des soins est assurée par des réseaux : œuvres de santé catholiques et protestantes, fondations, groupes privés.

Ces réseaux ont un point commun : un patient y circule. Il consulte dans un centre de santé, fait son examen à l'hôpital du réseau, revient au centre. Et à chaque étape, le papier voyage avec lui, ou ne voyage pas.

Pour un réseau, EDEN apporte deux choses. Au patient, un compte unique où se retrouvent les résultats de toutes les formations du réseau. À la coordination, une même façon de faire partout, avec un espace d'administration par formation.

Je sais que la décision y est collective et qu'elle prend du temps. Je propose donc toujours la même méthode : une formation pilote, deux mois, un bilan chiffré, puis une décision du réseau en connaissance de cause."
54;2027-10-20;Mer;X;"Compte X EDEN";FR;non;189;"Les réseaux d'établissements";"Dans EDEN, chaque formation d'un réseau a son propre espace d'administration. Un même responsable peut en administrer plusieurs et passer de l'une à l'autre par une simple liste déroulante."
54;2027-10-21;Jeu;LinkedIn;"Page LinkedIn EDEN";FR;non;509;"Les réseaux d'établissements";"Aux réseaux de santé confessionnels et privés.

Vos patients circulent entre vos formations sanitaires. Leurs résultats devraient les suivre.

Avec EDEN : un compte unique pour le patient, où apparaissent les résultats de chaque formation de votre réseau ; un espace d'administration par formation ; la possibilité pour un coordinateur d'en administrer plusieurs.

Nous proposons de commencer par une formation pilote, pendant 60 jours, avec un bilan remis à votre coordination. Écrivez-nous pour en discuter."
54;2027-10-22;Ven;X;"Compte X EDEN";EN;non;201;"Les réseaux d'établissements";"A health network means ten, twenty, fifty facilities, and patients who move between them. One patient account across the whole network: that is where EDEN makes the most sense. #Cameroon #DigitalHealth"
55;2027-10-25;Lun;X;"Compte X EDEN";FR;non;218;"Au-delà de Douala et Yaoundé";"Bafoussam, Garoua, Bamenda, Maroua, Buea, Bertoua, Ngaoundéré, Ebolowa : les patients y font aussi des examens, et parcourent souvent plus de kilomètres pour un résultat. EDEN n'est pas réservé à deux villes. #Cameroun"
55;2027-10-26;Mar;LinkedIn;"Profil LinkedIn personnel";FR;non;796;"Au-delà de Douala et Yaoundé";"J'ai commencé par Douala et Yaoundé pour une raison simple : je suis seul, et il faut bien commencer quelque part.

Mais le besoin est plus fort ailleurs. Dans une ville moyenne, le laboratoire le mieux équipé attire des patients de tout le département. Certains font une heure de route à l'aller, une heure au retour, et recommencent pour le résultat.

Pour eux, un résultat en ligne ne fait pas gagner vingt minutes. Il fait gagner une journée et le prix d'un voyage.

EDEN n'a besoin de rien sur place : pas de serveur à installer, pas de technicien à faire venir. La mise en service peut se faire à distance, par appel vidéo, avec l'informaticien de l'établissement.

Si vous dirigez un établissement hors des deux grandes villes, vous êtes exactement ceux que je veux rencontrer cette année."
55;2027-10-27;Mer;X;"Compte X EDEN";FR;non;202;"Au-delà de Douala et Yaoundé";"La mise en service d'EDEN se fait à distance : création de l'espace, branchement, essais, formation de l'accueil par appel vidéo. Aucun matériel à installer sur place. La distance n'est pas un obstacle."
55;2027-10-28;Jeu;LinkedIn;"Page LinkedIn EDEN";FR;non;479;"Au-delà de Douala et Yaoundé";"EDEN dans toutes les régions.

Plus un établissement reçoit de patients venus de loin, plus la remise en ligne des résultats leur est utile.

Notre mise en service ne demande aucune installation sur site : tout se fait à distance, avec votre informaticien ou votre référent.

Laboratoires, centres d'imagerie et cliniques de l'Ouest, du Nord, de l'Est, du Sud, du Nord-Ouest et du Sud-Ouest : la démonstration est ouverte, et nous répondons à vos messages sous 48 heures.

[LIEN]"
55;2027-10-29;Ven;X;"Compte X EDEN";EN;non;202;"Au-delà de Douala et Yaoundé";"Bafoussam, Garoua, Bamenda, Maroua, Buea: patients there often travel much further for a result than in Douala or Yaoundé. EDEN needs nothing on site, so distance is not a barrier. #Cameroon #HealthTech"
56;2027-11-01;Lun;X;"Compte X EDEN";FR;oui;212;"Régler par Mobile Money";"L'abonnement EDEN se règle comme le reste : par Mobile Money, virement ou chèque. Au mois, au trimestre ou à l'année. Une facture pour chaque paiement. Simple à suivre pour votre comptable. #MobileMoney #Cameroun"
56;2027-11-02;Mar;LinkedIn;"Profil LinkedIn personnel";FR;non;732;"Régler par Mobile Money";"Un détail qui n'en est pas un : comment paie-t-on un logiciel au Cameroun ?

Beaucoup de services en ligne étrangers exigent une carte bancaire internationale. Pour un laboratoire de quartier, c'est déjà un obstacle : pas de carte, des frais de change, un prélèvement en devises que le comptable ne sait pas justifier.

J'ai voulu qu'EDEN se paie comme on paie tout ici. En francs CFA, par Mobile Money ou par virement, avec une facture en bonne et due forme.

Cela paraît évident. Ce ne l'est pas : c'est l'une des raisons pour lesquelles des outils pourtant bons ne sont jamais adoptés chez nous.

Construire pour le Cameroun, ce n'est pas seulement traduire. C'est épouser la façon dont les gens paient, communiquent et décident."
56;2027-11-03;Mer;X;"Compte X EDEN";FR;oui;191;"Régler par Mobile Money";"Paiement annuel de l'abonnement EDEN : deux mois offerts. Paiement trimestriel ou mensuel : sans frais supplémentaires. Dans tous les cas, en francs CFA, par Mobile Money, virement ou chèque."
56;2027-11-04;Jeu;LinkedIn;"Page LinkedIn EDEN";EN;oui;475;"Régler par Mobile Money";"Paying for EDEN the way business is done in Cameroon.

No international card, no foreign-currency charge. The subscription is invoiced in CFA francs and can be paid by Mobile Money, bank transfer or cheque.

You choose the rhythm: monthly, quarterly or yearly. Annual payment comes with two months free.

Every payment gets a proper invoice for your accountant.

A tool built for Cameroon has to fit the way people here pay, communicate and decide. That starts with the bill."
56;2027-11-05;Ven;X;"Compte X EDEN";FR;non;187;"Régler par Mobile Money";"Responsables d'établissement : quel est le principal obstacle quand vous voulez payer un service numérique ? La carte bancaire, la devise, la facture, autre chose ? #Cameroun #MobileMoney"
57;2027-11-08;Lun;X;"Compte X EDEN";FR;non;230;"Radiologie et diabète";"Cette semaine, Journée internationale de la radiologie (8 novembre) et Journée mondiale du diabète (14 novembre). Images d'un côté, bilans de l'autre : deux disciplines, un même besoin, que le compte rendu arrive. #Cameroun #Santé"
57;2027-11-09;Mar;LinkedIn;"Profil LinkedIn personnel";FR;non;792;"Radiologie et diabète";"Cette semaine réunit deux journées qui parlent de deux métiers que je côtoie : la radiologie, le 8 novembre, et la biologie à travers la Journée mondiale du diabète, le 14.

Ces deux métiers ont un point commun qu'on oublie : ils ne voient presque jamais la suite. Le radiologue rend son compte rendu, le biologiste valide son bilan, puis le document part, et ils ignorent s'il est arrivé.

Savoir que son travail a été lu, par le patient puis par le médecin, change la relation au métier.

EDEN donne au moins une partie de cette information à l'établissement : il sait quels dossiers sont rattachés et, quand un médecin consulte un résultat partagé, cela s'inscrit au journal.

Aux radiologues et aux biologistes : votre travail mérite d'arriver à destination, et vous méritez de le savoir."
57;2027-11-10;Mer;X;"Compte X EDEN";FR;non;217;"Radiologie et diabète";"Radiologues : EDEN publie le compte rendu, avec l'indication, la technique, le résultat et la conclusion. Les images restent dans votre système. Le patient, lui, a enfin le texte qui compte, sans attendre l'enveloppe."
57;2027-11-11;Jeu;LinkedIn;"Page LinkedIn EDEN";FR;non;478;"Radiologie et diabète";"8 novembre, Journée internationale de la radiologie.

Un examen d'imagerie se termine vraiment quand le compte rendu est lu par le médecin prescripteur.

EDEN raccourcit ce chemin : le compte rendu validé est publié dans le compte du patient, qui le partage avec son médecin.

Pour un centre d'imagerie, c'est aussi une façon de se distinguer auprès des prescripteurs : ils reçoivent vos comptes rendus plus vite et plus lisiblement.

Présentation sur demande, en message privé."
57;2027-11-12;Ven;X;"Compte X EDEN";EN;non;208;"Radiologie et diabète";"This week: International Day of Radiology (8 Nov) and World Diabetes Day (14 Nov). Radiologists and lab scientists rarely see what happens next. Their reports deserve to reach the doctor. #Cameroon #Radiology"
58;2027-11-15;Lun;X;"Compte X EDEN";FR;non;190;"Les hôpitaux : commencer par un service";"Un hôpital ne change pas d'un coup, et il a raison. La bonne porte d'entrée : un service. Le laboratoire, par exemple, pendant deux mois. On mesure, puis l'hôpital décide. #Hôpital #Cameroun"
58;2027-11-16;Mar;LinkedIn;"Profil LinkedIn personnel";FR;non;834;"Les hôpitaux : commencer par un service";"Les hôpitaux publics et confessionnels sont les établissements qui auraient le plus à gagner avec la remise en ligne des résultats : gros volumes, patients venus de loin, accueils saturés.

Ce sont aussi ceux où la décision est la plus longue, et c'est légitime. Un hôpital engage de l'argent public ou celui d'une œuvre, avec des règles à respecter.

Je ne vais donc pas voir un directeur d'hôpital avec un contrat. J'y vais avec une proposition modeste : un seul service, le laboratoire le plus souvent, pendant 60 jours, sans engagement, avec un relevé avant et après.

Si les chiffres sont bons, le dossier se défend tout seul devant le comité de direction. S'ils ne le sont pas, personne n'a perdu de temps ni d'argent.

Aux chefs de service de laboratoire qui lisent ceci : vous êtes souvent les mieux placés pour lancer l'idée."
58;2027-11-17;Mer;X;"Compte X EDEN";FR;non;203;"Les hôpitaux : commencer par un service";"Un essai EDEN dans un hôpital ne demande pas de remplacer le système en place. Il s'y ajoute, sur un périmètre choisi : un service, une catégorie de patients, quelques semaines. Réversible à tout moment."
58;2027-11-18;Jeu;LinkedIn;"Page LinkedIn EDEN";FR;non;479;"Les hôpitaux : commencer par un service";"Hôpitaux publics et confessionnels : une démarche par étapes.

1. Un service pilote, souvent le laboratoire.

2. Un relevé de départ : résultats non retirés, appels, temps d'attente.

3. Soixante jours d'usage réel, sur un périmètre limité.

4. Un bilan écrit, remis à la direction.

5. Une décision, en connaissance de cause.

Cette démarche respecte vos procédures et votre calendrier. Elle n'engage rien tant que vous n'avez pas vos propres chiffres. Contact en message privé."
58;2027-11-19;Ven;X;"Compte X EDEN";EN;non;193;"Les hôpitaux : commencer par un service";"A hospital does not change overnight, and it should not. The right entry point is one department: the laboratory, for two months. Measure, then let the hospital decide. #Cameroon #DigitalHealth"
59;2027-11-22;Lun;X;"Compte X EDEN";FR;non;213;"Former l'accueil";"Former un accueil à EDEN tient en une séance : remettre un QR code, retrouver un patient, valider un rattachement, répondre aux trois questions les plus fréquentes. Le reste s'apprend en faisant. #Cameroun #eSanté"
59;2027-11-23;Mar;LinkedIn;"Profil LinkedIn personnel";FR;non;806;"Former l'accueil";"La formation est le moment où un projet numérique se gagne ou se perd. J'ai appris à la préparer comme un cours, pas comme une démonstration.

Je commence par le « pourquoi » : ce que cela change pour le patient, et ce que cela enlève comme charge à l'accueil. Sans cela, l'outil est vécu comme une contrainte de plus.

Ensuite, quatre gestes, pratiqués par chaque personne sur son propre poste ou son téléphone : générer un QR code, rechercher un patient, valider une demande de rattachement, annuler un code remis par erreur.

Enfin, les questions des patients : « Je n'ai pas d'e-mail », « Je n'ai pas reçu le code », « Je ne vois pas mon résultat ». Pour chacune, une réponse courte, affichée près du poste.

Et je reviens une semaine plus tard. C'est à ce moment-là qu'on découvre les vrais problèmes."
59;2027-11-24;Mer;X;"Compte X EDEN";FR;non;219;"Former l'accueil";"Les trois questions que les patients posent le plus à l'accueil, et qu'il faut préparer : « Je n'ai pas d'e-mail », « Je n'ai pas reçu le code », « Je ne vois pas mon résultat ». Une fiche réponse est fournie avec EDEN."
59;2027-11-25;Jeu;LinkedIn;"Page LinkedIn EDEN";FR;non;474;"Former l'accueil";"Ce que comprend la formation EDEN de votre accueil.

Le sens : pourquoi l'établissement adopte la remise en ligne, et ce que l'équipe y gagne.

Les gestes : générer un QR code, rechercher un patient, valider ou refuser un rattachement, annuler un code.

Les réponses : une fiche pour les questions fréquentes des patients.

Le suivi : un point une semaine après le démarrage, puis à la fin du premier mois.

La formation des nouvelles recrues est comprise dans l'abonnement."
59;2027-11-26;Ven;X;"Compte X EDEN";EN;non;200;"Former l'accueil";"Training a front desk on EDEN takes one session: hand out a QR code, find a patient, approve a link request, answer the three most common questions. The rest is learned by doing. #Cameroon #HealthTech"
60;2027-11-29;Lun;X;"Compte X EDEN";FR;non;194;"Le droit de ne pas être vu";"Mercredi 1er décembre, Journée mondiale de lutte contre le sida. Personne ne devrait renoncer à un test par peur que le résultat soit vu par un voisin, un collègue ou un parent. #Cameroun #Santé"
60;2027-11-30;Mar;LinkedIn;"Profil LinkedIn personnel";FR;non;772;"Le droit de ne pas être vu";"L'an dernier, à la même date, j'écrivais que la confidentialité décide certaines personnes à se faire dépister, ou non. Je le pense toujours, et je veux aller un peu plus loin.

La confidentialité n'est pas qu'une affaire de serrure. C'est une affaire de circuit. Par combien de mains passe un résultat avant d'arriver au patient ? Sur combien de bureaux reste-t-il posé ?

Chaque étape en moins est un risque en moins.

Avec un résultat publié directement dans le compte du patient, le circuit se réduit à deux points : le laboratoire qui valide, la personne qui lit.

Je redis la limite : l'annonce d'un résultat grave doit rester un acte humain, fait par un professionnel. Le numérique n'a pas à s'y substituer. Il doit seulement éviter que le papier fasse des détours."
60;2027-12-01;Mer;X;"Compte X EDEN";FR;non;232;"Le droit de ne pas être vu";"Moins un résultat passe de mains, mieux il est protégé. Dans EDEN, il va du laboratoire au compte du patient, sans enveloppe posée sur un comptoir. Et l'établissement sait, par son journal, ce qui a été fait. [LIEN]"
60;2027-12-02;Jeu;LinkedIn;"Page LinkedIn EDEN";EN;non;548;"Le droit de ne pas être vu";"World AIDS Day, 1 December.

No one should skip a test for fear that a neighbour, a colleague or a relative might see the result.

Confidentiality is about the route a result takes: how many hands it passes through, how many desks it sits on. Every step removed is a risk removed.

With EDEN, a validated result goes from the laboratory to the patient's account. No envelope on a counter.

Delivering difficult news remains a human act, carried out by a professional. Software should not replace it. It should make sure paper does not take detours."
60;2027-12-03;Ven;X;"Compte X EDEN";FR;non;167;"Le droit de ne pas être vu";"Soignants : selon vous, qu'est-ce qui freine le plus les gens à venir chercher un résultat de dépistage ? La distance, le coût, la peur, autre chose ? #Cameroun #Santé"
61;2027-12-06;Lun;X;"Compte X EDEN";FR;non;233;"L'examen refait";"Journée de la couverture sanitaire universelle, ce dimanche 12 décembre. Un examen refait parce que le premier résultat est introuvable, c'est de l'argent en moins pour un vrai soin. La couverture commence par ne rien gaspiller. #CSU"
61;2027-12-07;Mar;LinkedIn;"Profil LinkedIn personnel";FR;non;809;"L'examen refait";"On mesure la couverture santé en nombre de personnes prises en charge. Je propose un autre angle, plus terre à terre : combien d'examens sont payés deux fois ?

Un examen est refait quand le résultat est perdu, quand il est resté dans une autre ville, quand le nouveau médecin ne peut pas lire l'ancien compte rendu, ou quand il n'existe aucune trace qu'il a été fait.

Chacun de ces cas est évitable. Et chacun coûte à une famille le prix d'un deuxième examen, plus le transport, plus le temps.

Je ne connais pas de chiffre national sur le sujet, et je serais reconnaissant à quiconque en possède de me les signaler.

Ce que je sais, c'est que la solution n'exige ni grand programme ni gros budget. Elle exige que le résultat du premier examen reste disponible. C'est précisément ce que fait un compte EDEN."
61;2027-12-08;Mer;X;"Compte X EDEN";FR;non;235;"L'examen refait";"Un résultat conservé dans le compte du patient peut être montré à un nouveau médecin, dans une autre ville, des mois plus tard, dans la limite de la durée fixée par l'établissement. Un examen de moins à refaire. [LIEN]"
61;2027-12-09;Jeu;LinkedIn;"Page LinkedIn EDEN";FR;non;573;"L'examen refait";"Couverture sanitaire universelle : la journée du 12 décembre nous rappelle un enjeu simple.

Protéger les familles contre les dépenses de santé, c'est aussi leur éviter de payer deux fois le même examen.

Un résultat perdu, resté dans une autre ville ou illisible, c'est souvent un examen à refaire.

EDEN conserve les résultats publiés dans le compte du patient et lui permet de les partager avec n'importe quel médecin.

Établissements de santé : chaque résultat qui arrive à destination est une dépense évitée pour vos patients. C'est un argument que vous pouvez porter."
61;2027-12-10;Ven;X;"Compte X EDEN";EN;non;197;"L'examen refait";"UHC Day is this week. A test repeated because the first result cannot be found is money taken from real care. Coverage starts with not wasting what families have already paid for. #UHCDay #Cameroon"
62;2027-12-13;Lun;X;"Compte X EDEN";FR;non;224;"Quand vous avez besoin de nous";"Un logiciel vaut aussi par la réponse qu'on obtient quand il coince. Chez EDEN : un interlocuteur que vous connaissez, une réponse sous 24 heures ouvrées, et un point de suivi chaque mois la première année. #Cameroun #eSanté"
62;2027-12-14;Mar;LinkedIn;"Profil LinkedIn personnel";FR;non;748;"Quand vous avez besoin de nous";"Quand on vend seul, on ne peut pas tricher sur le service : c'est moi qui installe, moi qui forme, moi qui réponds.

J'y vois un avantage. Le directeur d'un laboratoire n'a pas affaire à un centre d'appels. Il a un numéro, une personne, et cette personne connaît son établissement.

Cela m'oblige aussi à être organisé. Chaque demande est notée. Chaque incident reçoit une réponse sous 24 heures ouvrées, même si la réponse est « je cherche ». Et chaque mois, la première année, je fais un point avec le référent de l'établissement, qu'il y ait un problème ou non.

Je sais que cette organisation ne tiendra pas éternellement à une seule personne. Quand le moment viendra de m'entourer, je le dirai aux établissements avant qu'ils ne le découvrent."
62;2027-12-15;Mer;X;"Compte X EDEN";FR;non;197;"Quand vous avez besoin de nous";"En cas de problème avec EDEN, la première vérification est simple : la page d'état du service indique s'il répond et dans quelle version. Ensuite, un message, et une réponse sous 24 heures ouvrées."
62;2027-12-16;Jeu;LinkedIn;"Page LinkedIn EDEN";FR;non;439;"Quand vous avez besoin de nous";"L'assistance EDEN, en clair.

Un interlocuteur unique, qui connaît votre établissement.

Une réponse sous 24 heures ouvrées à toute demande.

Un point de suivi mensuel la première année.

La formation des nouvelles personnes de l'accueil, sans frais.

Les mises à jour, sans intervention de votre part.

Et un engagement : si un incident touche vos données ou la disponibilité du service, vous êtes prévenus par nous, pas par vos patients."
62;2027-12-17;Ven;X;"Compte X EDEN";EN;non;200;"Quand vous avez besoin de nous";"Software is only as good as the answer you get when something breaks. With EDEN: one contact who knows your facility, a reply within one business day, and a monthly check-in during year one. #Cameroon"
63;2027-12-20;Lun;X;"Compte X EDEN";FR;non;211;"Les fêtes, à nouveau";"Les fêtes approchent, les accueils ferment plus tôt, les patients voyagent. Un résultat publié le 24 décembre se lit le 24 décembre, où que l'on soit. Bonnes fêtes à tous les soignants de garde. #Cameroun #Santé"
63;2027-12-21;Mar;LinkedIn;"Profil LinkedIn personnel";FR;non;703;"Les fêtes, à nouveau";"Fin décembre, les établissements de santé vivent à deux vitesses. Les urgences tournent, les soignants de garde tiennent la maison. Et tout ce qui n'est pas urgent s'empile en attendant janvier.

Les résultats font partie de ce qui s'empile. Validés, signés, prêts, mais sans personne pour venir les chercher.

C'est une période que j'aime observer, parce qu'elle montre ce qui dépend vraiment d'une présence humaine et ce qui n'en dépend pas. Soigner, oui. Remettre une feuille, non.

À celles et ceux qui seront de garde pendant que les autres fêtent : merci. Et à tous les établissements : profitez du calme de début janvier pour regarder ce qui pourrait être automatisé sans rien enlever à l'humain."
63;2027-12-22;Mer;X;"Compte X EDEN";FR;non;178;"Les fêtes, à nouveau";"Un résultat validé un jour férié est publié le jour même dans le compte du patient. EDEN ne connaît ni jours fériés ni horaires d'ouverture. Vos équipes, elles, peuvent souffler."
63;2027-12-23;Jeu;LinkedIn;"Page LinkedIn EDEN";FR;non;474;"Les fêtes, à nouveau";"Bonnes fêtes de fin d'année.

Aux équipes des laboratoires, des centres d'imagerie, des cliniques et des hôpitaux qui assureront la continuité pendant les fêtes : merci.

Aux patients qui voyagent : vos résultats publiés sur EDEN vous suivent, où que vous alliez.

Aux établissements qui réfléchissent à la remise en ligne des résultats : janvier est un bon mois pour démarrer, quand l'activité reprend doucement. Nous sommes joignables par message pendant toute la période."
63;2027-12-24;Ven;X;"Compte X EDEN";EN;non;196;"Les fêtes, à nouveau";"The holidays are near. Front desks close early and patients travel. A result published on 24 December can be read on 24 December, anywhere. Happy holidays to every health worker on duty. #Cameroon"
64;2027-12-27;Lun;X;"Compte X EDEN";FR;non;223;"Vœux 2028";"2028. Notre vœu tient en une ligne : que le mot « enveloppe » disparaisse peu à peu du vocabulaire des accueils. Bonne année aux patients, aux soignants et à tous ceux qui font tourner nos établissements de santé. #Cameroun"
64;2027-12-28;Mar;LinkedIn;"Profil LinkedIn personnel";FR;non;737;"Vœux 2028";"En janvier dernier, je proposais une résolution aux directeurs d'établissement : mesurer. Cette année, j'en propose une autre : expliquer.

Un outil numérique échoue rarement pour des raisons techniques. Il échoue parce que personne n'a expliqué aux patients à quoi il sert, ni aux équipes pourquoi on le met en place.

Une affiche à l'accueil. Une phrase de la caissière en remettant la facture. Un mot du biologiste au patient régulier. Ce sont ces gestes minuscules qui font l'adoption.

Je fournis les affiches et les phrases. Mais c'est la voix de l'établissement qui compte : un patient fait confiance à son laboratoire, pas à un logiciel.

Bonne année à toutes et à tous. Que 2028 vous apporte la santé, et un peu moins de papier."
64;2027-12-29;Mer;X;"Compte X EDEN";FR;non;221;"Vœux 2028";"Avec EDEN, chaque établissement reçoit de quoi informer ses patients : une affiche pour l'accueil, un petit mode d'emploi à remettre avec la facture, les phrases clés pour la caisse. L'adoption commence par l'explication."
64;2027-12-30;Jeu;LinkedIn;"Page LinkedIn EDEN";EN;non;581;"Vœux 2028";"Happy New Year from EDEN.

Our wish for 2028: that the word ""envelope"" slowly fades from the vocabulary of front desks across Cameroon.

This year, we will keep working on three things: reaching more regions, serving clinics and facility networks, and making the platform easier to explain to patients.

A digital tool rarely fails for technical reasons. It fails when nobody explains what it is for. That is why every facility we work with receives posters, a short patient guide and front-desk scripts.

To patients, health workers and facility managers: we wish you good health."
64;2027-12-31;Ven;X;"Compte X EDEN";FR;non;183;"Vœux 2028";"Quelle phrase aimeriez-vous ne plus jamais entendre à l'accueil d'un établissement de santé en 2028 ? Nous commençons : « Revenez demain, ce n'est pas encore sorti. » #Cameroun #Santé"
65;2028-01-03;Lun;X;"Compte X EDEN";FR;oui;214;"La feuille de route";"Au programme d'EDEN en 2028 : l'interface en anglais, l'import de comptes rendus PDF pour les établissements sans export, et un meilleur accompagnement des réseaux. Dites-nous ce qui manque à cette liste. #Cameroun"
65;2028-01-04;Mar;LinkedIn;"Profil LinkedIn personnel";FR;oui;838;"La feuille de route";"Je publie la feuille de route d'EDEN pour 2028. Je le fais parce qu'un établissement qui s'abonne a le droit de savoir où va le produit.

Premier chantier : l'anglais. EDEN est aujourd'hui en français. Pour servir correctement le Nord-Ouest, le Sud-Ouest et les anglophones de toutes nos villes, l'interface doit exister dans les deux langues.

Deuxième chantier : l'import de comptes rendus PDF, pour les établissements dont le logiciel n'exporte rien. La fonction est développée ; elle sera ouverte quand le dictionnaire d'analyses aura été validé par des biologistes. Pas avant.

Troisième chantier : les réseaux, avec une vue d'ensemble pour les coordinations.

Ce que je ne promets pas : des dates. Je préfère livrer tard quelque chose de fiable que tôt quelque chose de fragile. Vos priorités peuvent changer l'ordre de cette liste."
65;2028-01-05;Mer;X;"Compte X EDEN";FR;oui;226;"La feuille de route";"Pourquoi l'import PDF d'EDEN n'est pas encore ouvert : chaque valeur extraite doit être fiable. La règle est stricte : une valeur fausse est pire qu'une valeur absente. D'où une relecture humaine obligatoire avant publication."
65;2028-01-06;Jeu;LinkedIn;"Page LinkedIn EDEN";FR;oui;489;"La feuille de route";"Feuille de route 2028.

1. Interface en anglais, pour que les établissements et les patients anglophones utilisent EDEN dans leur langue.

2. Import de comptes rendus PDF, avec relecture obligatoire par l'établissement avant publication, pour ceux dont le logiciel n'exporte pas de données.

3. Outils pour les réseaux d'établissements.

Cette liste est ouverte. Les établissements abonnés sont consultés avant chaque décision. Si vous voulez peser sur l'ordre des priorités, écrivez-nous."
65;2028-01-07;Ven;X;"Compte X EDEN";EN;oui;197;"La feuille de route";"On EDEN's 2028 roadmap: an English interface, PDF report import for facilities whose software cannot export, and better support for facility networks. Tell us what is missing. #Cameroon #HealthTech"
66;2028-01-10;Lun;X;"Compte X EDEN";FR;non;199;"Des données pas comme les autres";"Un numéro de téléphone est une donnée personnelle. Un résultat d'analyse est une donnée sensible. La loi camerounaise de 2024 fait la différence, et vos patients aussi. #DonnéesPersonnelles #Cameroun"
66;2028-01-11;Mar;LinkedIn;"Profil LinkedIn personnel";FR;non;828;"Des données pas comme les autres";"Je consacre les prochaines semaines à un sujet qui ne fait pas rêver, mais qui décidera de la confiance dans la santé numérique chez nous : la protection des données.

Point de départ : toutes les données ne se valent pas. La loi camerounaise du 23 décembre 2024 range les données de santé parmi les données sensibles, avec les données biométriques ou génétiques. Leur traitement est encadré plus strictement que celui d'un simple fichier de clients.

Pour un laboratoire, cela veut dire qu'un résultat d'analyse ne se manipule pas comme un bon de commande. Il faut savoir qui y accède, pourquoi, et pouvoir le montrer.

Je ne suis pas juriste, et je renvoie toujours les établissements vers un conseil pour leur propre mise en conformité. Mon rôle est plus modeste : que l'outil que je fournis ne soit jamais le maillon faible."
66;2028-01-12;Mer;X;"Compte X EDEN";FR;non;196;"Des données pas comme les autres";"Dans EDEN, l'accès à un résultat passe toujours par une connexion nominative : celle du patient, ou celle du médecin à qui il l'a partagé. Pas de lien public, pas de pièce jointe qui se transfère."
66;2028-01-13;Jeu;LinkedIn;"Page LinkedIn EDEN";FR;non;537;"Des données pas comme les autres";"Données de santé : ce que cela implique pour un établissement.

Savoir quelles données il détient, et où.

Limiter l'accès aux personnes qui en ont besoin.

Garder la trace des opérations sensibles.

Encadrer par contrat chaque prestataire qui touche à ces données.

Informer les patients et répondre à leurs demandes.

EDEN apporte des réponses techniques à plusieurs de ces points : cloisonnement, connexion nominative, journal des opérations. La mise en conformité d'ensemble reste l'affaire de chaque établissement, avec son conseil."
66;2028-01-14;Ven;X;"Compte X EDEN";EN;non;173;"Des données pas comme les autres";"A phone number is personal data. A lab result is sensitive data. Cameroon's 2024 data protection law makes the difference, and so do your patients. #DataProtection #Cameroon"
67;2028-01-17;Lun;X;"Compte X EDEN";FR;non;220;"Informer le patient";"Avant de publier un résultat en ligne, dites-le au patient : à quoi sert son e-mail, qui voit ses résultats, comment retirer son accès. Une affiche et une phrase suffisent. La confiance commence par là. #Cameroun #eSanté"
67;2028-01-18;Mar;LinkedIn;"Profil LinkedIn personnel";FR;non;812;"Informer le patient";"La loi parle de consentement et d'information. Dans un accueil, cela se traduit par des choses très simples.

Le patient doit comprendre trois points. Pourquoi on lui demande son adresse e-mail : pour qu'il soit le seul à pouvoir ouvrir ses résultats. Qui voit ses résultats : lui, et le médecin avec qui il choisit de les partager. Ce qu'il peut faire s'il change d'avis : retirer l'établissement de son compte, ou continuer à venir chercher le papier.

Dans EDEN, c'est le patient qui scanne le QR code et qui rattache lui-même son dossier. Ce geste volontaire est un bon point de départ, mais il ne dispense pas d'expliquer.

Mon conseil aux établissements : rédigez une note d'information d'une demi-page, affichez-la, et faites-la valider par votre conseil. C'est un petit effort qui évite de grands ennuis."
67;2028-01-19;Mer;X;"Compte X EDEN";FR;non;204;"Informer le patient";"Dans EDEN, rien n'est rattaché à l'insu du patient : c'est lui qui scanne le QR code et qui confirme le rattachement de son dossier. Et il peut retirer un établissement de son compte quand il le souhaite."
67;2028-01-20;Jeu;LinkedIn;"Page LinkedIn EDEN";FR;non;524;"Informer le patient";"Informer vos patients, concrètement.

Une affiche à l'accueil : « Vos résultats sont disponibles en ligne. Voici comment, et voici qui peut les voir. »

Une phrase à la caisse, en remettant la facture : « Le code en bas vous permet de recevoir vos résultats sur votre téléphone, si vous le souhaitez. »

Une note d'information plus complète, disponible sur demande.

Nous fournissons des modèles pour ces trois supports. Faites-les relire par votre conseil juridique avant de les afficher : ils engagent votre établissement."
67;2028-01-21;Ven;X;"Compte X EDEN";EN;non;202;"Informer le patient";"Before publishing results online, tell the patient: what their email is for, who can see their results, and how to opt out. A poster and one sentence at the cashier's desk. Trust starts there. #Cameroon"
68;2028-01-24;Lun;X;"Compte X EDEN";FR;non;210;"Protéger, c'est aussi savoir répondre";"Vendredi 28 janvier, Journée de la protection des données. Un test simple pour tout établissement : si un patient demande demain qui a consulté son résultat, savez-vous répondre ? #DonnéesPersonnelles #Cameroun"
68;2028-01-25;Mar;LinkedIn;"Profil LinkedIn personnel";FR;non;855;"Protéger, c'est aussi savoir répondre";"À l'occasion de la Journée de la protection des données, je propose un exercice aux responsables d'établissement.

Imaginez qu'un patient se présente et pose quatre questions. Quelles informations avez-vous sur moi ? Qui y a eu accès ? Pouvez-vous corriger une erreur ? Pouvez-vous me retirer de votre système en ligne ?

Si vous savez répondre aux quatre, sans chercher pendant une semaine, vous êtes déjà en avance sur beaucoup.

Si vous ne savez pas, ce n'est pas une honte : presque personne n'a été préparé à ces questions. Mais elles viendront, parce que la loi donne désormais ces droits aux personnes.

Avec EDEN, une partie des réponses est déjà là : la fiche du dossier, le journal des opérations, le retrait d'un rattachement. Le reste relève de l'organisation de l'établissement. Mieux vaut y réfléchir un jour calme qu'un jour de réclamation."
68;2028-01-26;Mer;X;"Compte X EDEN";FR;non;223;"Protéger, c'est aussi savoir répondre";"Quatre questions qu'un patient peut vous poser : quelles données avez-vous sur moi, qui y a accédé, pouvez-vous corriger, pouvez-vous me retirer ? Dans EDEN, le dossier, le journal et le retrait de rattachement y répondent."
68;2028-01-27;Jeu;LinkedIn;"Page LinkedIn EDEN";EN;non;574;"Protéger, c'est aussi savoir répondre";"Data Privacy Day, 28 January.

Here is a simple test for any healthcare facility. If a patient walks in tomorrow and asks four questions, can you answer?

What data do you hold about me? Who has accessed it? Can you correct a mistake? Can you remove me from your online system?

Cameroon's data protection law gives people these rights. EDEN helps with part of the answer: the patient record, the audit log, and the ability to remove a link between a record and an account.

The rest is organisation. Better to think it through on a quiet day than on the day of a complaint."
68;2028-01-28;Ven;X;"Compte X EDEN";FR;non;166;"Protéger, c'est aussi savoir répondre";"Patients : avez-vous déjà demandé à un établissement de santé de corriger une erreur dans votre dossier ? Comment cela s'est-il passé ? #Cameroun #DonnéesPersonnelles"
69;2028-01-31;Lun;X;"Compte X EDEN";FR;non;217;"Ne pas ajouter d'attente à l'attente";"Vendredi 4 février, Journée mondiale contre le cancer. Quand on attend un compte rendu, chaque jour pèse. Le minimum qu'on doive aux patients : qu'un résultat prêt ne reste pas en attente d'un trajet. #Cameroun #Santé"
69;2028-02-01;Mar;LinkedIn;"Profil LinkedIn personnel";FR;non;816;"Ne pas ajouter d'attente à l'attente";"Il y a des attentes qu'on ne peut pas raccourcir : le temps d'une analyse, d'une lecture, d'une validation. Elles font partie de la médecine.

Et il y a des attentes qui ne servent à rien : le compte rendu est prêt, signé, et il attend que quelqu'un vienne le prendre.

Pour une personne qui redoute un résultat, cette seconde attente est la plus injuste. Elle n'apporte rien, sinon de l'angoisse.

Je sais que la remise d'un résultat grave pose une vraie question : faut-il que le patient le lise seul sur son téléphone ? Chaque établissement doit en décider avec ses médecins, et certains choisiront de ne pas publier en ligne certains examens. EDEN laisse ce choix : seul ce que l'établissement envoie est publié.

En cette semaine de la Journée mondiale contre le cancer, c'est la nuance que je voulais apporter."
69;2028-02-02;Mer;X;"Compte X EDEN";FR;non;202;"Ne pas ajouter d'attente à l'attente";"Avec EDEN, l'établissement décide de ce qu'il publie. Certains examens peuvent rester hors ligne et être remis en consultation. L'outil suit la politique médicale de l'établissement, il ne l'impose pas."
69;2028-02-03;Jeu;LinkedIn;"Page LinkedIn EDEN";FR;non;538;"Ne pas ajouter d'attente à l'attente";"4 février, Journée mondiale contre le cancer.

Deux attentes ne se valent pas. Celle de l'analyse est nécessaire. Celle du trajet pour venir chercher un document déjà prêt ne l'est pas.

EDEN supprime la seconde pour les résultats que l'établissement choisit de publier.

Et il respecte la première règle de la médecine : c'est l'équipe médicale qui décide comment un résultat sensible est annoncé. Rien n'est publié sans que l'établissement l'ait envoyé.

Aux équipes d'oncologie, d'imagerie et de biologie : merci pour votre engagement."
69;2028-02-04;Ven;X;"Compte X EDEN";EN;non;195;"Ne pas ajouter d'attente à l'attente";"World Cancer Day is this week. When you are waiting for a report, every day weighs. The least we owe patients: a result that is ready should not be waiting for a trip across town. #WorldCancerDay"
70;2028-02-07;Lun;X;"Compte X EDEN";FR;non;232;"Les métiers de la santé numérique";"Vendredi 11 février, Fête de la Jeunesse. La santé numérique a besoin de développeurs, mais aussi de biologistes qui valident des dictionnaires, de juristes, de formateurs, de gens de terrain. Il y a de la place. #Cameroun #Jeunesse"
70;2028-02-08;Mar;LinkedIn;"Profil LinkedIn personnel";FR;non;844;"Les métiers de la santé numérique";"On me demande parfois comment on « entre dans la e-santé ». Ma réponse déçoit ceux qui attendent un langage de programmation.

Le code est la partie la plus facile. Ce qui manque le plus, ce sont des gens qui comprennent à la fois un accueil d'hôpital et un écran.

Un technicien de laboratoire qui sait expliquer ce qu'est une valeur de référence. Une secrétaire médicale qui sait dire pourquoi un formulaire est mal conçu. Un juriste qui connaît la loi sur les données personnelles. Un commercial qui sait écouter un directeur pendant une heure sans sortir sa brochure.

En cette Fête de la Jeunesse, mon message aux étudiants : ne choisissez pas entre la santé et le numérique. Les deux ont besoin de traducteurs, et c'est un métier d'avenir chez nous.

Si vous cherchez un sujet de stage ou de mémoire dans ce domaine, ma porte est ouverte."
70;2028-02-09;Mer;X;"Compte X EDEN";FR;non;234;"Les métiers de la santé numérique";"Étudiants en biologie médicale, en imagerie, en informatique ou en droit : la démonstration d'EDEN est gratuite et ouverte. Regardez comment un résultat est présenté, et dites-nous ce que vous feriez autrement. [LIEN]"
70;2028-02-10;Jeu;LinkedIn;"Page LinkedIn EDEN";FR;non;550;"Les métiers de la santé numérique";"Fête de la Jeunesse : la santé numérique recrute des profils variés.

Il faut des développeurs, bien sûr. Mais aussi des biologistes pour valider les référentiels d'analyses, des juristes pour la protection des données, des formateurs pour les équipes d'accueil, des personnes de terrain pour écouter les établissements.

EDEN est un projet camerounais, construit ici. Si vous êtes étudiant ou jeune diplômé et que le sujet vous intéresse, écrivez-nous : nous répondons aux demandes d'entretien pour les mémoires et aux propositions de collaboration."
70;2028-02-11;Ven;X;"Compte X EDEN";EN;non;199;"Les métiers de la santé numérique";"Youth Day, 11 February. Digital health needs developers, and also lab scientists, lawyers, trainers and people who know how a hospital front desk really works. There is room for all. #Cameroon #Youth"
71;2028-02-14;Lun;X;"Compte X EDEN";FR;non;237;"Qui est responsable de quoi";"Quand un laboratoire utilise EDEN, c'est lui qui décide ce qui est publié et pour qui : il est responsable du traitement. EDEN agit sur ses instructions, comme sous-traitant. Deux rôles, à écrire noir sur blanc dans un contrat. #Cameroun"
71;2028-02-15;Mar;LinkedIn;"Profil LinkedIn personnel";FR;non;878;"Qui est responsable de quoi";"Une question que les directeurs posent rarement, et qu'ils devraient poser à tous leurs fournisseurs : « En cas de problème avec les données, qui est responsable ? »

La loi distingue deux rôles. Le responsable du traitement décide pourquoi et comment les données sont utilisées : ici, l'établissement de santé. Le sous-traitant agit pour son compte et sur ses instructions : ici, EDEN.

Cette distinction a des conséquences. L'établissement doit encadrer son sous-traitant par un contrat. Le sous-traitant doit protéger les données, n'en faire que ce qui est prévu, et prévenir en cas d'incident.

Je remets donc à chaque établissement un accord écrit sur ces points, en plus du contrat commercial. Si un fournisseur de logiciel de santé ne vous propose rien de tel, demandez-le-lui.

Ce n'est pas de la paperasse. C'est ce qui vous protège le jour où quelque chose tourne mal."
71;2028-02-16;Mer;X;"Compte X EDEN";FR;non;210;"Qui est responsable de quoi";"Ce que l'accord de sous-traitance EDEN précise : quelles données sont traitées, dans quel but, où elles sont hébergées, qui y accède, combien de temps elles sont gardées, et ce qui se passe à la fin du contrat."
71;2028-02-17;Jeu;LinkedIn;"Page LinkedIn EDEN";FR;non;514;"Qui est responsable de quoi";"Le contrat, pièce maîtresse de la confiance.

Avec chaque établissement, EDEN signe deux documents.

Le contrat de service : ce qui est fourni, à quel prix, avec quelle assistance.

L'accord sur les données : les rôles de chacun, les données concernées, les mesures de protection, l'hébergement, la notification en cas d'incident, la restitution ou la suppression en fin de contrat.

Nous vous encourageons à faire relire ces documents par votre conseil. Un fournisseur sérieux n'a rien à craindre d'une relecture."
71;2028-02-18;Ven;X;"Compte X EDEN";EN;non;194;"Qui est responsable de quoi";"When a lab uses EDEN, the lab decides what is published and to whom: it is the data controller. EDEN acts on its instructions, as a processor. Two roles, to be written into a contract. #Cameroon"
72;2028-02-21;Lun;X;"Compte X EDEN";FR;non;225;"Et si quelque chose tourne mal";"Aucun système n'est à l'abri d'un incident. La vraie question : que se passe-t-il ensuite ? Chez EDEN : on coupe l'accès concerné, on prévient l'établissement, on explique par écrit. Sans attendre que cela se sache. #Cameroun"
72;2028-02-22;Mar;LinkedIn;"Profil LinkedIn personnel";FR;non;831;"Et si quelque chose tourne mal";"Je me méfie des éditeurs qui disent « chez nous, c'est sécurisé ». Personne ne peut promettre zéro incident. Ce qu'on peut promettre, c'est une façon de réagir.

Voici la mienne, écrite avant d'en avoir besoin.

Si une clé d'accès est compromise : elle est renouvelée immédiatement, l'ancienne cesse de fonctionner dans la seconde, et le journal permet de voir ce qui a été fait avec.

Si un compte se comporte de façon anormale : il peut être désactivé sur-le-champ.

Si un incident touche les données d'un établissement : il est prévenu par moi, rapidement, avec les faits connus, ce qui est en cours et ce qui reste à établir.

La loi demande de notifier les violations de données. Mais je ne le ferais pas seulement parce que la loi le demande. Un établissement qui apprend un incident par la rumeur ne refait jamais confiance."
72;2028-02-23;Mer;X;"Compte X EDEN";FR;non;203;"Et si quelque chose tourne mal";"Trois réflexes prévus dans EDEN en cas de doute : renouveler la clé d'API (l'ancienne cesse aussitôt de fonctionner), désactiver un compte, consulter le journal pour savoir exactement ce qui s'est passé."
72;2028-02-24;Jeu;LinkedIn;"Page LinkedIn EDEN";EN;non;549;"Et si quelque chose tourne mal";"No system is immune to incidents. What matters is what happens next.

At EDEN, the response is written down before it is needed.

If an API key is exposed, it is rotated at once and the old key stops working immediately.

If an account behaves abnormally, it can be disabled on the spot.

If an incident affects a facility's data, the facility hears it from us first, with the known facts, what is being done, and what is still being established.

Cameroon's law requires data breaches to be notified. Beyond the law, it is simply how trust is kept."
72;2028-02-25;Ven;X;"Compte X EDEN";FR;non;193;"Et si quelque chose tourne mal";"Établissements de santé : votre prestataire informatique vous a-t-il déjà expliqué ce qu'il ferait en cas de fuite de données ? Si la réponse est non, posez la question cette semaine. #Cameroun"
73;2028-02-28;Lun;X;"Compte X EDEN";FR;non;226;"Les droits du patient";"Dans EDEN, le patient garde la main : il rattache lui-même son dossier, choisit le médecin avec qui il partage, modifie ou retire ce partage, et peut retirer un établissement de son compte. C'est son dossier. #Cameroun #eSanté"
73;2028-02-29;Mar;LinkedIn;"Profil LinkedIn personnel";FR;non;823;"Les droits du patient";"On conçoit souvent les logiciels de santé pour les établissements, puisque ce sont eux qui paient. Le patient vient après.

J'ai essayé de faire l'inverse sur un point : le contrôle. Dans EDEN, c'est le patient qui tient les commandes de ce qui le concerne.

Il rattache lui-même son dossier, par un geste volontaire. Il décide de partager un résultat avec un médecin, et peut revenir sur cette décision. Il peut retirer un établissement de son compte : les résultats de cet établissement disparaissent alors de son compte, sans que rien ne soit effacé chez l'établissement.

Ces droits ne sont pas des options cachées. Ils sont dans le menu, à portée de main.

Cela me vaut parfois une remarque : « Et si le patient retire tout ? » Eh bien, il en a le droit. Un service qu'on garde par contrainte n'est pas un bon service."
73;2028-03-01;Mer;X;"Compte X EDEN";FR;non;210;"Les droits du patient";"« Mes établissements », dans le compte EDEN du patient : la liste des établissements rattachés, leur état (rattaché ou en attente), un bouton pour en ajouter un par son code court, un bouton pour en retirer un."
73;2028-03-02;Jeu;LinkedIn;"Page LinkedIn EDEN";FR;non;480;"Les droits du patient";"Ce que le patient peut faire dans son compte EDEN.

Rattacher un dossier, en scannant un QR code ou en saisissant un code court.

Consulter ses résultats et ses factures, établissement par établissement.

Partager un résultat avec un médecin, modifier ou retirer ce partage.

Retirer un établissement de son compte.

Mettre à jour ses informations personnelles.

Pour un établissement, proposer un outil qui respecte ces droits est un argument de confiance auprès de ses patients."
73;2028-03-03;Ven;X;"Compte X EDEN";EN;non;206;"Les droits du patient";"In EDEN, the patient stays in control: they link their own record, choose which doctor to share with, edit or withdraw that share, and can remove a facility from their account. It is their record. #Cameroon"
74;2028-03-06;Lun;X;"Compte X EDEN";FR;non;236;"Du temps rendu";"Mercredi 8 mars. Demandez aux femmes qui tiennent les accueils et les laboratoires ce qu'elles feraient d'une heure de plus par jour. Un bon outil se juge à cette heure-là. Cette semaine aussi : Journée mondiale du rein (9 mars). #8Mars"
74;2028-03-07;Mar;LinkedIn;"Profil LinkedIn personnel";FR;non;826;"Du temps rendu";"L'an dernier, le 8 mars, je parlais de celles qui font tourner les établissements sans figurer sur les organigrammes. Cette année, je veux parler de ce qu'on leur doit : du temps.

Dans beaucoup d'établissements, une part de la journée de l'accueil part dans des tâches que personne n'a choisies : chercher une enveloppe, rappeler un patient, recopier un numéro.

Ce temps-là n'est pas du soin, ni de l'écoute. C'est de la friction.

Quand un établissement adopte la remise en ligne des résultats, la question à se poser n'est pas « combien de postes peut-on supprimer ? ». C'est « que fait-on du temps rendu ? ». Mieux accueillir. Mieux expliquer. Rentrer chez soi à l'heure.

Cette semaine marque aussi la Journée mondiale du rein. Les bilans rénaux se répètent et se comparent : une raison de plus de ne pas les éparpiller."
74;2028-03-08;Mer;X;"Compte X EDEN";FR;non;188;"Du temps rendu";"Un indicateur simple à suivre après la mise en service d'EDEN : le nombre d'appels quotidiens à l'accueil pour savoir si un résultat est prêt. S'il baisse, c'est du temps rendu à l'équipe."
74;2028-03-09;Jeu;LinkedIn;"Page LinkedIn EDEN";FR;non;506;"Du temps rendu";"Journée internationale des droits des femmes.

Dans les accueils et les laboratoires du Cameroun, les femmes sont majoritaires, et leur charge de travail est rarement mesurée.

EDEN s'engage sur un principe : chaque fonction doit retirer plus de travail qu'elle n'en ajoute.

Moins d'enveloppes à préparer, moins d'appels à prendre, moins de recherches dans les archives.

À toutes les professionnelles de santé : bonne journée du 8 mars. Et si l'outil ne tient pas cette promesse chez vous, dites-le-nous."
74;2028-03-10;Ven;X;"Compte X EDEN";EN;non;183;"Du temps rendu";"8 March. Ask the women who run front desks and labs what they would do with one more hour a day. A good tool is measured by that hour. Also this week: World Kidney Day. #IWD #Cameroon"
75;2028-03-13;Lun;X;"Compte X EDEN";FR;non;221;"Vos données restent chez vous";"Ce que vous envoyez à EDEN vient de votre logiciel, et y reste. EDEN en reçoit une copie pour la remettre au patient. Si vous arrêtez demain, vous n'avez rien perdu : vos données sont toujours chez vous. #Cameroun #eSanté"
75;2028-03-14;Mar;LinkedIn;"Profil LinkedIn personnel";FR;non;807;"Vos données restent chez vous";"Une crainte légitime avant de s'abonner à un service en ligne : « Et si je veux partir ? Et si le fournisseur disparaît ? »

Pour EDEN, la réponse tient à l'architecture. Vos résultats naissent dans votre logiciel de laboratoire ou de gestion. Ils y restent. EDEN n'en reçoit qu'une copie, pour une seule tâche : la remettre au patient.

Vous ne dépendez donc pas d'EDEN pour travailler. Si le service s'arrête, vous continuez à produire, valider et imprimer vos résultats comme avant.

Et si vous décidez de partir, votre espace peut être supprimé : données reçues, rattachements, QR codes. Les comptes des patients, eux, leur appartiennent et restent les leurs.

Je préfère qu'un établissement reste parce qu'il y trouve son compte, pas parce qu'il est prisonnier. La réversibilité fait partie du contrat."
75;2028-03-15;Mer;X;"Compte X EDEN";FR;non;197;"Vos données restent chez vous";"Si un établissement quitte EDEN, son espace est supprimé : données reçues, rattachements, QR codes. La suppression est inscrite au journal. Les patients conservent leur compte, qui leur appartient."
75;2028-03-16;Jeu;LinkedIn;"Page LinkedIn EDEN";FR;non;500;"Vos données restent chez vous";"Réversibilité : ce qui se passe si vous arrêtez.

Vos données d'origine sont dans votre logiciel. Elles n'en ont jamais bougé.

EDEN détient une copie des résultats et factures que vous avez choisi de publier.

À la fin du contrat, cette copie est supprimée, avec les rattachements et les QR codes de votre établissement.

Les comptes des patients restent les leurs.

Ces points figurent dans l'accord que nous signons avec vous. Aucun engagement de durée ne vous retient au-delà de la période payée."
75;2028-03-17;Ven;X;"Compte X EDEN";EN;non;201;"Vos données restent chez vous";"What you send to EDEN comes from your own software, and stays there. EDEN receives a copy to deliver to the patient. If you leave tomorrow, you have lost nothing: your data is still with you. #Cameroon"
76;2028-03-20;Lun;X;"Compte X EDEN";FR;non;214;"Le suivi, une affaire de continuité";"Vendredi 24 mars, Journée mondiale de lutte contre la tuberculose. Un traitement long se gagne par la régularité : des contrôles répétés, des résultats qui arrivent, un patient qui ne décroche pas. #Cameroun #Santé"
76;2028-03-21;Mar;LinkedIn;"Profil LinkedIn personnel";FR;non;763;"Le suivi, une affaire de continuité";"Les maladies qui demandent un traitement long ont un ennemi commun : l'usure. Le patient se lasse des trajets, des attentes, des contrôles. Un jour, il ne revient pas.

Les programmes de santé le savent et se battent pour garder le lien.

Je n'ai aucune compétence médicale sur ces sujets. J'observe seulement, de ma place, qu'une partie de cette usure tient à la logistique : venir pour un prélèvement, revenir pour le résultat, revenir pour la consultation.

Chaque trajet supprimé est une occasion de moins de décrocher.

En cette semaine de lutte contre la tuberculose, c'est tout ce que je peux apporter : l'idée que la simplicité du circuit est, elle aussi, une forme de soin. Aux équipes de terrain qui accompagnent ces patients pendant des mois : respect."
76;2028-03-22;Mer;X;"Compte X EDEN";FR;non;216;"Le suivi, une affaire de continuité";"Dans le compte EDEN du patient, les contrôles successifs se rangent par date. Le patient voit qu'il avance dans son suivi, et le médecin retrouve la série sans demander les anciennes feuilles. [LIEN]"
76;2028-03-23;Jeu;LinkedIn;"Page LinkedIn EDEN";EN;non;516;"Le suivi, une affaire de continuité";"World Tuberculosis Day, 24 March.

Long treatments are won through consistency: repeated check-ups, results that arrive, patients who stay engaged.

Part of what wears patients down is logistics. One trip for the sample, one for the result, one for the consultation.

EDEN removes the trip for the result. Follow-up tests appear in the patient's account, in date order, ready to show the doctor.

It is a small contribution next to the work of the field teams who support these patients for months. To them: respect."
76;2028-03-24;Ven;X;"Compte X EDEN";FR;non;160;"Le suivi, une affaire de continuité";"Soignants : sur un traitement long, à quelle étape perdez-vous le plus de patients ? Le prélèvement, le résultat, la consultation de contrôle ? #Cameroun #Santé"
77;2028-03-27;Lun;X;"Compte X EDEN";FR;non;226;"Ce qu'EDEN ne fait pas";"Soyons clairs. EDEN ne fait pas de téléconsultation, ne prend pas de rendez-vous, ne remplace pas votre logiciel de laboratoire et n'interprète aucun résultat. Il remet les résultats et les factures. Il le fait bien. #Cameroun"
77;2028-03-28;Mar;LinkedIn;"Profil LinkedIn personnel";FR;non;833;"Ce qu'EDEN ne fait pas";"Je refuse régulièrement des demandes, et je crois que c'est sain.

« Pouvez-vous ajouter la prise de rendez-vous ? » « Et la téléconsultation ? » « Et la gestion du stock de réactifs ? » Chaque demande est légitime. Chacune est un autre métier.

EDEN fait une chose : remettre au patient ses résultats et ses factures, depuis n'importe quel établissement, et lui permettre de les partager avec son médecin.

Il ne remplace pas le logiciel du laboratoire. Il ne pose aucun diagnostic. Il ne stocke pas les images de radiologie. Il n'envoie pas de SMS.

Je préfère le dire avant la signature qu'après. Un établissement déçu par une promesse floue ne recommande personne. Un établissement qui a eu exactement ce qu'on lui avait annoncé en parle autour de lui.

Faire peu et le faire bien : c'est une stratégie, pas un manque d'ambition."
77;2028-03-29;Mer;X;"Compte X EDEN";FR;non;211;"Ce qu'EDEN ne fait pas";"EDEN complète ce que vous avez déjà. Votre logiciel produit et valide les résultats. Votre système d'imagerie garde les images. EDEN se charge du dernier mètre : remettre le résultat au patient, puis au médecin."
77;2028-03-30;Jeu;LinkedIn;"Page LinkedIn EDEN";FR;non;536;"Ce qu'EDEN ne fait pas";"Ce qu'EDEN fait, et ce qu'il ne fait pas.

Il fait : la remise en ligne des résultats de laboratoire, d'imagerie et d'exploration, et des factures ; le rattachement par QR code ; le partage avec un médecin ; l'administration par établissement ; le journal des opérations.

Il ne fait pas : la téléconsultation, la prise de rendez-vous, la gestion du laboratoire, l'archivage des images, l'interprétation médicale.

Si vous cherchez un outil pour ces besoins, nous vous le dirons franchement, et nous vous orienterons si nous le pouvons."
77;2028-03-31;Ven;X;"Compte X EDEN";EN;non;201;"Ce qu'EDEN ne fait pas";"To be clear: EDEN does not do teleconsultation, book appointments, replace your lab software or interpret results. It delivers results and invoices to patients. It does that well. #Cameroon #HealthTech"
78;2028-04-03;Lun;X;"Compte X EDEN";FR;non;211;"Dix-huit mois";"Cette semaine, Journée mondiale de la santé (7 avril). Dix-huit mois d'EDEN, et une certitude renforcée : la confiance se gagne établissement par établissement, résultat après résultat. #JournéeMondialeDeLaSanté"
78;2028-04-04;Mar;LinkedIn;"Profil LinkedIn personnel";FR;oui;609;"Dix-huit mois";"Dix-huit mois. Le point, comme promis, avec les chiffres.

Établissements utilisateurs : [NOMBRE], dans [NOMBRE] villes. Patients rattachés : [NOMBRE]. Résultats publiés : [NOMBRE].

Le changement le plus important depuis le dernier bilan : [VOTRE CONSTAT].

L'erreur que je ne referais pas : [VOTRE LEÇON].

Ce que les établissements me demandent le plus aujourd'hui : [LEUR DEMANDE].

En cette Journée mondiale de la santé, je mesure le chemin. Il est plus lent que je ne l'espérais, et plus solide que je ne le craignais.

Aux établissements qui nous font confiance : merci. Aux autres : venez leur parler."
78;2028-04-05;Mer;X;"Compte X EDEN";FR;non;192;"Dix-huit mois";"Notre proposition n'a pas changé depuis le premier jour : 60 jours d'essai accompagné, un bilan chiffré, aucune obligation à la sortie. Les établissements décident sur leurs propres résultats."
78;2028-04-06;Jeu;LinkedIn;"Page LinkedIn EDEN";FR;non;473;"Dix-huit mois";"Journée mondiale de la santé, 7 avril.

Un système de santé se renforce par de grands programmes, et aussi par des améliorations modestes, répétées partout : un résultat qui arrive, un examen qu'on ne refait pas, un patient qui n'a pas à revenir.

C'est à cette échelle qu'EDEN travaille, avec les laboratoires, les centres d'imagerie, les cliniques et les hôpitaux qui le souhaitent.

Aux professionnels de santé du Cameroun : bonne journée mondiale de la santé, et merci."
78;2028-04-07;Ven;X;"Compte X EDEN";EN;non;177;"Dix-huit mois";"World Health Day is this week. Eighteen months of EDEN, and one conviction confirmed: trust is earned one facility at a time, one result after another. #WorldHealthDay #Cameroon"
79;2028-04-10;Lun;X;"Compte X EDEN";FR;oui;225;"Les comptes rendus PDF";"Votre logiciel ne sait produire que des PDF ? EDEN sait les lire : il en extrait les valeurs, votre équipe les relit à côté du document d'origine, puis publie. Rien ne part chez le patient sans relecture humaine. #Laboratoire"
79;2028-04-11;Mar;LinkedIn;"Profil LinkedIn personnel";FR;oui;781;"Les comptes rendus PDF";"Beaucoup de laboratoires me disent : « Notre logiciel n'exporte rien. Il imprime, c'est tout. » Pour eux, j'ai travaillé sur une autre porte d'entrée : le compte rendu PDF.

Le principe : l'établissement dépose le PDF. EDEN y repère les analyses, les valeurs, les unités et les normes. Puis une personne de l'établissement relit, le PDF d'origine d'un côté, les valeurs extraites de l'autre, corrige si besoin, et publie.

J'insiste sur la relecture, parce que c'est le cœur du dispositif. Aucune valeur n'est publiée automatiquement. Si le système a un doute, une ligne qu'il ne reconnaît pas ou une valeur improbable, il le signale et attend.

C'est plus lent qu'une publication automatique. C'est voulu. En santé, je préfère une minute de relecture à une erreur chez un patient."
79;2028-04-12;Mer;X;"Compte X EDEN";FR;oui;209;"Les comptes rendus PDF";"L'import PDF d'EDEN en trois temps : dépôt du fichier, relecture des valeurs extraites à côté du PDF d'origine, publication. Le document d'origine est conservé. Tout point douteux est listé avant confirmation."
79;2028-04-13;Jeu;LinkedIn;"Page LinkedIn EDEN";FR;oui;522;"Les comptes rendus PDF";"Pour les établissements dont le logiciel n'exporte pas de données : l'import de comptes rendus PDF.

1. Vous déposez le compte rendu, fichier PDF ou document scanné.

2. EDEN en extrait les analyses, valeurs, unités et normes.

3. Votre équipe relit, le PDF d'origine affiché à côté, et corrige si nécessaire.

4. Vous publiez. Le résultat apparaît dans le compte du patient.

Aucune publication automatique : chaque compte rendu passe par une relecture. Un nombre de fichiers par période est prévu dans chaque abonnement."
79;2028-04-14;Ven;X;"Compte X EDEN";EN;oui;205;"Les comptes rendus PDF";"Your software only produces PDFs? EDEN can read them: it extracts the values, your team reviews them next to the original document, then publishes. Nothing reaches a patient without human review. #Cameroon"
80;2028-04-17;Lun;X;"Compte X EDEN";FR;non;198;"Une valeur fausse est pire qu'une valeur absente";"La règle qui guide EDEN quand il lit un compte rendu : une valeur fausse est pire qu'une valeur absente. Au moindre doute, le document part en relecture au lieu d'être publié. #Laboratoire #Cameroun"
80;2028-04-18;Mar;LinkedIn;"Profil LinkedIn personnel";FR;non;813;"Une valeur fausse est pire qu'une valeur absente";"Lire automatiquement un compte rendu d'analyses paraît simple. C'est un piège.

Deux laboratoires impriment la même hémoglobine de deux façons : l'un en tableau avec une virgule, l'autre en liste avec un point, les normes avant ou après la valeur, l'unité en grammes par décilitre ou par litre. Une virgule perdue, et 10,9 devient 109.

J'ai donc posé une règle au départ : une valeur fausse est pire qu'une valeur absente.

Elle se traduit par des contrôles systématiques. La valeur lue doit exister telle quelle dans le document. Elle doit être plausible pour l'analyse concernée. Le signalement « hors norme » est recalculé à partir des normes. Et si un seul contrôle échoue, le document entier attend une relecture.

On ne publie pas un bilan à moitié : un médecin lirait un résultat incomplet sans le savoir."
80;2028-04-19;Mer;X;"Compte X EDEN";FR;non;213;"Une valeur fausse est pire qu'une valeur absente";"Contrôles appliqués par EDEN à un compte rendu lu automatiquement : analyse connue, valeur numérique, valeur présente dans le document d'origine, valeur plausible, hors norme recalculé, dossier et date identifiés."
80;2028-04-20;Jeu;LinkedIn;"Page LinkedIn EDEN";EN;non;604;"Une valeur fausse est pire qu'une valeur absente";"""A wrong value is worse than a missing one.""

That rule governs how EDEN reads a laboratory report.

Two labs print the same haemoglobin in two ways: a table with a comma, a list with a decimal point, reference ranges before or after the value. One lost comma turns 10.9 into 109.

So every extracted value is checked: it must appear as printed in the original document, be plausible for that test, and match the recalculated out-of-range flag. If a single check fails, the whole report waits for human review.

We never publish half a report. A doctor would read an incomplete result without knowing it."
80;2028-04-21;Ven;X;"Compte X EDEN";FR;non;174;"Une valeur fausse est pire qu'une valeur absente";"Biologistes : quelle est l'erreur de transcription que vous redoutez le plus dans un compte rendu ? La virgule, l'unité, l'inversion de deux patients ? #Laboratoire #Cameroun"
81;2028-04-24;Lun;X;"Compte X EDEN";FR;non;215;"Le résultat le plus attendu";"Mardi 25 avril, Journée mondiale de lutte contre le paludisme. Pour un parent, quelques heures d'attente d'un résultat paraissent une éternité. Le minimum : ne pas y ajouter le trajet du retour. #Paludisme #Cameroun"
81;2028-04-25;Mar;LinkedIn;"Profil LinkedIn personnel";FR;non;776;"Le résultat le plus attendu";"L'an dernier, à cette date, je parlais de la goutte épaisse comme de l'examen qui rythme la vie des familles. Cette année, je pense aux parents.

Quand un enfant a de la fièvre, on ne raisonne pas en termes de « parcours de soins ». On veut savoir, vite. Chaque heure compte, et chaque trajet en plus est une épreuve.

Je redis la limite, parce qu'elle est importante : une urgence se traite sur place, avec un soignant, et aucun outil en ligne ne doit retarder cela.

Mais beaucoup d'examens ne sont pas des urgences. Ce sont des contrôles, des bilans demandés pour le lendemain. Pour ceux-là, attendre à la maison, auprès de l'enfant, vaut mieux qu'attendre sur un banc.

En cette journée mondiale, une pensée pour les familles, et pour les techniciens qui lisent les lames."
81;2028-04-26;Mer;X;"Compte X EDEN";FR;non;217;"Le résultat le plus attendu";"Pour un contrôle prescrit la veille, le parent n'a pas à revenir au laboratoire : le résultat arrive dans son compte EDEN dès la validation. Il le montre ensuite au soignant, sur son téléphone. [LIEN]"
81;2028-04-27;Jeu;LinkedIn;"Page LinkedIn EDEN";FR;non;435;"Le résultat le plus attendu";"25 avril, Journée mondiale de lutte contre le paludisme.

Les urgences se traitent sur place, avec les soignants. EDEN ne s'y substitue pas.

Pour tous les autres examens, contrôles et bilans, la remise en ligne évite aux familles un trajet et une attente.

Laboratoires : ce sont souvent les mêmes patients qui reviennent pour les mêmes examens. Leur éviter le second déplacement est un service qu'ils remarquent, et dont ils parlent."
81;2028-04-28;Ven;X;"Compte X EDEN";EN;non;178;"Le résultat le plus attendu";"World Malaria Day, 25 April. For a parent, a few hours waiting for a result feel like forever. The least we can do is not add the trip back to the lab. #WorldMalariaDay #Cameroon"
82;2028-05-01;Lun;X;"Compte X EDEN";FR;non;226;"Le métier d'accueillir";"1er mai. Accueillir dans un établissement de santé est un métier à part entière : rassurer, orienter, expliquer. Il mérite mieux que de servir de guichet de retrait pour des enveloppes. Bonne Fête du Travail. #1erMai #Cameroun"
82;2028-05-02;Mar;LinkedIn;"Profil LinkedIn personnel";FR;non;745;"Le métier d'accueillir";"On dit « l'accueil » comme on dirait « l'entrée ». C'est pourtant l'un des postes les plus exigeants d'un établissement de santé.

La personne à l'accueil voit arriver l'inquiétude, la fatigue, parfois la colère. Elle doit comprendre vite, répondre juste, et rester aimable à la soixantième personne de la journée.

C'est un métier de relation. Or une grande partie de son temps est absorbée par de la manutention : classer, chercher, tendre un papier.

Ce que j'attends de la remise en ligne des résultats, c'est un accueil rendu à sa vraie fonction.

En ce 1er mai, je voudrais que les directeurs se posent une question : que ferait votre accueil du temps qu'il passe aujourd'hui à chercher des enveloppes ? Bonne fête à tous les travailleurs."
82;2028-05-03;Mer;X;"Compte X EDEN";FR;non;200;"Le métier d'accueillir";"Le temps que l'accueil ne passe plus à chercher une enveloppe, il peut le passer à expliquer une préparation d'examen, orienter un patient perdu ou rassurer une personne inquiète. C'est cela, le gain."
82;2028-05-04;Jeu;LinkedIn;"Page LinkedIn EDEN";FR;non;487;"Le métier d'accueillir";"Fête du Travail.

Le numérique en santé a parfois mauvaise presse auprès des équipes : on craint qu'il supprime des postes ou qu'il ajoute des tâches.

Notre position est claire. EDEN retire des tâches répétitives, pas des personnes. L'accueil garde toute sa place : c'est lui qui remet le QR code, vérifie une identité, explique le service.

Ce qui change, c'est la nature du travail : moins de papier, plus de relation.

Bonne Fête du Travail à toutes les équipes de santé du Cameroun."
82;2028-05-05;Ven;X;"Compte X EDEN";EN;non;197;"Le métier d'accueillir";"Labour Day. Welcoming people in a healthcare facility is a profession in its own right: reassure, guide, explain. It deserves better than being a pick-up counter for envelopes. #LabourDay #Cameroon"
83;2028-05-08;Lun;X;"Compte X EDEN";FR;non;218;"Les soignants et l'information";"Vendredi 12 mai, Journée internationale des infirmières et infirmiers. Un soignant bien informé soigne mieux. Le résultat qui arrive à l'heure fait partie de ses outils de travail, au même titre que le reste. #Cameroun"
83;2028-05-09;Mar;LinkedIn;"Profil LinkedIn personnel";FR;non;715;"Les soignants et l'information";"Dans les services, une plainte revient souvent chez les soignants : on passe plus de temps à chercher l'information qu'à s'en servir.

Je ne suis pas soignant, mais je crois cette phrase vraie dans beaucoup d'endroits.

Le résultat du laboratoire est une de ces informations qu'on cherche. Il est prêt, quelque part. Il faut aller le prendre, ou attendre qu'on l'apporte.

Je sais qu'EDEN, tel qu'il existe aujourd'hui, sert d'abord les patients qui viennent de l'extérieur. Les circuits internes d'un hôpital sont une autre affaire, plus complexe.

Mais le principe est le même partout : l'information doit aller vers le soignant, pas l'inverse. En cette semaine du 12 mai, merci aux infirmières et aux infirmiers."
83;2028-05-10;Mer;X;"Compte X EDEN";FR;non;202;"Les soignants et l'information";"Le médecin qui reçoit un résultat partagé dans EDEN voit le nom du patient, la date de validation, les valeurs, les normes et l'établissement d'origine. Tout ce qu'il faut pour préparer la consultation."
83;2028-05-11;Jeu;LinkedIn;"Page LinkedIn EDEN";FR;non;514;"Les soignants et l'information";"Aux infirmières et aux infirmiers, à l'occasion de leur journée internationale du 12 mai.

Les soignants ont besoin d'une information fiable, au bon moment. Chaque résultat qui arrive sans qu'on ait à le chercher est du temps rendu au soin.

EDEN y contribue pour les patients suivis en consultation : le résultat publié est partagé par le patient avec son médecin, qui le lit avant ou pendant la consultation.

À toutes les infirmières et à tous les infirmiers du Cameroun : merci pour votre engagement quotidien."
83;2028-05-12;Ven;X;"Compte X EDEN";EN;non;175;"Les soignants et l'information";"International Nurses Day is this week. A well-informed caregiver gives better care. A result that arrives on time is one of their working tools, like any other. #IND #Cameroon"
84;2028-05-15;Lun;X;"Compte X EDEN";FR;non;228;"Deux langues, un même service";"Samedi 20 mai, Fête nationale. Français, anglais : un patient doit pouvoir lire ses résultats et utiliser son compte dans la langue où il se sent chez lui. C'est notre chantier de l'année. Bonne fête de l'Unité. #20Mai #Cameroun"
84;2028-05-16;Mar;LinkedIn;"Profil LinkedIn personnel";FR;oui;746;"Deux langues, un même service";"Le 20 mai, on célèbre un pays qui a choisi de vivre avec deux langues officielles. Dans le numérique, ce choix est trop souvent oublié : on construit en français, et l'anglais attend.

Je plaide coupable. EDEN a été construit en français, parce que j'ai commencé par Douala et Yaoundé.

Mais un outil de santé qui se veut national ne peut pas rester monolingue. Un patient de Bamenda ou de Buea doit lire son compte dans sa langue. Une secrétaire de Limbé doit être formée dans la sienne.

Où en est-on : [ÉTAT D'AVANCEMENT DE L'INTERFACE EN ANGLAIS].

Je publie déjà en anglais une partie de mes messages ici. Ce n'est pas suffisant, et je le sais. Cette semaine aussi, Journée mondiale de l'hypertension, le 17 mai. Bonne fête nationale à tous."
84;2028-05-17;Mer;X;"Compte X EDEN";FR;non;189;"Deux langues, un même service";"17 mai, Journée mondiale de l'hypertension. La tension se surveille dans la durée, les bilans qui l'accompagnent aussi. Les garder au même endroit, c'est donner au médecin de quoi comparer."
84;2028-05-18;Jeu;LinkedIn;"Page LinkedIn EDEN";EN;oui;482;"Deux langues, un même service";"National Day, 20 May.

Cameroon chose to live with two official languages. Digital tools too often forget it: built in French first, English later.

EDEN started in French, in Douala and Yaoundé. A health platform that aims to serve the whole country cannot stay monolingual.

Where we stand: [STATUS OF THE ENGLISH INTERFACE].

If you run a facility in the North-West or South-West and want to help us get the wording right, we would be grateful for your input. Happy National Day."
84;2028-05-19;Ven;X;"Compte X EDEN";FR;non;164;"Deux langues, un même service";"Patients et soignants anglophones : quels mots français d'une application de santé vous posent le plus de difficultés ? Aidez-nous à bien traduire. #Cameroun #20Mai"
85;2028-05-22;Lun;X;"Compte X EDEN";FR;non;237;"Dix laboratoires, un seul écran";"Médecins : dans une semaine de consultations, de combien de laboratoires différents viennent les résultats que vous lisez ? Dans EDEN, ceux que vos patients vous partagent arrivent sur un seul écran, présentés de la même façon. #Médecine"
85;2028-05-23;Mar;LinkedIn;"Profil LinkedIn personnel";FR;non;752;"Dix laboratoires, un seul écran";"Chaque laboratoire a sa mise en page. L'un met les normes à droite, l'autre en dessous. L'un signale les anomalies par un astérisque, l'autre en gras.

Un médecin qui lit trente résultats par jour doit, à chaque feuille, retrouver ses repères. C'est une fatigue discrète, et une source d'erreurs.

Dans EDEN, les résultats partagés par les patients sont présentés de manière uniforme : même ordre, mêmes colonnes, même signalement des valeurs hors norme, quel que soit l'établissement d'origine.

Ce n'est pas un détail d'ergonomie. C'est du temps de lecture gagné, et de l'attention rendue à ce qui compte.

Je cherche des médecins prêts à me dire ce qui manque à cet écran. Dix minutes de votre regard valent mieux que dix heures de mes suppositions."
85;2028-05-24;Mer;X;"Compte X EDEN";FR;non;221;"Dix laboratoires, un seul écran";"Dans EDEN, tous les résultats de laboratoire sont présentés de la même façon : analyse, valeur, unité, normes, signalement hors norme. Quel que soit le laboratoire. Le médecin retrouve ses repères d'une feuille à l'autre."
85;2028-05-25;Jeu;LinkedIn;"Page LinkedIn EDEN";FR;non;501;"Dix laboratoires, un seul écran";"Aux médecins : une lecture uniforme des résultats.

Vos patients font leurs examens dans de nombreux établissements, chacun avec sa mise en page.

Dans EDEN, les résultats qu'ils vous partagent ont tous la même présentation : nom de l'analyse, valeur, unité, valeurs de référence, repère pour les valeurs hors norme, nom du validateur, établissement d'origine.

Vous gagnez du temps de lecture. Vos patients arrivent avec un dossier complet.

Pour voir cet écran, écrivez-nous : dix minutes suffisent."
85;2028-05-26;Ven;X;"Compte X EDEN";EN;non;187;"Dix laboratoires, un seul écran";"Doctors: how many different labs do your patients' results come from in a week? In EDEN, the ones they share with you appear on one screen, laid out the same way. #Cameroon #DigitalHealth"
86;2028-05-29;Lun;X;"Compte X EDEN";FR;non;223;"Informaticiens, devenez partenaires";"Vous êtes informaticien ou éditeur d'un logiciel de laboratoire ou de clinique au Cameroun ? Brancher votre logiciel à EDEN prend quelques jours et donne à vos clients la remise en ligne des résultats. Parlons-en. #Cameroun"
86;2028-05-30;Mar;LinkedIn;"Profil LinkedIn personnel";FR;non;856;"Informaticiens, devenez partenaires";"Je n'ai aucune intention de concurrencer les éditeurs de logiciels de laboratoire ou de gestion de clinique. Au contraire : j'ai besoin d'eux.

EDEN ne produit pas les résultats. Il les reçoit. Chaque logiciel capable de lui envoyer des données rend EDEN utile à tous les établissements qui l'utilisent.

Pour un éditeur ou un prestataire informatique, le calcul est simple. Vos clients vous demandent un portail patient. Le construire vous-même coûte des mois. Le brancher sur EDEN coûte quelques jours, et vous gardez votre client.

Je propose aux informaticiens un accord clair : une documentation complète, un établissement de test, mon aide pendant l'intégration, et une rémunération pour chaque établissement que vous amenez.

Si vous installez ou maintenez des logiciels dans des établissements de santé, vous êtes mes meilleurs alliés. Écrivez-moi."
86;2028-05-31;Mer;X;"Compte X EDEN";FR;non;218;"Informaticiens, devenez partenaires";"Pour brancher un logiciel à EDEN : une clé d'API, cinq points d'accès (patients, laboratoire, imagerie, exploration, factures), un jeu de données de test, et une réponse claire à chaque envoi : créé, mis à jour, total."
86;2028-06-01;Jeu;LinkedIn;"Page LinkedIn EDEN";FR;non;552;"Informaticiens, devenez partenaires";"Programme partenaires pour les informaticiens et les éditeurs.

Vous maintenez des logiciels dans des laboratoires, des centres d'imagerie ou des cliniques ? Vos clients peuvent proposer la remise en ligne des résultats sans que vous ayez à construire un portail.

Ce que nous fournissons : la documentation de l'API, un établissement de test, un jeu de données fictives, un accompagnement pendant l'intégration.

Ce que vous y gagnez : un service de plus pour vos clients, et une commission sur chaque établissement apporté.

Contact en message privé."
86;2028-06-02;Ven;X;"Compte X EDEN";EN;non;203;"Informaticiens, devenez partenaires";"Are you an IT integrator or the publisher of lab or clinic software in Cameroon? Connecting your system to EDEN takes days and gives your clients online result delivery. Let's talk. #Cameroon #HealthTech"
87;2028-06-05;Lun;X;"Compte X EDEN";FR;non;233;"Tester avant de s'engager";"Informaticiens : EDEN fournit un jeu de données fictives et deux scripts d'envoi. En moins d'une heure, vous voyez sept dossiers, des résultats, des factures payées et impayées apparaître dans un établissement de test. #API #Cameroun"
87;2028-06-06;Mar;LinkedIn;"Profil LinkedIn personnel";FR;non;797;"Tester avant de s'engager";"Je n'aime pas les logiciels qu'on ne peut pas essayer avant d'acheter. J'ai donc fait en sorte que même l'intégration technique puisse s'essayer.

Concrètement, un informaticien reçoit une clé pour un établissement de test, un jeu de données inventées et deux petits scripts. Il les lance. Il voit apparaître des patients fictifs, des résultats de laboratoire, des comptes rendus d'imagerie, des factures.

Le jeu est conçu pour montrer les cas intéressants : un résultat masqué parce que la facture est impayée, un autre visible parce qu'elle est réglée, un troisième expiré.

En une heure, il sait ce qu'il aura à faire avec le vrai logiciel de l'établissement, et combien de temps cela prendra.

Une intégration qui se teste en une heure rassure plus qu'un cahier des charges de quarante pages."
87;2028-06-07;Mer;X;"Compte X EDEN";FR;non;215;"Tester avant de s'engager";"Le jeu de test d'EDEN montre trois comportements : résultat masqué quand la facture est impayée, résultat visible quand elle est réglée, résultat « expiré » quand la période d'accès est écoulée. À vérifier soi-même."
87;2028-06-08;Jeu;LinkedIn;"Page LinkedIn EDEN";FR;non;502;"Tester avant de s'engager";"Essayer l'intégration en une heure.

Nous remettons à votre informaticien : une clé d'API pour un établissement de test, un jeu de données fictives au format EDEN et au format HL7 FHIR R4, et deux scripts d'envoi.

Il vérifie dans l'espace d'administration que les dossiers, les résultats et les factures sont bien arrivés.

Relancer les scripts ne crée aucun doublon : c'est le comportement attendu en production.

Demandez l'accès de test en message privé, en indiquant le logiciel que vous utilisez."
87;2028-06-09;Ven;X;"Compte X EDEN";EN;non;185;"Tester avant de s'engager";"IT teams: EDEN ships a fictional data set and two upload scripts. In under an hour you see seven records, results, and paid and unpaid invoices appear in a test facility. #API #Cameroon"
88;2028-06-12;Lun;X;"Compte X EDEN";FR;non;228;"Donner, et savoir";"Mercredi 14 juin, Journée mondiale du donneur de sang. Merci à celles et ceux qui donnent. Les analyses qui accompagnent un don méritent le même respect que le geste : remises à la bonne personne, en toute discrétion. #DonDeSang"
88;2028-06-13;Mar;LinkedIn;"Profil LinkedIn personnel";FR;non;726;"Donner, et savoir";"Donner son sang est l'un des gestes les plus généreux qui soient, et l'un des plus discrets.

Je ne connais pas l'organisation des centres de transfusion, et je ne prétends pas que EDEN y ait sa place aujourd'hui. Je veux seulement saluer les donneurs, et dire ce que ce geste m'inspire.

Autour de chaque acte de santé, il y a de l'information : des analyses, des comptes rendus, des justificatifs. On s'occupe beaucoup de l'acte, et trop peu de ce qui en reste.

Or c'est ce qui reste qui permet le suivi, la confiance, et parfois de sauver du temps la fois suivante.

En cette Journée mondiale du donneur de sang, merci aux donneurs réguliers, à ceux qui donnent pour un proche, et aux équipes qui organisent les collectes."
88;2028-06-14;Mer;X;"Compte X EDEN";FR;non;195;"Donner, et savoir";"Un résultat publié dans EDEN n'est visible que par la personne connectée à son compte, et par le médecin à qui elle a choisi de le partager. La discrétion fait partie du service, pas des options."
88;2028-06-15;Jeu;LinkedIn;"Page LinkedIn EDEN";EN;non;510;"Donner, et savoir";"World Blood Donor Day, 14 June.

To everyone who gives blood, regularly or for a loved one: thank you. And to the teams who organise collections: thank you.

Around every act of care there is information: tests, reports, receipts. We pay close attention to the act and too little to what remains afterwards.

Yet what remains is what makes follow-up possible.

EDEN's job is modest: making sure the results a facility publishes reach the right person, discreetly, and stay available when they are needed again."
88;2028-06-16;Ven;X;"Compte X EDEN";FR;non;154;"Donner, et savoir";"Donneurs de sang : recevez-vous facilement les résultats des analyses faites lors de votre don ? Racontez-nous comment cela se passe. #DonDeSang #Cameroun"
89;2028-06-19;Lun;X;"Compte X EDEN";FR;non;216;"Vivre avec, et tout garder";"19 juin, Journée mondiale de la drépanocytose. Pour les familles concernées, les bilans s'accumulent dès l'enfance. Les garder tous, en ordre, c'est donner à chaque nouveau médecin l'histoire complète. #Drépanocytose"
89;2028-06-20;Mar;LinkedIn;"Profil LinkedIn personnel";FR;non;835;"Vivre avec, et tout garder";"La drépanocytose touche de nombreuses familles au Cameroun. Je ne suis pas médecin et je ne dirai rien de la maladie elle-même.

Je parlerai de ce que je connais : les papiers.

Une personne suivie depuis l'enfance accumule des centaines de documents. Bilans, comptes rendus d'hospitalisation, ordonnances. Ils sont rangés par un parent, dans un classeur ou un sac, puis transmis à l'enfant devenu adulte.

Ce classeur est un trésor. Il raconte ce qui a été essayé, ce qui a marché, ce qu'il ne faut pas refaire. Et il est à la merci d'un déménagement, d'une inondation, d'un oubli.

EDEN ne remplace pas ce classeur du jour au lendemain. Mais chaque nouveau bilan publié dans le compte du patient est un document de moins à perdre.

En cette journée mondiale, une pensée pour les familles et pour les associations qui les soutiennent."
89;2028-06-21;Mer;X;"Compte X EDEN";FR;non;214;"Vivre avec, et tout garder";"Chaque résultat publié dans EDEN porte sa date, l'établissement et le nom du validateur. Mis bout à bout, ils forment une chronologie que le patient emporte avec lui, d'un médecin à l'autre. [LIEN]"
89;2028-06-22;Jeu;LinkedIn;"Page LinkedIn EDEN";FR;non;493;"Vivre avec, et tout garder";"19 juin, Journée mondiale de la drépanocytose.

Vivre avec une maladie chronique, c'est constituer un dossier tout au long de sa vie, souvent à la charge de la famille.

EDEN aide à ne plus perdre les nouveaux résultats : chaque bilan publié par un établissement utilisateur se range dans le compte du patient, daté et identifié.

Aux associations de patients : si vous souhaitez expliquer à vos membres comment fonctionne un compte EDEN, nous sommes à votre disposition pour une présentation."
89;2028-06-23;Ven;X;"Compte X EDEN";EN;non;180;"Vivre avec, et tout garder";"World Sickle Cell Day, 19 June. For affected families, test results pile up from childhood. Keeping them all, in order, gives every new doctor the full story. #SickleCell #Cameroon"
90;2028-06-26;Lun;X;"Compte X EDEN";FR;non;227;"Dans les écoles de formation";"Enseignants en biologie médicale, en imagerie, en soins infirmiers : vos étudiants travailleront avec des résultats publiés en ligne. La démonstration d'EDEN est gratuite et peut servir de support de cours. #Formation #Cameroun"
90;2028-06-27;Mar;LinkedIn;"Profil LinkedIn personnel";FR;non;844;"Dans les écoles de formation";"Les écoles de formation médico-sanitaire préparent des milliers de jeunes à des métiers qui changent. On y apprend à prélever, à analyser, à valider. On y apprend moins ce qui se passe après.

Or la remise du résultat est une étape du métier. Savoir à qui on le remet, comment on vérifie une identité, ce qu'on a le droit de dire au téléphone, ce que la loi impose : tout cela s'enseigne.

Je propose aux enseignants d'utiliser la démonstration d'EDEN comme support. Elle est gratuite, elle ne contient que des données fictives, et elle montre concrètement ce qu'un patient voit.

Je peux aussi venir en parler, bénévolement, le temps d'un cours : comment est construite une plateforme de résultats, quelles questions de confidentialité elle pose, quelles erreurs éviter.

Former les professionnels de demain à ces sujets est un intérêt commun."
90;2028-06-28;Mer;X;"Compte X EDEN";FR;non;234;"Dans les écoles de formation";"La démonstration d'EDEN ne contient que des données inventées et ne demande aucune inscription. Elle peut être projetée en salle de cours pour illustrer la remise d'un résultat et les règles de confidentialité. [LIEN]"
90;2028-06-29;Jeu;LinkedIn;"Page LinkedIn EDEN";FR;non;565;"Dans les écoles de formation";"Aux écoles de formation médico-sanitaire et aux facultés.

La remise des résultats est une étape du métier, avec ses règles : identité du patient, confidentialité, traçabilité, protection des données.

La démonstration d'EDEN peut servir de support pédagogique, gratuitement : elle montre ce que voit un patient, sans aucune donnée réelle.

Nous pouvons aussi intervenir bénévolement dans un cours ou un séminaire, sur la santé numérique au Cameroun et la protection des données de santé.

Enseignants et responsables pédagogiques : contactez-nous en message privé."
90;2028-06-30;Ven;X;"Compte X EDEN";EN;non;194;"Dans les écoles de formation";"Teachers in lab science, imaging and nursing: your students will work with results published online. EDEN's demo is free, uses fictional data only, and can be used in class. #Cameroon #Education"
91;2028-07-03;Lun;X;"Compte X EDEN";FR;oui;207;"Ce que disent les chiffres";"Ce trimestre sur EDEN : [NOMBRE] établissements, [NOMBRE] patients rattachés, [NOMBRE] résultats publiés. Derrière chaque chiffre, un déplacement évité. Merci aux équipes qui rendent cela possible. #Cameroun"
91;2028-07-04;Mar;LinkedIn;"Profil LinkedIn personnel";FR;oui;727;"Ce que disent les chiffres";"Je continue à publier les chiffres d'EDEN, trimestre après trimestre.

Établissements utilisateurs : [NOMBRE]. Patients rattachés : [NOMBRE]. Résultats publiés ce trimestre : [NOMBRE]. Part des patients qui se rattachent après avoir reçu un QR code : [POURCENTAGE].

Ce dernier chiffre est celui que je regarde le plus. Il dit si le service est réellement utilisé, ou seulement installé.

Dans l'établissement où il est le plus élevé, voici ce qui fait la différence : [VOTRE CONSTAT].

Dans celui où il est le plus bas, voici ce que nous essayons : [VOTRE ACTION].

Je ne publie pas ces chiffres pour impressionner. Je les publie parce qu'un établissement qui hésite a le droit de savoir ce que les autres obtiennent vraiment."
91;2028-07-05;Mer;X;"Compte X EDEN";FR;non;220;"Ce que disent les chiffres";"L'indicateur qui compte après une mise en service : la part des patients qui rattachent leur dossier après avoir reçu un QR code. Elle dépend surtout d'une chose : la phrase prononcée à la caisse en remettant la facture."
91;2028-07-06;Jeu;LinkedIn;"Page LinkedIn EDEN";FR;non;492;"Ce que disent les chiffres";"Comment savoir si EDEN est réellement utilisé dans votre établissement ?

Trois indicateurs, visibles dans votre tableau de bord.

Les QR codes actifs : combien ont été remis et pas encore utilisés.

Les rattachements : combien de patients ont relié leur dossier à leur compte.

Les données reçues : combien de résultats et de factures ont été publiés.

Si les QR codes sont remis mais peu utilisés, c'est l'explication à l'accueil qu'il faut revoir. Nous vous y aidons lors du point mensuel."
91;2028-07-07;Ven;X;"Compte X EDEN";EN;non;204;"Ce que disent les chiffres";"The metric that matters after go-live: the share of patients who link their record after receiving a QR code. It depends mostly on one thing: the sentence said at the cashier's desk. #Cameroon #HealthTech"
92;2028-07-10;Lun;X;"Compte X EDEN";FR;non;223;"Pourquoi un abonnement";"Pourquoi EDEN se paie par abonnement et non à l'achat ? Parce qu'un service en ligne vit : hébergement, mises à jour, assistance, sécurité. Vous payez tant qu'il vous sert, vous arrêtez quand il ne vous sert plus. #Cameroun"
92;2028-07-11;Mar;LinkedIn;"Profil LinkedIn personnel";FR;non;816;"Pourquoi un abonnement";"« Pourquoi ne pas nous vendre le logiciel une fois pour toutes ? » La question est fréquente, et elle est de bon sens. Chez nous, on préfère souvent acheter que louer.

Voici ma réponse honnête. Un logiciel acheté une fois est un logiciel abandonné le lendemain : personne n'est payé pour le maintenir, le corriger, le sécuriser. Dans la santé, c'est dangereux.

Un abonnement finance ce qui ne se voit pas : l'hébergement, les sauvegardes, les correctifs de sécurité, l'assistance, la formation des nouvelles recrues.

Il aligne aussi nos intérêts. Si EDEN cesse de vous être utile, vous arrêtez de payer. Je n'ai donc qu'une façon de gagner ma vie : rester utile, mois après mois.

À l'inverse, un vendeur payé d'avance n'a plus de raison de décrocher le téléphone. Je préfère devoir mériter chaque renouvellement."
92;2028-07-12;Mer;X;"Compte X EDEN";FR;non;190;"Pourquoi un abonnement";"L'abonnement EDEN comprend l'hébergement, les mises à jour, l'assistance et la formation des nouvelles personnes de l'accueil. Pas de licence par poste, pas de matériel, pas de frais cachés."
92;2028-07-13;Jeu;LinkedIn;"Page LinkedIn EDEN";EN;non;566;"Pourquoi un abonnement";"Why EDEN is a subscription, not a one-off purchase.

Software bought once is software abandoned the next day: nobody is paid to maintain it, fix it or keep it secure. In healthcare, that is a risk.

A subscription pays for what you do not see: hosting, security updates, support, training for new front-desk staff.

It also aligns our interests. If EDEN stops being useful, you stop paying. We have one way to earn a living: staying useful, month after month.

No per-seat licence, no hardware, no hidden fees. Message us for a quote based on your volume of results."
92;2028-07-14;Ven;X;"Compte X EDEN";FR;non;175;"Pourquoi un abonnement";"Directeurs : pour un logiciel, préférez-vous payer une fois et vous débrouiller ensuite, ou payer chaque mois avec l'assistance comprise ? Votre avis nous intéresse. #Cameroun"
93;2028-07-17;Lun;X;"Compte X EDEN";FR;non;207;"Changer de logiciel sans perdre vos patients";"Vous changez de logiciel de laboratoire ? Vos patients, eux, gardent leur compte EDEN. Le nouveau logiciel se branche à son tour, et les résultats continuent d'arriver au même endroit. #Laboratoire #Cameroun"
93;2028-07-18;Mar;LinkedIn;"Profil LinkedIn personnel";FR;non;799;"Changer de logiciel sans perdre vos patients";"Tout établissement change un jour de logiciel de gestion. C'est toujours un moment difficile : nouvelles habitudes, données à reprendre, patients déroutés.

Quand le portail patient est une fonction du logiciel, il disparaît avec lui. Les patients perdent leurs accès, il faut tout recommencer.

Avec EDEN, le portail est indépendant. Il reçoit les données de n'importe quel logiciel capable de les lui envoyer. Le jour où vous changez de système, vous branchez le nouveau, et rien ne bouge du côté des patients : même compte, même adresse, même façon de se connecter.

C'est un avantage discret, qui pèse lourd pour les directeurs ayant déjà vécu une migration.

L'indépendance entre vos outils est une assurance. Elle vous laisse libre de choisir le meilleur logiciel sans tenir compte du portail."
93;2028-07-19;Mer;X;"Compte X EDEN";FR;non;186;"Changer de logiciel sans perdre vos patients";"EDEN ne dépend d'aucun logiciel de laboratoire en particulier. Tout système capable d'envoyer des données au format EDEN ou HL7 FHIR R4 peut s'y brancher. Vous restez libre de vos choix."
93;2028-07-20;Jeu;LinkedIn;"Page LinkedIn EDEN";FR;non;472;"Changer de logiciel sans perdre vos patients";"Un portail patient indépendant de votre logiciel.

Si le portail est intégré à votre logiciel de gestion, il disparaît le jour où vous en changez.

EDEN est distinct : il reçoit les données de tout logiciel capable de les envoyer, au format EDEN ou au standard HL7 FHIR R4.

En cas de migration, vos patients ne voient aucune différence. Leur compte reste le même.

Si vous préparez un changement de système, parlons-en avant : c'est le meilleur moment pour brancher EDEN."
93;2028-07-21;Ven;X;"Compte X EDEN";EN;non;187;"Changer de logiciel sans perdre vos patients";"Changing your lab software? Your patients keep their EDEN account. The new system plugs in, and results keep arriving in the same place. Independence between tools is insurance. #Cameroon"
94;2028-07-24;Lun;X;"Compte X EDEN";FR;non;195;"Dépister, transmettre, suivre";"Vendredi 28 juillet, Journée mondiale contre l'hépatite. Un dépistage est utile quand il mène à un suivi. Et le suivi commence par un résultat que le patient possède vraiment. #Hépatite #Cameroun"
94;2028-07-25;Mar;LinkedIn;"Profil LinkedIn personnel";FR;non;783;"Dépister, transmettre, suivre";"L'an dernier, j'écrivais qu'un dépistage réussi n'est pas un prélèvement, mais un résultat lu par un médecin. J'ajoute cette année un troisième temps : le suivi.

Pour certaines maladies, le premier résultat n'est qu'un début. Viennent ensuite des contrôles, sur des mois ou des années. Le patient devient, de fait, le gardien de son propre dossier.

C'est une responsabilité lourde, qu'on lui laisse sans outil. On lui tend des feuilles, et on lui dit de les garder.

Je trouve cela étonnant, à une époque où le même patient a dans son téléphone l'historique de tous ses transferts d'argent, sans avoir rien classé lui-même.

Si l'on sait garder la trace d'un paiement de 500 francs, on doit pouvoir garder celle d'un examen médical. C'est une question de volonté, pas de technique."
94;2028-07-26;Mer;X;"Compte X EDEN";FR;non;190;"Dépister, transmettre, suivre";"Dans son téléphone, chacun retrouve l'historique de ses transferts d'argent. Il devrait y retrouver aussi celui de ses examens médicaux. C'est le rôle du compte EDEN. [LIEN]"
94;2028-07-27;Jeu;LinkedIn;"Page LinkedIn EDEN";FR;non;481;"Dépister, transmettre, suivre";"28 juillet, Journée mondiale contre l'hépatite.

Dépister, transmettre le résultat, organiser le suivi : trois temps, et le patient est le seul à les traverser tous.

EDEN l'aide à tenir le fil : les résultats publiés par les établissements utilisateurs restent dans son compte, datés, prêts à être partagés avec le médecin qui le suit.

Laboratoires engagés dans le dépistage : la remise en ligne est un moyen simple de vous assurer que vos résultats ne s'arrêtent pas au guichet."
94;2028-07-28;Ven;X;"Compte X EDEN";EN;non;166;"Dépister, transmettre, suivre";"World Hepatitis Day is this week. Screening helps when it leads to follow-up, and follow-up starts with a result the patient truly holds. #WorldHepatitisDay #Cameroon"
95;2028-07-31;Lun;X;"Compte X EDEN";FR;non;218;"Cinq erreurs à éviter";"Cinq erreurs qui font échouer un projet numérique en santé : vouloir tout faire d'un coup, oublier l'accueil, ne rien mesurer avant, ne pas expliquer aux patients, signer sans contrat sur les données. #Cameroun #eSanté"
95;2028-08-01;Mar;LinkedIn;"Profil LinkedIn personnel";FR;non;811;"Cinq erreurs à éviter";"En presque deux ans à parler de santé numérique avec des établissements, voici les cinq erreurs qui me paraissent les plus coûteuses. Elles valent pour EDEN comme pour n'importe quel autre outil.

Un : tout lancer en même temps. Mieux vaut un service, deux mois, puis le reste.

Deux : décider sans l'accueil. Ce sont eux qui feront vivre l'outil, ou qui le laisseront mourir.

Trois : ne rien mesurer avant. Sans point de départ, impossible de savoir si l'on a progressé.

Quatre : ne pas expliquer aux patients. Un QR code sans un mot d'explication finit à la poubelle avec la facture.

Cinq : négliger le contrat sur les données. Le jour d'un incident, c'est le seul document qui compte.

Aucune de ces erreurs n'est technique. Toutes sont humaines. C'est une bonne nouvelle : elles se corrigent sans budget."
95;2028-08-02;Mer;X;"Compte X EDEN";FR;non;211;"Cinq erreurs à éviter";"Avant de lancer un outil numérique dans un établissement : choisir un périmètre limité, associer l'accueil, relever trois chiffres de départ, préparer l'information aux patients, signer l'accord sur les données."
95;2028-08-03;Jeu;LinkedIn;"Page LinkedIn EDEN";FR;non;518;"Cinq erreurs à éviter";"Réussir un projet de remise en ligne des résultats : notre liste de contrôle.

Un périmètre de départ limité : un service ou une catégorie de patients.

L'accueil associé dès la décision.

Trois mesures avant le démarrage : résultats non retirés, appels quotidiens, temps de recherche.

Une information claire aux patients : affiche, phrase à la caisse, mode d'emploi.

Un contrat qui précise les rôles sur les données.

Nous appliquons cette liste à chaque mise en service. Elle vous est remise avant tout engagement."
95;2028-08-04;Ven;X;"Compte X EDEN";EN;non;203;"Cinq erreurs à éviter";"Five mistakes that sink digital health projects: doing everything at once, forgetting the front desk, measuring nothing beforehand, not explaining to patients, signing without a data agreement. #Cameroon"
96;2028-08-07;Lun;X;"Compte X EDEN";FR;non;221;"Les questions des patients";"Questions de patients : « Est-ce gratuit pour moi ? » Oui. « Faut-il une application ? » Non, un navigateur suffit. « Et si je change de téléphone ? » Votre compte tient à votre e-mail, pas à l'appareil. #Cameroun #eSanté"
96;2028-08-08;Mar;LinkedIn;"Profil LinkedIn personnel";FR;non;813;"Les questions des patients";"Je réponds aujourd'hui aux questions que les patients posent le plus. Si vous travaillez à l'accueil d'un établissement, vous pouvez vous en servir.

« Est-ce payant ? » Non. Le compte est gratuit pour le patient. C'est l'établissement qui s'abonne.

« Dois-je installer quelque chose ? » Non. EDEN s'ouvre dans le navigateur du téléphone.

« J'ai changé de téléphone. » Aucune importance : le compte est lié à l'adresse e-mail, pas à l'appareil.

« Je n'ai pas reçu le code. » Regardez dans les courriers indésirables, puis redemandez-en un.

« Je ne vois pas mon résultat. » Soit il n'est pas encore publié, soit le dossier n'est pas encore rattaché, soit l'établissement a fixé une règle, par exemple une facture à régler.

« Puis-je arrêter ? » Oui, à tout moment, en retirant l'établissement de votre compte."
96;2028-08-09;Mer;X;"Compte X EDEN";FR;non;219;"Les questions des patients";"« Je ne vois pas mon résultat dans EDEN. » Trois causes possibles : il n'est pas encore publié, le dossier n'est pas encore rattaché, ou une règle de l'établissement s'applique (facture à régler, durée d'accès écoulée)."
96;2028-08-10;Jeu;LinkedIn;"Page LinkedIn EDEN";EN;non;604;"Les questions des patients";"Patients often ask the same questions. Here are the answers.

Is it free? Yes. The account is free for patients; the facility pays the subscription.

Do I need an app? No. EDEN opens in your phone's browser.

What if I change phones? Your account is tied to your email address, not to the device.

I did not receive the code. Check your spam folder, then request a new one.

I cannot see my result. Either it has not been published yet, your record is not linked yet, or the facility applies a rule, such as an unpaid invoice.

Can I opt out? Yes, at any time, by removing the facility from your account."
96;2028-08-11;Ven;X;"Compte X EDEN";FR;non;173;"Les questions des patients";"Patients : quelle question vous êtes-vous posée la première fois qu'on vous a proposé de recevoir vos résultats en ligne ? Dites-la-nous, nous y répondrons. #Cameroun #Santé"
97;2028-08-14;Lun;X;"Compte X EDEN";FR;non;241;"Les questions des directeurs";"Questions de directeurs : « Dois-je changer de logiciel ? » Non. « Mes concurrents verront-ils mes patients ? » Non. « Puis-je arrêter ? » Oui, sans pénalité. « Combien de temps pour démarrer ? » Quelques jours à quelques semaines. #Cameroun"
97;2028-08-15;Mar;LinkedIn;"Profil LinkedIn personnel";FR;non;798;"Les questions des directeurs";"Après les questions des patients, celles des directeurs. Je les entends à chaque rendez-vous, alors autant y répondre publiquement.

« Faut-il remplacer mon logiciel ? » Non, EDEN s'y branche.

« Qui voit mes données ? » Vous, vos patients pour ce qui les concerne, et les médecins avec qui ils partagent. Pas les autres établissements.

« Que se passe-t-il si je ne paie plus ? » Le service s'arrête, vos données d'origine restent dans votre logiciel.

« Combien de temps pour démarrer ? » De quelques jours à quelques semaines, selon votre logiciel et votre informaticien.

« Mes patients vont-ils s'en servir ? » C'est la vraie question, et la seule réponse honnête est : essayons 60 jours, et regardons.

« Pourquoi vous, plutôt qu'un grand éditeur ? » Parce que je décroche quand vous appelez."
97;2028-08-16;Mer;X;"Compte X EDEN";FR;non;195;"Les questions des directeurs";"« Mes patients vont-ils vraiment utiliser EDEN ? » La seule réponse honnête tient en 60 jours d'essai et un chiffre : la part des patients qui rattachent leur dossier après avoir reçu le QR code."
97;2028-08-17;Jeu;LinkedIn;"Page LinkedIn EDEN";FR;non;543;"Les questions des directeurs";"Les six questions que posent les directeurs d'établissement.

Faut-il changer de logiciel ? Non.

Les autres établissements voient-ils nos patients ? Non.

Peut-on arrêter ? Oui, sans pénalité, à la fin de la période payée.

Que deviennent nos données si l'on arrête ? Votre espace est supprimé ; vos données d'origine sont restées dans votre logiciel.

Combien de temps pour démarrer ? De quelques jours à quelques semaines.

Nos patients s'en serviront-ils ? L'essai de 60 jours est fait pour le vérifier.

Une autre question ? Écrivez-nous."
97;2028-08-18;Ven;X;"Compte X EDEN";EN;non;200;"Les questions des directeurs";"Questions from facility managers: ""Do we replace our software?"" No. ""Will competitors see our patients?"" No. ""Can we stop?"" Yes, no penalty. ""Will patients use it?"" A 60-day trial will tell. #Cameroon"
98;2028-08-21;Lun;X;"Compte X EDEN";FR;non;217;"Les questions des informaticiens";"Questions d'informaticiens : format ? JSON ou FHIR R4. Authentification ? Une clé d'API dans un en-tête. Doublons ? Aucun, les envois sont répétables. Environnement de test ? Oui, avec données fictives. #API #Cameroun"
98;2028-08-22;Mar;LinkedIn;"Profil LinkedIn personnel";FR;non;795;"Les questions des informaticiens";"Troisième série de questions, celles des informaticiens. Ce sont souvent eux qui font pencher la décision, et ils ont raison d'être exigeants.

« Quel format ? » Du JSON simple, ou le standard HL7 FHIR R4.

« Comment s'authentifie-t-on ? » Par une clé propre à l'établissement, transmise dans un en-tête, toujours en HTTPS.

« Que se passe-t-il si j'envoie deux fois la même chose ? » L'élément est mis à jour. Aucun doublon.

« Peut-on retirer un envoi erroné ? » Oui, par son code.

« Y a-t-il un environnement de test ? » Oui, avec un jeu de données fictives et des scripts prêts à lancer.

« Et si la clé fuit ? » On la renouvelle, l'ancienne meurt aussitôt.

Ce que j'apprécie chez les informaticiens : ils ne croient pas les brochures. Ils testent. C'est exactement ce que je leur propose."
98;2028-08-23;Mer;X;"Compte X EDEN";FR;non;196;"Les questions des informaticiens";"Une réponse d'EDEN à un envoi de données indique trois compteurs : créés, mis à jour, total. L'informaticien sait immédiatement ce qui a été pris en compte. Un envoi erroné se retire par son code."
98;2028-08-24;Jeu;LinkedIn;"Page LinkedIn EDEN";FR;non;517;"Les questions des informaticiens";"L'intégration technique, en six réponses.

Formats acceptés : JSON au format EDEN, ou HL7 FHIR R4.

Authentification : clé d'API par établissement, dans un en-tête HTTP, en HTTPS.

Envois répétables : un élément renvoyé est mis à jour, jamais dupliqué.

Correction : un envoi erroné se retire par son code.

Test : un établissement de test, un jeu de données fictives, deux scripts d'envoi.

Sécurité : la clé se renouvelle à tout moment, l'ancienne cesse aussitôt de fonctionner.

Documentation complète sur demande."
98;2028-08-25;Ven;X;"Compte X EDEN";EN;non;180;"Les questions des informaticiens";"Questions from IT teams: Format? JSON or FHIR R4. Auth? An API key in a header. Duplicates? None, uploads are idempotent. Test environment? Yes, with fictional data. #API #Cameroon"
99;2028-08-28;Lun;X;"Compte X EDEN";FR;non;227;"Préparer la rentrée";"Dans une semaine, la rentrée : bilans, certificats, visites d'aptitude. Si votre accueil a souffert l'an dernier, c'est maintenant qu'il faut préparer la remise en ligne des résultats, pas le jour de la ruée. #Rentrée #Cameroun"
99;2028-08-29;Mar;LinkedIn;"Profil LinkedIn personnel";FR;non;743;"Préparer la rentrée";"L'an dernier, à la rentrée, j'écrivais qu'il ne faut jamais démarrer un outil en pleine période de pointe. Je le maintiens, avec un complément : il faut le démarrer juste avant.

Les semaines calmes de fin août sont idéales. L'équipe a le temps d'apprendre, les premiers patients servent de rodage, et quand la vague arrive, les gestes sont acquis.

Un établissement qui attend d'être débordé pour chercher une solution ne la mettra jamais en place : il sera trop occupé à être débordé.

C'est un travers très humain, et je le connais bien. On répare le toit quand il pleut, alors qu'il fallait le faire au soleil.

Si vous avez noté l'an dernier que la rentrée avait été difficile pour votre accueil, cette semaine est la bonne pour m'écrire."
99;2028-08-30;Mer;X;"Compte X EDEN";FR;non;208;"Préparer la rentrée";"Mettre EDEN en service avant une période de pointe : une à deux semaines suffisent si le logiciel de l'établissement sait envoyer des données. Les premiers patients servent de rodage, la vague arrive ensuite."
99;2028-08-31;Jeu;LinkedIn;"Page LinkedIn EDEN";FR;non;439;"Préparer la rentrée";"La rentrée approche : préparez votre accueil.

Chaque année, septembre apporte son lot de bilans et de certificats, et des files plus longues.

Les établissements qui publient leurs résultats en ligne abordent cette période plus sereinement : les patients ne reviennent que si un original est exigé.

Il est encore temps de démarrer avant la vague, à condition de commencer cette semaine. Écrivez-nous pour une mise en service accompagnée."
99;2028-09-01;Ven;X;"Compte X EDEN";EN;non;196;"Préparer la rentrée";"Back-to-school rush is a week away: check-ups, certificates, fitness visits. If your front desk struggled last year, now is the time to set up online results, not on the day of the rush. #Cameroon"
100;2028-09-04;Lun;X;"Compte X EDEN";FR;oui;228;"Recommander EDEN";"Vous utilisez EDEN et vous en êtes satisfait ? Recommandez-le à un confrère : s'il s'abonne, un mois d'abonnement vous est offert. La meilleure publicité d'un outil de santé, c'est un directeur qui en parle à un autre. #Cameroun"
100;2028-09-05;Mar;LinkedIn;"Profil LinkedIn personnel";FR;oui;758;"Recommander EDEN";"Les rendez-vous les plus utiles viennent rarement d'une publication ou d'un appel à froid. Ils viennent d'une phrase : « Appelle-le de ma part. »

Dans la santé, au Cameroun comme ailleurs, la confiance circule de personne à personne. Un biologiste écoute un autre biologiste. Un directeur de clinique écoute un confrère.

J'en tire une conséquence simple : mon meilleur commercial, c'est un établissement satisfait.

Je formalise donc ce qui se faisait déjà. Tout établissement abonné qui en recommande un autre reçoit un mois d'abonnement offert quand le nouveau s'abonne.

Mais je demande une chose en échange : ne recommandez EDEN que si vous en êtes vraiment content. Une recommandation de complaisance me coûterait plus cher qu'elle ne me rapporterait."
100;2028-09-06;Mer;X;"Compte X EDEN";FR;oui;168;"Recommander EDEN";"Parrainage EDEN : un mois d'abonnement offert à l'établissement qui recommande, dès que l'établissement recommandé s'abonne. Aucune limite au nombre de recommandations."
100;2028-09-07;Jeu;LinkedIn;"Page LinkedIn EDEN";EN;oui;549;"Recommander EDEN";"In healthcare, trust travels from person to person. A lab director listens to another lab director.

That is why we have formalised referrals. Any subscribing facility that recommends EDEN to another receives one free month of subscription once the new facility signs up. There is no limit on the number of referrals.

We ask for one thing in return: only recommend EDEN if you are genuinely satisfied.

If you are a current user and know a colleague who struggles with uncollected results, an introduction is the most valuable help you can give us."
100;2028-09-08;Ven;X;"Compte X EDEN";FR;non;180;"Recommander EDEN";"Établissements utilisateurs : si vous deviez décrire EDEN à un confrère en une seule phrase, laquelle choisiriez-vous ? Les meilleures nous aident à mieux nous présenter. #Cameroun"
101;2028-09-11;Lun;X;"Compte X EDEN";FR;non;222;"Sécurité des patients : identifier, toujours";"Journée mondiale de la sécurité des patients, ce dimanche 17 septembre. Première règle, partout : s'assurer que l'on parle de la bonne personne. Elle vaut pour un soin, un prélèvement, et la remise d'un résultat. #Cameroun"
101;2028-09-12;Mar;LinkedIn;"Profil LinkedIn personnel";FR;non;783;"Sécurité des patients : identifier, toujours";"Dans tous les référentiels de sécurité des soins, la première règle est la même : identifier correctement le patient.

On l'applique au lit du malade et au prélèvement. On l'applique moins à la remise du résultat, comme si l'erreur y était moins grave.

Elle ne l'est pas. Un résultat remis à la mauvaise personne, ce sont deux patients mal informés, et une confidentialité rompue.

L'an dernier, j'expliquais comment EDEN rend cette erreur plus difficile. J'ajoute cette année un point d'organisation : le numéro de dossier.

Tout repose sur lui. S'il est bien attribué à l'enregistrement, tout ce qui suit est fiable. S'il est mal saisi, aucun outil ne rattrape l'erreur.

La sécurité numérique commence donc par un geste très classique : bien enregistrer le patient à son arrivée."
101;2028-09-13;Mer;X;"Compte X EDEN";FR;non;198;"Sécurité des patients : identifier, toujours";"Dans EDEN, tout part du numéro de dossier attribué par l'établissement. Résultats, factures et QR code y sont attachés. Un enregistrement soigné à l'arrivée du patient est la première des sécurités."
101;2028-09-14;Jeu;LinkedIn;"Page LinkedIn EDEN";FR;non;557;"Sécurité des patients : identifier, toujours";"Sécurité des patients : la journée mondiale du 17 septembre met l'identification au premier plan.

Identifier correctement le patient est la première règle de sécurité, y compris au moment de lui remettre un résultat.

Dans EDEN, chaque résultat est attaché à un numéro de dossier ; le rattachement au compte du patient passe par un code à usage unique ; l'établissement valide quand l'identité doit être vérifiée.

Ces règles appuient la vigilance des équipes. Elles ne la remplacent pas : tout commence par un enregistrement soigné à l'arrivée du patient."
101;2028-09-15;Ven;X;"Compte X EDEN";EN;non;185;"Sécurité des patients : identifier, toujours";"World Patient Safety Day is this week. Rule one, everywhere: make sure you have the right person. It applies to care, to sampling, and to handing over a result. #PatientSafety #Cameroon"
102;2028-09-18;Lun;X;"Compte X EDEN";FR;non;166;"Ce que deux ans de terrain apprennent";"Deux ans à présenter EDEN, une leçon par an. An 1 : une démonstration vaut dix arguments. An 2 : un établissement satisfait vaut dix démonstrations. #Cameroun #eSanté"
102;2028-09-19;Mar;LinkedIn;"Profil LinkedIn personnel";FR;oui;628;"Ce que deux ans de terrain apprennent";"Dans deux semaines, EDEN aura deux ans. Avant le bilan chiffré, ce que ces deux années m'ont appris, à moi.

Sur la vente : [VOTRE LEÇON SUR LA VENTE].

Sur les établissements : [VOTRE LEÇON SUR LES ÉTABLISSEMENTS].

Sur les patients : [VOTRE LEÇON SUR LES PATIENTS].

Sur moi-même : vendre seul oblige à tout faire, et donc à choisir ce qu'on ne fera pas. C'est la discipline la plus difficile, et la plus utile.

Si je devais donner un seul conseil à quelqu'un qui lance un produit de santé au Cameroun, ce serait celui-ci : passez plus de temps dans les accueils que derrière votre écran. Tout ce qui compte s'apprend là-bas."
102;2028-09-20;Mer;X;"Compte X EDEN";FR;non;178;"Ce que deux ans de terrain apprennent";"Le conseil que nous donnons à tout établissement qui démarre : commencez petit, mesurez, expliquez aux patients, et ne généralisez que lorsque l'accueil vous dit que cela marche."
102;2028-09-21;Jeu;LinkedIn;"Page LinkedIn EDEN";FR;non;525;"Ce que deux ans de terrain apprennent";"Ce que deux ans de terrain nous ont appris sur la remise en ligne des résultats.

Elle réussit quand l'accueil est associé dès le début.

Elle réussit quand les patients reçoivent une explication, pas seulement un code.

Elle réussit quand l'établissement mesure avant et après.

Elle échoue quand on la lance dans la précipitation, ou quand elle est vécue comme une décision venue d'en haut.

Ces enseignements sont intégrés à notre méthode de mise en service. Ils sont à votre disposition, que vous choisissiez EDEN ou non."
102;2028-09-22;Ven;X;"Compte X EDEN";EN;non;157;"Ce que deux ans de terrain apprennent";"Two years presenting EDEN, one lesson per year. Year 1: a demo is worth ten arguments. Year 2: a satisfied facility is worth ten demos. #Cameroon #HealthTech"
103;2028-09-25;Lun;X;"Compte X EDEN";FR;non;215;"Le cœur, deux ans après";"Vendredi 29 septembre, Journée mondiale du cœur. Le meilleur ami d'un suivi au long cours, c'est la régularité. Et la régularité tient mieux quand chaque bilan retrouve sa place à côté du précédent. #Cameroun #Santé"
103;2028-09-26;Mar;LinkedIn;"Profil LinkedIn personnel";FR;non;817;"Le cœur, deux ans après";"C'est la deuxième fois que j'écris à l'occasion de la Journée mondiale du cœur, et je voudrais dire quelque chose de plus personnel.

Travailler sur un outil de santé change le regard qu'on porte sur sa propre santé. À force de parler de bilans, de suivi et de résultats perdus, on finit par se demander où sont les siens.

Je pose donc la question à ceux qui me lisent, sans donner de leçon : savez-vous où se trouve votre dernier bilan ? Sauriez-vous le montrer à un médecin demain ?

Si la réponse est non, vous n'êtes pas négligent. Vous êtes dans la situation de presque tout le monde, faute d'outil.

C'est exactement ce que je voudrais changer, à mon échelle. Pas par de grands discours sur la prévention, que d'autres portent mieux que moi. Par une chose simple : que le résultat soit là quand on en a besoin."
103;2028-09-27;Mer;X;"Compte X EDEN";FR;non;178;"Le cœur, deux ans après";"Savez-vous où se trouve votre dernier bilan de santé ? Avec un compte EDEN, la réponse est toujours la même : dans votre téléphone, à côté des précédents. [LIEN]"
103;2028-09-28;Jeu;LinkedIn;"Page LinkedIn EDEN";FR;non;522;"Le cœur, deux ans après";"29 septembre, Journée mondiale du cœur.

La prévention et le suivi reposent sur des bilans réguliers, et sur la possibilité de les comparer.

Les établissements qui utilisent EDEN offrent à leurs patients cette continuité : chaque bilan publié rejoint les précédents dans le même compte.

C'est un service simple, que les patients suivis au long cours apprécient particulièrement.

Laboratoires et cliniques : si vous avez une patientèle régulière, la remise en ligne des résultats est un moyen concret de mieux la servir."
103;2028-09-29;Ven;X;"Compte X EDEN";EN;non;188;"Le cœur, deux ans après";"World Heart Day, 29 September. Do you know where your last check-up results are? With an EDEN account the answer is always the same: on your phone, next to the earlier ones. #WorldHeartDay"
104;2028-10-02;Lun;X;"Compte X EDEN";FR;non;182;"Deux ans, et la suite";"Deux ans d'EDEN. Merci aux établissements qui ont essayé, aux patients qui ont scanné, aux médecins qui ont lu, à ceux qui ont critiqué. La suite s'écrit avec vous. #Cameroun #eSanté"
104;2028-10-03;Mar;LinkedIn;"Profil LinkedIn personnel";FR;oui;754;"Deux ans, et la suite";"EDEN a deux ans cette semaine. Voici le bilan complet.

En chiffres : [NOMBRE] établissements, dans [NOMBRE] villes ; [NOMBRE] patients rattachés ; [NOMBRE] résultats publiés.

Ce qui a tenu ses promesses : [VOTRE RÉUSSITE].

Ce qui ne les a pas tenues : [VOTRE ÉCHEC].

Ce que je ferai différemment : [VOTRE DÉCISION].

Il y a deux ans, j'écrivais ici qu'un résultat d'analyse ne devrait pas coûter un deuxième trajet. Je le pense toujours. Ce qui a changé, c'est que je sais désormais combien c'est difficile à obtenir, et combien cela en vaut la peine.

Merci aux directeurs qui m'ont fait confiance sans références, aux accueils qui ont supporté mes questions, et à tous ceux qui ont pris le temps de me contredire. La troisième année commence lundi."
104;2028-10-04;Mer;X;"Compte X EDEN";FR;non;175;"Deux ans, et la suite";"Pour la troisième année d'EDEN, le cap reste le même : qu'aucun résultat payé ne reste dans une armoire. Et la méthode aussi : essayer, mesurer, décider. Merci de nous suivre."
104;2028-10-05;Jeu;LinkedIn;"Page LinkedIn EDEN";EN;non;493;"Deux ans, et la suite";"EDEN is two years old this week.

Two years ago we wrote that a lab result should not cost a second trip across town. We still believe it. What has changed is that we now know how hard that is to achieve, and how much it is worth.

To the facilities that tried the platform, to the patients who scanned a code, to the doctors who read a shared result, and to everyone who took the time to disagree with us: thank you.

Year three starts on Monday. The demo is still open and still free: [LIEN]"
104;2028-10-06;Ven;X;"Compte X EDEN";FR;non;168;"Deux ans, et la suite";"Dernière question de cette deuxième année : que devrait faire EDEN en priorité pendant la troisième ? Une seule réponse par personne. Nous lirons tout. #Cameroun #Santé"
