semaine;date;jour;sujet;heure;canal;compte;langue;a_verifier;caracteres;theme;texte
1;2026-10-13;Mar;1;08:00;LinkedIn;Profil LinkedIn personnel;FR;non;681;Lancement : pourquoi ROHAFYA;"Je me lance.

Depuis des mois, je construis ROHAFYA, une plateforme qui permet à un laboratoire, un centre d'imagerie ou une clinique de remettre les résultats à ses patients en ligne, sans changer de logiciel.

L'idée vient d'un constat banal : au Cameroun, on fait souvent deux déplacements pour un seul examen. Un pour le prélèvement, un pour le papier.

ROHAFYA supprime le second. Le patient scanne un QR code sur sa facture, se connecte avec son e-mail et retrouve ses résultats, établissement par établissement.

Je raconterai ici, chaque semaine, ce que j'apprends en le proposant aux établissements. Si vous dirigez un laboratoire ou une clinique, j'aimerais vous écouter."
1;2026-10-13;Mar;1;11:00;LinkedIn;Page LinkedIn ROHAFYA;FR;non;526;Lancement : pourquoi ROHAFYA;"Pourquoi ROHAFYA ?

Au Cameroun, un examen coûte souvent deux déplacements : un pour le prélèvement ou l'acte, un autre pour le résultat.

ROHAFYA supprime le second. Le laboratoire, le centre d'imagerie ou la clinique publie le résultat validé ; le patient le retrouve dans son compte, sur son téléphone, avec ses factures.

Sans changer de logiciel pour l'établissement. Sans application à installer pour le patient.

Suivez cette page : chaque semaine, nous expliquerons une partie du service.

Démonstration libre : [LIEN]"
1;2026-10-13;Mar;1;12:30;X;Compte X ROHAFYA;FR;non;240;Lancement : pourquoi ROHAFYA;Un résultat d'analyse ne devrait pas coûter un deuxième trajet en taxi. Aujourd'hui, nous lançons ROHAFYA : vos résultats et vos factures de laboratoire, d'imagerie et de clinique, dans un seul compte, sur votre téléphone. #Cameroun #eSanté
1;2026-10-13;Mar;1;18:00;X;Compte X personnel;FR;non;253;Lancement : pourquoi ROHAFYA;Aujourd'hui, je lance ROHAFYA. Une conviction simple : au Cameroun, un examen ne devrait coûter qu'un seul déplacement. Le résultat doit arriver sur le téléphone du patient, pas l'attendre dans une enveloppe. Je raconterai ici ce que j'apprends. #eSanté
1;2026-10-15;Jeu;2;08:00;LinkedIn;Profil LinkedIn personnel;FR;non;661;Lancement : pourquoi ROHAFYA;"Concrètement, que fait ROHAFYA ? Je le résume en trois phrases, une par personne concernée.

Le patient retrouve ses résultats de laboratoire, d'imagerie et d'exploration, et ses factures, dans un seul compte.

L'établissement remet ses résultats sans les imprimer pour rien, avec un QR code sur la facture et un journal de toutes les opérations.

Le médecin reçoit les résultats que ses patients choisissent de lui partager.

J'ai voulu qu'on puisse juger sur pièce avant même de me parler : la démonstration est publique, sans inscription. Si vous dirigez un établissement, vingt minutes suffisent pour faire le tour de l'espace d'administration. Écrivez-moi."
1;2026-10-15;Jeu;2;11:00;LinkedIn;Page LinkedIn ROHAFYA;FR;non;523;Lancement : pourquoi ROHAFYA;"ROHAFYA est en ligne.

Pour les patients : résultats de laboratoire, d'imagerie et d'exploration, et factures, dans un seul compte.

Pour les établissements : un espace d'administration, des QR codes à remettre à l'accueil, un journal de toutes les opérations.

Pour les médecins : les résultats que leurs patients choisissent de leur partager.

Une démonstration est ouverte à tous, sans inscription : [LIEN]

Laboratoires, centres d'imagerie, cliniques : écrivez-nous en message privé pour une présentation de 20 minutes."
1;2026-10-15;Jeu;2;12:30;X;Compte X ROHAFYA;EN;non;250;Lancement : pourquoi ROHAFYA;Getting a lab result in Cameroon often means a second trip across town. ROHAFYA puts results and invoices from labs, imaging centres and clinics in one account, on your phone. Try the demo, no sign-up: [LIEN] #Cameroon #DigitalHealth
1;2026-10-15;Jeu;2;18:00;X;Compte X personnel;FR;non;252;Lancement : pourquoi ROHAFYA;Comment ça marche, en quatre gestes : le laboratoire imprime un QR code sur la facture, le patient le scanne, se connecte avec son e-mail, et retrouve ses résultats. J'ai tenu à ce que rien ne soit à installer. Essayez la démo : [LIEN]
2;2026-10-20;Mar;1;08:00;LinkedIn;Profil LinkedIn personnel;FR;non;637;Le coût caché du résultat papier;"Posez cette question autour de vous : « Combien vous a coûté votre dernier résultat d'analyse, en dehors de l'examen ? »

Presque personne n'a fait le compte. Puis les réponses viennent : le taxi ou la moto, l'attente à l'accueil, la demi-journée d'absence, et quelquefois le retour à vide parce que le résultat n'était pas prêt.

Ce coût n'apparaît sur aucune facture. Il est pourtant bien réel, et c'est le patient qui le supporte.

Un établissement qui remet ses résultats en ligne ne fait pas un geste technique. Il rend du temps et de l'argent à ses patients. C'est, à mes yeux, le premier argument en faveur des résultats en ligne."
2;2026-10-20;Mar;1;11:00;LinkedIn;Page LinkedIn ROHAFYA;FR;non;453;Le coût caché du résultat papier;"Ce que coûte vraiment un résultat d'analyse.

Le prix de l'examen figure sur la facture. Le reste n'apparaît nulle part : le transport aller-retour, l'attente à l'accueil, la demi-journée d'absence au travail, et parfois un second trajet parce que le résultat n'était pas prêt.

C'est le patient qui paie ce coût caché.

Remettre les résultats en ligne, c'est lui rendre ce temps et cet argent. C'est la raison d'être de ROHAFYA.

Démonstration : [LIEN]"
2;2026-10-20;Mar;1;12:30;X;Compte X ROHAFYA;FR;non;247;Le coût caché du résultat papier;Faites le calcul : un aller-retour pour récupérer un résultat, c'est le prix du transport, une demi-journée perdue et parfois une permission à demander. Multipliez par le nombre de patients d'un laboratoire. Qui paie ? Le patient. #Cameroun #Santé
2;2026-10-20;Mar;1;18:00;X;Compte X personnel;FR;non;223;Le coût caché du résultat papier;Petite enquête autour de moi : « Combien t'a coûté ton dernier résultat d'analyse, en dehors de l'examen ? » Taxi, attente, demi-journée perdue, parfois un retour à vide. Personne n'avait fait le compte. Et vous ? #Cameroun
2;2026-10-22;Jeu;2;08:00;LinkedIn;Profil LinkedIn personnel;FR;non;601;Le coût caché du résultat papier;"On me demande souvent si ROHAFYA veut supprimer le résultat papier. Non.

Le papier rassure beaucoup de patients, et certains médecins le demandent encore. Il reste disponible à l'accueil pour ceux qui le veulent.

Ce que je veux supprimer, c'est la dépendance au papier : devoir revenir pour l'avoir, le perdre, le chercher dans un sac le jour de la consultation.

Avec ROHAFYA, le patient est prévenu dès que son résultat est publié et le consulte où il veut. L'accueil, lui, cesse de répondre toute la journée à la même question : « Est-ce que c'est prêt ? »

Le service s'ajoute. Il n'enlève rien."
2;2026-10-22;Jeu;2;11:00;LinkedIn;Page LinkedIn ROHAFYA;FR;non;485;Le coût caché du résultat papier;"Le résultat papier a un coût caché.

Pour le patient : un déplacement de plus, du temps d'attente, parfois un retour à vide.

Pour l'établissement : un accueil encombré, des enveloppes à classer, des résultats jamais retirés, des appels pour savoir « si c'est prêt ».

ROHAFYA ne supprime pas le papier. Il permet de ne plus en dépendre : le résultat validé est disponible en ligne, dans le compte du patient, et l'accueil retrouve du temps pour le reste.

Démonstration libre : [LIEN]"
2;2026-10-22;Jeu;2;12:30;X;Compte X ROHAFYA;EN;non;204;Le coût caché du résultat papier;The hidden cost of a paper result: transport, half a day off work, and sometimes a wasted trip because it was not ready yet. Online results give that time and money back to patients. #Cameroon #HealthTech
2;2026-10-22;Jeu;2;18:00;X;Compte X personnel;FR;non;251;Le coût caché du résultat papier;ROHAFYA ne supprime pas le papier. Le patient qui le veut le récupère comme avant. Les autres sont prévenus dans leur compte dès que le résultat est publié et le lisent chez eux. Je préfère ajouter une option qu'en retirer une. [LIEN]
3;2026-10-27;Mar;1;08:00;LinkedIn;Profil LinkedIn personnel;FR;non;678;WhatsApp n'est pas un coffre-fort;"Beaucoup d'établissements envoient déjà les résultats par WhatsApp. Je comprends pourquoi : tout le monde l'a, c'est immédiat, et le patient le demande.

Mais posez-vous trois questions. Qui a envoyé ce résultat, et à quel numéro ? Le téléphone qui l'a reçu est-il bien celui du patient ? Si le patient conteste, pouvez-vous le prouver ?

Dans la plupart des cas, la réponse est non. Un numéro mal saisi suffit pour qu'un résultat arrive chez un inconnu.

Je ne dis pas qu'il faut abandonner WhatsApp. On peut très bien y envoyer le lien de rattachement à ROHAFYA. La différence, c'est que le résultat lui-même reste dans un compte protégé, et que chaque accès laisse une trace."
3;2026-10-27;Mar;1;11:00;LinkedIn;Page LinkedIn ROHAFYA;FR;non;516;WhatsApp n'est pas un coffre-fort;"Envoyer un résultat par WhatsApp : rapide, mais risqué.

Un chiffre mal saisi, et le résultat arrive chez un inconnu.
Un téléphone partagé, et toute la famille peut le lire.
Un litige, et l'établissement n'a aucune preuve de ce qu'il a envoyé.

WhatsApp reste un excellent moyen de prévenir un patient. Avec ROHAFYA, vous pouvez continuer à l'utiliser pour envoyer le lien de rattachement. Le résultat, lui, reste dans un compte protégé, et chaque accès laisse une trace.

Présentation sur demande, en message privé."
3;2026-10-27;Mar;1;12:30;X;Compte X ROHAFYA;FR;non;236;WhatsApp n'est pas un coffre-fort;Envoyer un résultat médical par WhatsApp, c'est rapide. C'est aussi une photo qui peut partir au mauvais numéro, rester sur un téléphone prêté ou être transférée sans contrôle. La santé mérite mieux qu'une pièce jointe. #Cameroun #Santé
3;2026-10-27;Mar;1;18:00;X;Compte X personnel;FR;non;238;WhatsApp n'est pas un coffre-fort;Trois questions à tout établissement qui envoie ses résultats par WhatsApp : qui l'a envoyé ? À quel numéro ? Pouvez-vous le prouver si le patient conteste ? Dans la plupart des cas, aucune réponse. C'est ce qui m'a fait réfléchir. #Santé
3;2026-10-29;Jeu;2;08:00;LinkedIn;Profil LinkedIn personnel;FR;non;644;WhatsApp n'est pas un coffre-fort;"Comment protège-t-on un résultat sans compliquer la vie du patient ? C'est la question sur laquelle j'ai passé le plus de temps.

J'ai écarté le mot de passe : on l'oublie, on le note sur un papier, on le partage.

J'ai retenu un code à 6 chiffres, envoyé par e-mail, valable 10 minutes et utilisable une seule fois. Le patient n'a rien à retenir. Celui qui ne reçoit pas l'e-mail ne peut pas entrer.

Du côté de l'établissement, chaque opération sensible est inscrite au journal : qui a fait quoi, et quand.

Ce n'est pas spectaculaire. C'est ce qui permet de dire à un directeur, sans exagérer, ce que fait l'outil pour protéger ses patients."
3;2026-10-29;Jeu;2;11:00;LinkedIn;Page LinkedIn ROHAFYA;FR;non;518;WhatsApp n'est pas un coffre-fort;"WhatsApp est un excellent outil pour prévenir un patient. Ce n'est pas un endroit où conserver un résultat médical.

Trois risques concrets : le mauvais destinataire, le téléphone partagé, l'absence de preuve en cas de litige.

Avec ROHAFYA, l'établissement peut continuer à utiliser WhatsApp pour envoyer le lien de rattachement. Le résultat, lui, reste dans le compte du patient, accessible après connexion, et chaque opération est inscrite au journal de l'établissement.

Présentation sur demande, en message privé."
3;2026-10-29;Jeu;2;12:30;X;Compte X ROHAFYA;EN;non;196;WhatsApp n'est pas un coffre-fort;Sending lab results over WhatsApp is fast. It is also one wrong digit away from a stranger's phone. A result belongs in a protected account, not in a chat thread. #Cameroon #DigitalHealth #Privacy
3;2026-10-29;Jeu;2;18:00;X;Compte X personnel;FR;non;256;WhatsApp n'est pas un coffre-fort;Dans ROHAFYA, le résultat ne circule pas : il reste dans le compte du patient. Pour entrer, un code à 6 chiffres reçu par e-mail, valable 10 minutes, à usage unique. Pas de mot de passe à oublier, pas de pièce jointe qui se promène. [LIEN]
4;2026-11-03;Mar;1;08:00;LinkedIn;Profil LinkedIn personnel;FR;non;639;La démonstration en deux minutes;"Quand je présente ROHAFYA, je ne commence pas par des diapositives. J'ouvre la démonstration et je tends le téléphone.

La personne voit un tableau de bord, des résultats de laboratoire avec leurs normes, un compte rendu d'imagerie, des factures. Elle clique, elle revient en arrière, elle pose des questions précises.

Ma conviction : une démonstration qu'on manipule soi-même convainc mieux que dix arguments.

C'est pour cela que la démo de ROHAFYA est publique et sans inscription. Les données sont fictives, rien n'est enregistré. Essayez-la, puis dites-moi ce qui vous a manqué : c'est le retour le plus utile que je puisse recevoir."
4;2026-11-03;Mar;1;11:00;LinkedIn;Page LinkedIn ROHAFYA;FR;non;482;La démonstration en deux minutes;"Voir avant de parler.

La démonstration de ROHAFYA est ouverte à tous, sans inscription. Elle présente un patient fictif : tableau de bord, résultats de laboratoire avec leurs normes, compte rendu d'imagerie, factures, partage d'un résultat avec un médecin.

Les données sont inventées et rien n'est enregistré. Deux minutes suffisent, sur un téléphone ou un ordinateur.

Essayez-la, puis dites-nous ce qui vous a manqué : vos retours orientent nos prochaines améliorations.

[LIEN]"
4;2026-11-03;Mar;1;12:30;X;Compte X ROHAFYA;FR;non;247;La démonstration en deux minutes;Vous voulez voir ROHAFYA avant d'en parler ? La démonstration est ouverte : un patient fictif, des résultats inventés, aucune inscription. Deux minutes suffisent pour comprendre ce que verra votre patient. [LIEN] #Cameroun #eSanté
4;2026-11-03;Mar;1;18:00;X;Compte X personnel;FR;non;235;La démonstration en deux minutes;Quand je présente ROHAFYA, je n'ouvre pas de diapositives. Je tends le téléphone avec la démonstration et je me tais. Les questions qui suivent valent plus que tous mes arguments. Essayez-la, elle est publique : [LIEN]
4;2026-11-05;Jeu;2;08:00;LinkedIn;Profil LinkedIn personnel;FR;non;659;La démonstration en deux minutes;"Un conseil à tous ceux qui vendent un logiciel : laissez les gens le toucher avant de leur en parler.

La démonstration de ROHAFYA est publique. Un patient fictif, des résultats de laboratoire avec leurs normes, un compte rendu d'imagerie, des factures, le partage avec un médecin. Rien n'est enregistré.

Je la propose même aux directeurs que je n'ai jamais rencontrés. S'ils la trouvent inutile, j'ai gagné du temps. S'ils reviennent avec une question précise, la conversation commence au bon endroit.

L'interface est en français pour l'instant. Pour voir aussi l'espace d'administration d'un établissement, je fais la visite en vingt minutes. Écrivez-moi."
4;2026-11-05;Jeu;2;11:00;LinkedIn;Page LinkedIn ROHAFYA;FR;non;560;La démonstration en deux minutes;"Voyez ROHAFYA avant de nous parler.

La démonstration est publique et ne demande aucune inscription. Vous y trouvez un patient fictif avec des résultats de laboratoire et leurs valeurs de référence, des comptes rendus d'imagerie, des factures, et la possibilité de partager un résultat avec un médecin. Rien n'est enregistré.

Deux minutes suffisent, sur téléphone ou ordinateur.

Vous dirigez un laboratoire, un centre d'imagerie ou une clinique et voulez voir aussi l'espace d'administration ? Écrivez-nous : nous vous le présentons en vingt minutes.

[LIEN]"
4;2026-11-05;Jeu;2;12:30;X;Compte X ROHAFYA;EN;non;247;La démonstration en deux minutes;Want to see ROHAFYA before talking to us? The demo is public: a fictional patient, lab results with reference ranges, imaging reports, invoices. No sign-up, nothing stored. The interface is in French for now. [LIEN] #DigitalHealth
4;2026-11-05;Jeu;2;18:00;X;Compte X personnel;FR;non;249;La démonstration en deux minutes;Ce que vous verrez dans la démo ROHAFYA : un tableau de bord, des résultats avec valeurs et normes, de l'imagerie, des factures, le partage d'un résultat avec un médecin. Tout est fictif, rien n'est enregistré. Deux minutes : [LIEN]
5;2026-11-10;Mar;1;08:00;LinkedIn;Profil LinkedIn personnel;FR;non;743;Suivre ses analyses dans le temps;"Beaucoup de familles connaissent cette scène. Un proche suit un traitement au long cours ; à chaque consultation, le médecin demande les résultats précédents, et l'on cherche dans un sac une enveloppe froissée, quand elle n'est pas restée à la maison.

Le problème n'est pas l'examen. C'est la mémoire. Les résultats existent, mais ils sont dispersés entre plusieurs laboratoires, plusieurs années, plusieurs chemises.

C'est l'une des raisons d'être de ROHAFYA : un compte unique, où les résultats de différents établissements se retrouvent côte à côte, datés, avec leurs valeurs de référence.

Cette semaine de la Journée mondiale du diabète est un bon moment pour le rappeler : suivre une maladie, c'est d'abord pouvoir relire son histoire."
5;2026-11-10;Mar;1;11:00;LinkedIn;Page LinkedIn ROHAFYA;FR;non;534;Suivre ses analyses dans le temps;"Journée mondiale du diabète, 14 novembre.

Pour suivre une maladie chronique, un résultat seul dit peu. Ce qui compte, c'est l'évolution, d'un examen à l'autre.

Or les anciens résultats sont souvent dispersés : plusieurs laboratoires, plusieurs années, des enveloppes égarées.

ROHAFYA réunit dans un même compte les résultats publiés par chaque établissement auquel le patient est rattaché : datés, avec leurs valeurs et leurs normes. Le patient arrive en consultation avec son historique.

L'interprétation, elle, reste au médecin."
5;2026-11-10;Mar;1;12:30;X;Compte X ROHAFYA;FR;non;210;Suivre ses analyses dans le temps;Cette semaine, Journée mondiale du diabète (14 novembre). Pour une maladie chronique, un résultat isolé dit peu. Ce qui compte, c'est la série. Encore faut-il retrouver les anciens résultats. #Diabète #Cameroun
5;2026-11-10;Mar;1;18:00;X;Compte X personnel;FR;non;240;Suivre ses analyses dans le temps;Cette semaine, Journée mondiale du diabète. Je repense à ces consultations où l'on cherche dans un sac l'enveloppe du dernier bilan. Pour une maladie chronique, le résultat isolé compte moins que la série. Encore faut-il la garder. #Diabète
5;2026-11-12;Jeu;2;08:00;LinkedIn;Profil LinkedIn personnel;FR;non;657;Suivre ses analyses dans le temps;"Je pense souvent aux patients qui reviennent tous les trois mois au laboratoire. Ce sont eux qui ont le plus besoin de retrouver leurs anciens résultats.

Pour un établissement, ce sont aussi les patients les plus fidèles. Leur offrir un historique consultable, c'est un service concret, qui se voit à chaque visite.

Dans ROHAFYA, chaque résultat de laboratoire affiche la valeur, l'unité et les normes, et signale ce qui sort de la norme. Les résultats s'accumulent dans le compte du patient, examen après examen.

Je tiens à une limite : ROHAFYA n'interprète rien. Il présente fidèlement ce que le laboratoire a validé. Le reste est l'affaire du médecin."
5;2026-11-12;Jeu;2;11:00;LinkedIn;Page LinkedIn ROHAFYA;FR;non;515;Suivre ses analyses dans le temps;"Journée mondiale du diabète, 14 novembre.

Le suivi d'une maladie chronique repose sur des examens répétés. Leur valeur vient de la comparaison dans le temps.

ROHAFYA conserve, dans le compte du patient, les résultats publiés par chaque établissement auquel son dossier est rattaché : date, valeurs, unités, normes.

Pour un laboratoire, c'est un service rendu à ses patients réguliers, ceux qui reviennent tous les trois mois et qui ont le plus besoin de retrouver leurs anciens résultats.

Démonstration : [LIEN]"
5;2026-11-12;Jeu;2;12:30;X;Compte X ROHAFYA;EN;non;215;Suivre ses analyses dans le temps;"World Diabetes Day is this week. For chronic conditions, one result says little; the trend says a lot. That only works if past results are easy to find. ROHAFYA keeps them in one account. #WorldDiabetesDay #Cameroon"
5;2026-11-12;Jeu;2;18:00;X;Compte X personnel;FR;non;247;Suivre ses analyses dans le temps;Un patient diabétique qui arrive en consultation avec ses six derniers résultats sur son téléphone, au lieu d'une enveloppe oubliée : c'est l'image qui m'a fait commencer ROHAFYA. L'interprétation reste au médecin. [LIEN] #Diabète
6;2026-11-17;Mar;1;08:00;LinkedIn;Profil LinkedIn personnel;FR;non;712;Le programme établissements fondateurs;"Je n'ai pas encore de client à citer. Je préfère le dire clairement.

ROHAFYA fonctionne, la démonstration est publique, mais aucun logiciel ne se juge sur une démo. Il se juge dans un vrai accueil, un lundi matin, avec de vrais patients.

C'est pourquoi j'ouvre un programme pour cinq établissements fondateurs à Douala et Yaoundé. Je prends en charge l'installation, je forme l'accueil, je reste disponible pendant 60 jours. Ensuite, l'établissement décide de continuer ou d'arrêter, sans engagement.

Ce que je demande en retour : des retours honnêtes, et, si le résultat est là, le droit de le raconter.

Si cela vous parle, ou si vous connaissez un directeur de laboratoire curieux, mettez-nous en relation."
6;2026-11-17;Mar;1;11:00;LinkedIn;Page LinkedIn ROHAFYA;FR;non;553;Le programme établissements fondateurs;"Pourquoi un programme « établissements fondateurs » ?

Parce qu'un logiciel ne se juge pas sur une démonstration. Il se juge dans un vrai accueil, avec de vrais patients, un lundi matin.

Nous proposons donc à cinq établissements de Douala et Yaoundé d'essayer ROHAFYA dans ces conditions réelles : mise en service offerte, formation de l'accueil, 60 jours d'accompagnement. À la fin de l'essai, l'établissement décide librement de continuer ou d'arrêter.

Vous dirigez un laboratoire, un centre d'imagerie ou une clinique ? Parlons-en en message privé."
6;2026-11-17;Mar;1;12:30;X;Compte X ROHAFYA;FR;non;242;Le programme établissements fondateurs;Nous cherchons 5 établissements fondateurs : laboratoires, centres d'imagerie ou cliniques, à Douala ou Yaoundé. Installation offerte, 60 jours d'essai accompagné, tarif préférentiel la première année. En échange : votre avis franc. #Cameroun
6;2026-11-17;Mar;1;18:00;X;Compte X personnel;FR;non;237;Le programme établissements fondateurs;Je n'ai pas encore de client à citer, et je préfère le dire. C'est pour ça que j'ouvre 5 places d'établissements fondateurs à Douala et Yaoundé : installation offerte, 60 jours d'essai accompagné, aucun engagement. Écrivez-moi. #Cameroun
6;2026-11-19;Jeu;2;08:00;LinkedIn;Profil LinkedIn personnel;FR;non;600;Le programme établissements fondateurs;"Ce que j'attends d'un établissement fondateur, concrètement.

Un référent : une personne de l'accueil ou de la direction avec qui faire le point chaque semaine.

Des retours francs : ce qui gêne, ce qui manque, ce que les patients disent au comptoir.

Et, si les résultats sont là, l'accord de le raconter.

En échange, je prends en charge la mise en service, je forme l'accueil, je reste disponible pendant 60 jours, et la première année se fait à un tarif préférentiel.

Il reste des places. Si vous connaissez un directeur de laboratoire curieux, une mise en relation me rendrait un grand service."
6;2026-11-19;Jeu;2;11:00;LinkedIn;Page LinkedIn ROHAFYA;FR;non;508;Le programme établissements fondateurs;"Programme « établissements fondateurs » : cinq places.

Pour qui : laboratoires d'analyses, centres d'imagerie et cliniques privées de Douala et Yaoundé.

Ce que vous recevez : mise en service offerte, formation de votre accueil, 60 jours d'essai accompagné, tarif préférentiel la première année.

Ce que nous demandons : un référent dans l'établissement, des retours réguliers, et votre accord pour témoigner si vous êtes satisfaits.

Pour candidater, un message privé suffit. Nous répondons sous 48 heures."
6;2026-11-19;Jeu;2;12:30;X;Compte X ROHAFYA;EN;non;226;Le programme établissements fondateurs;We are looking for 5 founding partners: private labs, imaging centres or clinics in Douala and Yaoundé. Free setup, a 60-day guided trial, and a preferential rate for year one. In return: honest feedback. #Cameroon #HealthTech
6;2026-11-19;Jeu;2;18:00;X;Compte X personnel;FR;non;237;Le programme établissements fondateurs;Ce que je fournis aux établissements fondateurs : création de leur espace, formation de l'accueil, QR codes prêts à remettre, accompagnement pendant 60 jours. Ce que je demande : un référent et des retours honnêtes. Message privé ouvert.
7;2026-11-24;Mar;1;08:00;LinkedIn;Profil LinkedIn personnel;FR;non;663;Le QR code sur la facture;"La question qui revient le plus souvent : « Comment le patient s'inscrit-il ? »

Ma réponse tient en un objet : la facture. Le patient la reçoit de toute façon. On y imprime un QR code, ou on lui remet un petit ticket à l'accueil.

Il scanne, il saisit son e-mail, il reçoit un code, et son dossier est rattaché à son compte. Si l'e-mail qu'il utilise est celui que l'établissement connaît, c'est immédiat. Sinon, l'accueil valide après avoir vérifié son identité.

J'aime cette mécanique parce qu'elle ne demande aucun effort nouveau à personne. L'accueil remet un papier, comme d'habitude. Le patient utilise l'appareil photo de son téléphone, comme d'habitude."
7;2026-11-24;Mar;1;11:00;LinkedIn;Page LinkedIn ROHAFYA;FR;non;480;Le QR code sur la facture;"Pas de formulaire d'inscription. Un QR code sur la facture.

En sortant de l'établissement, le patient a déjà un papier en main : sa facture. C'est là que ROHAFYA place la clé de son dossier.

Il scanne le code, saisit son adresse e-mail, reçoit un code de connexion. Si cette adresse est celle que l'établissement connaît, le dossier est rattaché aussitôt. Sinon, l'accueil valide après avoir vérifié son identité.

Rien de nouveau à apprendre pour l'accueil, ni pour le patient."
7;2026-11-24;Mar;1;12:30;X;Compte X ROHAFYA;FR;non;218;Le QR code sur la facture;Le patient a déjà un papier en main en sortant du laboratoire : sa facture. ROHAFYA y ajoute un QR code. C'est la clé de son dossier, à usage unique. Pas de formulaire, pas de mot de passe à inventer. #Cameroun #eSanté
7;2026-11-24;Mar;1;18:00;X;Compte X personnel;FR;non;234;Le QR code sur la facture;La question qu'on me pose le plus : « Comment le patient s'inscrit-il ? » Ma réponse tient en un objet : la facture. On y imprime un QR code. Il scanne, saisit son e-mail, reçoit un code. Personne n'a d'effort nouveau à faire. #eSanté
7;2026-11-26;Jeu;2;08:00;LinkedIn;Profil LinkedIn personnel;FR;non;601;Le QR code sur la facture;"Un détail auquel je tiens : le QR code de ROHAFYA ne sert qu'une fois.

S'il pouvait servir plusieurs fois, une facture perdue ou photographiée deviendrait une porte d'entrée vers le dossier de quelqu'un d'autre.

Alors le code expire après usage, et après 30 jours par défaut, une durée que l'établissement peut régler. S'il est perdu, l'accueil en génère un nouveau, et l'ancien est aussitôt annulé.

Pour ceux qui ne scannent pas, il existe un code court à saisir à la main.

Ce genre de règle ne se voit pas dans une démonstration. C'est pourtant ce qui distingue un outil pratique d'un outil sûr."
7;2026-11-26;Jeu;2;11:00;LinkedIn;Page LinkedIn ROHAFYA;FR;non;492;Le QR code sur la facture;"Le rattachement par QR code, en quatre étapes.

1. L'établissement génère un QR code pour le dossier du patient, depuis son espace d'administration ou directement depuis son logiciel.

2. Le patient le scanne à la sortie ou chez lui.

3. Il se connecte avec son adresse e-mail et un code à 6 chiffres.

4. Son dossier est rattaché : ses résultats et ses factures apparaissent dans son compte.

Le code ne sert qu'une fois. S'il est perdu, l'accueil en génère un autre, et l'ancien est annulé."
7;2026-11-26;Jeu;2;12:30;X;Compte X ROHAFYA;EN;non;200;Le QR code sur la facture;The key to a patient's record is already in their hand: the invoice. ROHAFYA prints a single-use QR code on it. Scan, enter your email, done. No form, no password to remember. #Cameroon #DigitalHealth
7;2026-11-26;Jeu;2;18:00;X;Compte X personnel;FR;non;247;Le QR code sur la facture;Le QR code de ROHAFYA ne sert qu'une fois et expire après 30 jours par défaut. Un nouveau code annule l'ancien. Ceux qui ne scannent pas saisissent un code court, du type H5C-XJVW. J'ai voulu que la facture perdue ne soit jamais une porte ouverte.
8;2026-12-01;Mar;1;08:00;LinkedIn;Profil LinkedIn personnel;FR;non;699;La confidentialité d'un résultat;"Certains résultats changent une vie. Leur remise mérite plus de soin qu'une enveloppe posée sur un comptoir où tout le monde attend.

En préparant ROHAFYA, j'ai beaucoup pensé à cette scène : le nom appelé à voix haute, l'enveloppe tendue, le voisin de file qui regarde.

Le numérique ne règle pas tout, et l'annonce d'un résultat sensible doit rester un moment humain, avec un professionnel. Mais il règle au moins une chose : le résultat ne traîne pas, et il n'est lisible que par la personne qui s'est connectée à son compte.

En cette semaine du 1er décembre, je voulais redire que la confidentialité n'est pas une option. C'est une condition de la confiance entre un patient et son laboratoire."
8;2026-12-01;Mar;1;11:00;LinkedIn;Page LinkedIn ROHAFYA;FR;non;476;La confidentialité d'un résultat;"1er décembre, Journée mondiale de lutte contre le sida.

Certains résultats changent une vie. Leur remise mérite mieux qu'une enveloppe posée sur un comptoir où tout le monde attend.

L'annonce d'un résultat sensible doit rester un moment humain, avec un professionnel. Mais une fois validé, le résultat n'a pas à traîner : avec ROHAFYA, il n'est lisible que par la personne qui s'est connectée à son compte.

Protéger les résultats, c'est aussi protéger l'accès au dépistage."
8;2026-12-01;Mar;1;12:30;X;Compte X ROHAFYA;FR;non;239;La confidentialité d'un résultat;Cette semaine, Journée mondiale de lutte contre le sida (1er décembre). Un rappel utile : la confidentialité d'un résultat n'est pas un détail technique. C'est ce qui décide certaines personnes à se faire dépister, ou non. #Cameroun #Santé
8;2026-12-01;Mar;1;18:00;X;Compte X personnel;FR;non;247;La confidentialité d'un résultat;Journée mondiale de lutte contre le sida cette semaine. Je repense au nom appelé à voix haute dans une salle d'attente, à l'enveloppe tendue devant tout le monde. La confidentialité d'un résultat décide parfois de qui ose se faire dépister. #Santé
8;2026-12-03;Jeu;2;08:00;LinkedIn;Profil LinkedIn personnel;FR;non;649;La confidentialité d'un résultat;"Une règle que j'ai posée dès le premier jour de développement : un établissement ne voit que ses propres patients.

Cela paraît évident. Mais sur une plateforme partagée par plusieurs laboratoires, c'est la première inquiétude d'un directeur : « Mes concurrents verront-ils mes patients ? »

La réponse est non. Chaque établissement a son espace, ses données, sa clé. Seul le patient voit l'ensemble de ses propres résultats, d'où qu'ils viennent.

Et chaque opération sensible est tracée : qui a fait quoi, et quand.

La confidentialité n'est pas une fonction parmi d'autres. C'est la condition pour qu'un patient fasse confiance à son laboratoire."
8;2026-12-03;Jeu;2;11:00;LinkedIn;Page LinkedIn ROHAFYA;FR;non;610;La confidentialité d'un résultat;"La confidentialité n'est pas une fonction. C'est la raison pour laquelle les patients font confiance à leur laboratoire.

Avec ROHAFYA, un résultat n'est ni laissé sur un comptoir, ni transféré dans une discussion. Il se trouve dans le compte du patient, derrière un code à usage unique envoyé à son adresse e-mail.

Chaque établissement ne voit que ses propres patients. Chaque opération sensible est inscrite au journal : qui a fait quoi, et quand.

Pour beaucoup, la peur d'être vu est une raison de ne pas se faire dépister. Protéger les résultats, c'est protéger l'accès aux soins.

Démonstration : [LIEN]"
8;2026-12-03;Jeu;2;12:30;X;Compte X ROHAFYA;EN;non;242;La confidentialité d'un résultat;With ROHAFYA, each facility only sees its own patients, and every sensitive operation is logged: who did what, and when. Patients reach their results with a one-time code sent by email. Confidentiality is a rule, not a setting. #DigitalHealth
8;2026-12-03;Jeu;2;18:00;X;Compte X personnel;FR;non;244;La confidentialité d'un résultat;Dans ROHAFYA, chaque établissement ne voit que ses propres patients. Un administrateur ne peut pas ouvrir les dossiers d'un autre établissement. Pour moi, ce cloisonnement n'est pas un réglage : c'est la règle de départ. [LIEN]
9;2026-12-08;Mar;1;08:00;LinkedIn;Profil LinkedIn personnel;FR;non;636;L'accès commence par l'information;"On parle beaucoup de l'accès aux soins. On parle moins de l'accès à sa propre information.

Prenez un cas courant : un examen fait dans une autre ville, lors d'un déplacement. Le résultat y reste. Trop loin, trop cher pour y retourner. Alors on refait l'examen ailleurs.

Deux examens payés pour une seule réponse : ce gaspillage-là est invisible dans les statistiques, mais il pèse sur les familles.

La couverture sanitaire universelle avance au Cameroun, et c'est une bonne nouvelle. Je crois que le numérique peut y contribuer modestement, en faisant en sorte qu'aucun résultat payé ne soit perdu faute de pouvoir venir le chercher."
9;2026-12-08;Mar;1;11:00;LinkedIn;Page LinkedIn ROHAFYA;FR;non;521;L'accès commence par l'information;"12 décembre, Journée de la couverture sanitaire universelle.

L'accès aux soins comprend aussi l'accès à sa propre information médicale.

Un cas courant : un examen fait dans une autre ville, lors d'un déplacement. Le résultat y reste, trop loin pour aller le chercher. Alors on refait l'examen ailleurs, et on paie deux fois.

Avec ROHAFYA, le résultat publié par l'établissement est disponible dans le compte du patient, où qu'il se trouve.

Aucun résultat payé ne devrait être perdu faute de pouvoir venir le chercher."
9;2026-12-08;Mar;1;12:30;X;Compte X ROHAFYA;FR;non;233;L'accès commence par l'information;Cette semaine, Journée de la couverture sanitaire universelle (12 décembre). L'accès aux soins, c'est aussi l'accès à sa propre information médicale. Un résultat qu'on ne peut pas récupérer est un examen à moitié fait. #CSU #Cameroun
9;2026-12-08;Mar;1;18:00;X;Compte X personnel;FR;non;231;L'accès commence par l'information;On parle beaucoup d'accès aux soins, moins d'accès à sa propre information. Un examen fait à Douala lors d'un voyage, un résultat resté là-bas, un examen refait à Bafoussam. Deux examens payés pour une seule réponse. #CSU #Cameroun
9;2026-12-10;Jeu;2;08:00;LinkedIn;Profil LinkedIn personnel;FR;non;646;L'accès commence par l'information;"Un examen n'a de valeur que s'il arrive jusqu'au bout de la chaîne : du laboratoire au patient, puis du patient à son médecin.

J'ai longtemps vu cette chaîne se casser au milieu. Le résultat est prêt, mais le patient ne revient pas. Ou il revient, mais le médecin ne le voit jamais.

ROHAFYA est construit pour boucler cette chaîne : le résultat validé est publié dans le compte du patient, et c'est le patient qui décide de le partager avec le médecin de son choix.

Moins de résultats oubliés, moins d'examens refaits. Ce n'est pas une révolution. C'est une contribution modeste, établissement par établissement, à un meilleur accès aux soins."
9;2026-12-10;Jeu;2;11:00;LinkedIn;Page LinkedIn ROHAFYA;FR;non;529;L'accès commence par l'information;"12 décembre, Journée de la couverture sanitaire universelle.

Un examen n'a de valeur que si son résultat arrive jusqu'au patient, puis jusqu'au médecin.

ROHAFYA aide les établissements à boucler cette chaîne : le résultat validé est publié dans le compte du patient, où qu'il se trouve, et le patient peut le partager avec le médecin de son choix.

Moins de résultats jamais retirés, moins d'examens refaits, moins de déplacements. C'est une contribution concrète, à l'échelle d'un établissement, à un meilleur accès aux soins."
9;2026-12-10;Jeu;2;12:30;X;Compte X ROHAFYA;EN;non;175;L'accès commence par l'information;Universal Health Coverage Day is this week. Access to care includes access to your own results. A test you cannot collect is a test half done. #UHCDay #Cameroon #DigitalHealth
9;2026-12-10;Jeu;2;18:00;X;Compte X personnel;FR;non;245;L'accès commence par l'information;Le patient de Bafoussam qui fait son examen à Douala retrouve son résultat dans ROHAFYA sans refaire le trajet, dès lors que l'établissement l'utilise. Un seul compte, peu importe la ville. C'est ce que j'appelle l'accès. [LIEN]
10;2026-12-15;Mar;1;08:00;LinkedIn;Profil LinkedIn personnel;FR;non;651;Un seul compte, plusieurs établissements;"J'aurais pu concevoir ROHAFYA comme « le portail de votre laboratoire » : un site par établissement. J'ai fait le choix inverse.

Mettez-vous à la place du patient : il ne veut pas une application par laboratoire, il en a déjà trop sur son téléphone.

Un patient ne raisonne pas par établissement. Il a une santé, et des examens faits un peu partout.

ROHAFYA est donc construit à l'envers : un seul compte par personne, identifié par son e-mail, auquel viennent se rattacher les dossiers de chaque établissement. Le laboratoire garde ses données, sa relation avec le patient, son nom affiché. Le patient, lui, garde un seul endroit où tout retrouver."
10;2026-12-15;Mar;1;11:00;LinkedIn;Page LinkedIn ROHAFYA;FR;non;513;Un seul compte, plusieurs établissements;"Un patient ne raisonne pas par établissement.

Il fait une analyse dans un laboratoire, une échographie dans un centre d'imagerie, une consultation dans une clinique. Trois lieux, trois enveloppes.

ROHAFYA est conçu autour de lui : un seul compte, identifié par son adresse e-mail, auquel se rattachent les dossiers de chaque établissement.

Chaque résultat indique l'établissement qui l'a produit. L'établissement garde ses données et sa relation avec le patient. Le patient, lui, retrouve tout au même endroit."
10;2026-12-15;Mar;1;12:30;X;Compte X ROHAFYA;FR;non;205;Un seul compte, plusieurs établissements;Laboratoire ici, radiologie là-bas, clinique ailleurs : trois enveloppes, trois endroits. ROHAFYA réunit tout dans un seul compte. Chaque résultat indique l'établissement qui l'a produit. #Cameroun #eSanté
10;2026-12-15;Mar;1;18:00;X;Compte X personnel;FR;non;224;Un seul compte, plusieurs établissements;J'aurais pu faire de ROHAFYA « le portail de votre laboratoire ». J'ai choisi l'inverse : un seul compte par patient, quel que soit l'établissement. Personne ne veut une application par laboratoire sur son téléphone. #eSanté
10;2026-12-17;Jeu;2;08:00;LinkedIn;Profil LinkedIn personnel;FR;non;574;Un seul compte, plusieurs établissements;"On me demande parfois si ROHAFYA ne met pas les laboratoires en concurrence. Je pense le contraire.

Chaque établissement garde son nom affiché sur ses résultats, ses données cloisonnées et ses propres règles : durée d'accès, validité des QR codes.

Mais plus il y a d'établissements équipés dans une ville, plus le compte du patient devient utile. Et plus le patient a l'habitude de retrouver ses résultats en ligne, plus il le demandera au prochain laboratoire.

C'est un bénéfice partagé. Le premier établissement d'un quartier à le proposer en profite le plus longtemps."
10;2026-12-17;Jeu;2;11:00;LinkedIn;Page LinkedIn ROHAFYA;FR;non;493;Un seul compte, plusieurs établissements;"Un compte, plusieurs établissements.

Pour le patient : un seul endroit pour ses résultats de laboratoire, d'imagerie, d'exploration et ses factures, quel que soit l'établissement.

Pour l'établissement : son nom est affiché sur chaque résultat, ses données restent cloisonnées, et il fixe ses propres règles (durée d'accès, validité des QR codes).

Plus les établissements d'une ville utilisent ROHAFYA, plus le compte du patient devient utile. C'est un bénéfice partagé, pas une concurrence."
10;2026-12-17;Jeu;2;12:30;X;Compte X ROHAFYA;EN;non;186;Un seul compte, plusieurs établissements;One patient, one account, many facilities. ROHAFYA gathers results from every lab, imaging centre and clinic that uses it, and each result shows where it came from. #Cameroon #HealthTech
10;2026-12-17;Jeu;2;18:00;X;Compte X personnel;FR;non;242;Un seul compte, plusieurs établissements;Ajouter un deuxième établissement à son compte ROHAFYA : scanner le QR code de la nouvelle facture, ou saisir le code court dans « Mes établissements ». Et on peut en retirer un quand on veut. Le patient garde la main. [LIEN]
11;2026-12-22;Mar;1;08:00;LinkedIn;Profil LinkedIn personnel;FR;non;575;Les fêtes, les voyages, la famille;"Beaucoup de familles camerounaises vivent à distance : un parent à Yaoundé, un enfant à Douala, un autre à l'étranger.

Quand le parent fait un bilan, c'est souvent l'enfant qui paie, et qui voudrait comprendre le résultat. Aujourd'hui, cela passe par des photos envoyées au téléphone, floues, incomplètes.

Avec un compte ROHAFYA, le parent peut montrer son résultat complet, depuis son téléphone, ou le partager avec le médecin de la famille.

Le résultat médical est souvent une affaire de famille, et la distance complique tout. Bonnes fêtes à ceux qui prennent la route."
11;2026-12-22;Mar;1;11:00;LinkedIn;Page LinkedIn ROHAFYA;FR;non;471;Les fêtes, les voyages, la famille;"Le résultat médical est souvent une affaire de famille.

Un parent à Yaoundé, un enfant à Douala, un autre à l'étranger. Quand le parent fait un bilan, c'est souvent l'enfant qui paie, et qui voudrait comprendre. Aujourd'hui, cela passe par des photos floues envoyées sur un téléphone.

Avec un compte ROHAFYA, le parent peut montrer son résultat complet depuis son téléphone, ou le partager avec le médecin de la famille.

Bonnes fêtes à tous ceux qui prennent la route."
11;2026-12-22;Mar;1;12:30;X;Compte X ROHAFYA;FR;non;213;Les fêtes, les voyages, la famille;Fin d'année : on voyage, on rentre au village, on rend visite à la famille. Les résultats d'analyse, eux, restent à l'accueil du laboratoire jusqu'en janvier. Sauf s'ils sont dans votre téléphone. #Cameroun #Santé
11;2026-12-22;Mar;1;18:00;X;Compte X personnel;FR;non;236;Les fêtes, les voyages, la famille;Fin d'année : chez nous, on prend la route, on rentre au village, on rejoint la famille. Les résultats d'analyse, eux, attendent à l'accueil jusqu'en janvier. Sauf s'ils sont dans le téléphone. Bonne route à ceux qui voyagent. #Cameroun
11;2026-12-24;Jeu;2;08:00;LinkedIn;Profil LinkedIn personnel;FR;non;579;Les fêtes, les voyages, la famille;"Pendant les fêtes, les accueils tournent au ralenti et les patients voyagent. C'est le moment où les résultats non retirés s'accumulent le plus.

Je le constate à chaque discussion avec un laboratoire : en janvier, il faut rappeler, classer, relancer.

Un établissement équipé de ROHAFYA publie le résultat dès sa validation. Le patient le consulte au village ou à l'étranger, sans attendre la réouverture.

Pour ceux qui veulent commencer l'année avec ce service : la mise en service tient en quelques jours. C'est le bon moment pour en parler. Mon agenda de janvier est ouvert."
11;2026-12-24;Jeu;2;11:00;LinkedIn;Page LinkedIn ROHAFYA;FR;non;461;Les fêtes, les voyages, la famille;"Pendant les fêtes, les accueils tournent au ralenti et les patients se déplacent.

C'est la période où les résultats non retirés s'accumulent le plus.

Un établissement équipé de ROHAFYA publie le résultat dès sa validation. Le patient le consulte où qu'il soit, sans attendre la réouverture.

Si vous voulez commencer l'année avec ce service, c'est le bon moment pour en parler : la mise en service tient en quelques jours. Message privé pour une présentation."
11;2026-12-24;Jeu;2;12:30;X;Compte X ROHAFYA;EN;non;182;Les fêtes, les voyages, la famille;Away for the holidays? Your lab results should not have to wait at the reception desk until January. With ROHAFYA they are in your account, wherever you are. #Cameroon #DigitalHealth
11;2026-12-24;Jeu;2;18:00;X;Compte X personnel;FR;non;217;Les fêtes, les voyages, la famille;Le compte ROHAFYA se consulte de n'importe où : Douala, le village, l'étranger. Un téléphone, une connexion, une adresse e-mail. Aucun mot de passe à retenir, même après deux semaines de fêtes. [LIEN]
12;2026-12-29;Mar;1;08:00;LinkedIn;Profil LinkedIn personnel;FR;oui;640;Bilan des premières semaines et vœux;"Douze semaines que je présente ROHAFYA. Voici ce que je retiens, sans embellir.

Ce qui marche : la démonstration. Dès qu'on la manipule, la conversation change.

Ce qui coince : l'e-mail. Beaucoup me disent que leurs patients n'en ont pas. C'est en partie faux, tout téléphone Android a une adresse Gmail, mais l'objection est sérieuse et je dois mieux y répondre.

Ce que j'ai sous-estimé : le temps. Un directeur de laboratoire ne décide pas en une semaine, et il a raison.

Pour 2027, je garde un objectif simple : faire tourner ROHAFYA dans de vrais accueils et écouter. Merci à ceux qui m'ont reçu, conseillé ou contredit cette année."
12;2026-12-29;Mar;1;11:00;LinkedIn;Page LinkedIn ROHAFYA;FR;oui;488;Bilan des premières semaines et vœux;"Merci d'avoir suivi les premières semaines de ROHAFYA.

Depuis octobre, nous présentons le service aux laboratoires, centres d'imagerie et cliniques. Trois enseignements :

La démonstration convainc mieux que nos explications.
L'adresse e-mail des patients est la première objection : nous devons mieux y répondre.
Un établissement prend le temps de décider, et c'est normal.

Pour 2027, une priorité : des essais dans de vrais accueils avant toute promesse.

Bonnes fêtes de fin d'année."
12;2026-12-29;Mar;1;12:30;X;Compte X ROHAFYA;FR;oui;236;Bilan des premières semaines et vœux;Douze semaines depuis le lancement de ROHAFYA. Notre cap pour 2027 tient en trois lignes : des résultats sur le téléphone des patients, moins d'appels pour les accueils, des preuves pour les directeurs. Rendez-vous en janvier. #Cameroun
12;2026-12-29;Mar;1;18:00;X;Compte X personnel;FR;oui;236;Bilan des premières semaines et vœux;Douze semaines que je présente ROHAFYA. Ce qui marche : la démonstration. Ce qui coince : l'e-mail des patients. Ce que j'ai sous-estimé : le temps de décision d'un directeur, et il a raison. Bilan complet sur LinkedIn. #Entrepreneuriat
12;2026-12-31;Jeu;2;08:00;LinkedIn;Profil LinkedIn personnel;FR;non;638;Bilan des premières semaines et vœux;"Mon vœu pour 2027 tient en une phrase : qu'aucun patient ne refasse un examen parce qu'il n'a pas pu récupérer le résultat du premier.

Pour y contribuer, mes priorités de l'année sont simples. Rendre l'inscription encore plus facile au comptoir. Répondre plus clairement aux questions sur la protection des données. Et faire tourner ROHAFYA dans de vrais accueils avant de promettre quoi que ce soit.

Le programme des établissements fondateurs reste ouvert : mise en service offerte, 60 jours d'essai accompagné, aucun engagement.

Si vous dirigez un établissement et voulez commencer l'année autrement, écrivez-moi. Bonne année à tous."
12;2026-12-31;Jeu;2;11:00;LinkedIn;Page LinkedIn ROHAFYA;FR;non;613;Bilan des premières semaines et vœux;"Merci d'avoir suivi les premières semaines de ROHAFYA.

ROHAFYA a été lancé en octobre pour les laboratoires, centres d'imagerie et cliniques du Cameroun. Nos priorités pour la nouvelle année : une inscription encore plus simple au comptoir, des réponses plus claires sur la protection des données, et des essais en conditions réelles avant toute promesse.

Notre programme d'établissements fondateurs reste ouvert : mise en service offerte, 60 jours d'essai accompagné, aucun engagement.

Vous dirigez un établissement de santé et voulez commencer l'année avec les résultats en ligne ? Écrivez-nous. Bonne année."
12;2026-12-31;Jeu;2;12:30;X;Compte X ROHAFYA;EN;non;228;Bilan des premières semaines et vœux;Our wish for 2027: no patient in Cameroon should repeat a test because they could not collect the first result. Our founding partner programme stays open: free setup, 60-day guided trial, no commitment. Happy New Year. #Cameroon
12;2026-12-31;Jeu;2;18:00;X;Compte X personnel;FR;non;195;Bilan des premières semaines et vœux;Mon vœu pour 2027 : qu'aucun patient au Cameroun ne refasse un examen faute d'avoir pu récupérer le résultat du premier. Bonne année à vous, à vos familles et à vos laboratoires. #Cameroun #Santé
13;2027-01-05;Mar;1;08:00;LinkedIn;Profil LinkedIn personnel;FR;non;636;Les résolutions d'un laboratoire;"Janvier est le mois des bonnes résolutions. J'en propose une seule aux directeurs d'établissement : mesurer.

Combien de résultats ne sont jamais retirés chaque mois ? Combien d'appels l'accueil reçoit-il pour savoir si un résultat est prêt ? Combien de minutes pour retrouver un ancien résultat ?

Peu d'établissements ont ces chiffres sous la main. Ce n'est pas un reproche : personne ne les leur a jamais demandés.

Pourtant, sans mesure, impossible de savoir si un outil comme ROHAFYA vaut son abonnement. C'est pour cela que tout essai commence par ce relevé simple, sur une semaine. On compare ensuite, et on décide sur des faits."
13;2027-01-05;Mar;1;11:00;LinkedIn;Page LinkedIn ROHAFYA;FR;non;476;Les résolutions d'un laboratoire;"Une résolution pour 2027 : mesurer.

Combien de résultats ne sont jamais retirés chaque mois ?
Combien d'appels l'accueil reçoit-il pour savoir si un résultat est prêt ?
Combien de temps faut-il pour retrouver un ancien résultat ?

Peu d'établissements ont ces chiffres. Pourtant, sans eux, impossible de savoir si un changement en vaut la peine, qu'il s'agisse de ROHAFYA ou d'autre chose.

C'est pourquoi tout essai de ROHAFYA commence par ce relevé simple, sur une semaine."
13;2027-01-05;Mar;1;12:30;X;Compte X ROHAFYA;FR;non;241;Les résolutions d'un laboratoire;"Trois résolutions réalistes pour un laboratoire en 2027 : 1. moins de résultats jamais retirés ; 2. moins d'appels « c'est prêt ? » ; 3. savoir qui a remis quoi, à qui. Les trois tiennent à la même chose : la remise du résultat. #Laboratoire"
13;2027-01-05;Mar;1;18:00;X;Compte X personnel;FR;non;248;Les résolutions d'un laboratoire;Une seule résolution que je propose aux directeurs d'établissement en janvier : mesurer. Résultats jamais retirés, appels « c'est prêt ? », temps pour retrouver un ancien résultat. Peu ont ces chiffres. Personne ne les leur a demandés. #Laboratoire
13;2027-01-07;Jeu;2;08:00;LinkedIn;Profil LinkedIn personnel;FR;non;531;Les résolutions d'un laboratoire;"Je propose à chaque établissement candidat de faire un relevé avant de parler d'essai. Trois chiffres, sur une semaine.

Le nombre de résultats non retirés. Le nombre d'appels quotidiens pour savoir si un résultat est prêt. Le temps moyen pour retrouver un ancien résultat.

Ce relevé ne coûte rien, et il est utile même si l'établissement ne choisit jamais ROHAFYA.

Après 60 jours d'essai, on recompte. La décision se prend sur ces faits, pas sur ma promesse. Si vous voulez la grille de relevé, demandez-la-moi en message privé."
13;2027-01-07;Jeu;2;11:00;LinkedIn;Page LinkedIn ROHAFYA;FR;non;452;Les résolutions d'un laboratoire;"Bien commencer 2027 : un diagnostic en trois chiffres.

1. Le nombre de résultats non retirés par mois.

2. Le nombre d'appels quotidiens à l'accueil pour savoir si un résultat est prêt.

3. Le temps moyen pour retrouver un ancien résultat.

Nous aidons chaque établissement candidat à faire ce relevé avant tout essai. Il ne coûte rien et il est utile même si vous ne choisissez pas ROHAFYA. Pour recevoir la grille de relevé, un message privé suffit."
13;2027-01-07;Jeu;2;12:30;X;Compte X ROHAFYA;EN;non;181;Les résolutions d'un laboratoire;"A simple resolution for any lab in 2027: measure. How many results are never collected? How many ""is it ready?"" calls a day? You cannot improve what you do not count. #Cameroon #Lab"
13;2027-01-07;Jeu;2;18:00;X;Compte X personnel;FR;non;228;Les résolutions d'un laboratoire;Avant tout essai de ROHAFYA, je demande une semaine de comptage : résultats non retirés, appels à l'accueil, anciens résultats recherchés. Après 60 jours, on recompte. La décision se prend sur ces chiffres, pas sur une promesse.
14;2027-01-12;Mar;1;08:00;LinkedIn;Profil LinkedIn personnel;FR;non;662;Se connecter sans mot de passe;"Un choix de conception de ROHAFYA surprend souvent : il n'y a pas de mot de passe.

La raison est pratique. Un patient consulte ses résultats quelques fois par an. Entre deux visites, il oublie son mot de passe, et c'est l'accueil du laboratoire qui hérite du problème.

À la place, ROHAFYA envoie un code à 6 chiffres par e-mail. Il est valable 10 minutes et ne sert qu'une fois. Pas de mot de passe à retenir, donc pas de mot de passe à réinitialiser.

C'est aussi plus sûr : un code qui expire en dix minutes n'a aucune valeur s'il est recopié sur un papier.

Un détail, peut-être. Mais ce sont les détails qui décident si un service est utilisé ou abandonné."
14;2027-01-12;Mar;1;11:00;LinkedIn;Page LinkedIn ROHAFYA;FR;non;508;Se connecter sans mot de passe;"Pourquoi ROHAFYA n'utilise pas de mot de passe.

Un patient consulte ses résultats quelques fois par an. Entre deux visites, il oublie son mot de passe, et c'est l'accueil du laboratoire qui hérite du problème.

À la place, le patient saisit son adresse e-mail et reçoit un code à 6 chiffres, valable 10 minutes, utilisable une seule fois.

Pas de mot de passe à retenir, donc pas de mot de passe à réinitialiser au téléphone. Et un code qui expire en dix minutes ne vaut rien s'il est recopié sur un papier."
14;2027-01-12;Mar;1;12:30;X;Compte X ROHAFYA;FR;non;209;Se connecter sans mot de passe;Combien de mots de passe avez-vous oubliés cette année ? Pour consulter un résultat médical, ROHAFYA n'en demande aucun. Votre e-mail, un code à 6 chiffres reçu dans la minute, et c'est tout. #Cameroun #eSanté
14;2027-01-12;Mar;1;18:00;X;Compte X personnel;FR;non;232;Se connecter sans mot de passe;Un choix de conception qui surprend : ROHAFYA n'a pas de mot de passe. Un patient consulte ses résultats quelques fois par an et oublie son mot de passe entre deux visites. Je préfère un code reçu par e-mail. Rien à retenir. #eSanté
14;2027-01-14;Jeu;2;08:00;LinkedIn;Profil LinkedIn personnel;FR;non;648;Se connecter sans mot de passe;"Supprimer le mot de passe ne veut pas dire ouvrir la porte. J'ai ajouté des limites que le patient ne voit jamais.

Le code de connexion compte 6 chiffres, vaut 10 minutes et ne sert qu'une fois. Au-delà de 5 codes demandés en une heure, ou de 5 essais ratés, l'accès se bloque.

Pour le patient honnête, rien ne change : il reçoit un code et entre. Pour un curieux qui tente sa chance, l'exercice devient vite pénible.

Pour l'établissement, c'est surtout une charge en moins : aucun identifiant à créer, aucun mot de passe à réinitialiser au téléphone.

Le bon compromis entre simplicité et sécurité se trouve souvent dans ces détails invisibles."
14;2027-01-14;Jeu;2;11:00;LinkedIn;Page LinkedIn ROHAFYA;FR;non;460;Se connecter sans mot de passe;"Pas de mot de passe, pas de mot de passe oublié.

Pour se connecter à ROHAFYA, le patient saisit son adresse e-mail et reçoit un code à 6 chiffres. Dix minutes de validité, un seul usage.

Pour l'établissement, c'est une charge en moins : aucun identifiant à créer, aucun mot de passe à réinitialiser au téléphone.

Pour le patient, c'est un geste qu'il connaît déjà : c'est celui de la plupart des services en ligne récents.

Essayez la démonstration : [LIEN]"
14;2027-01-14;Jeu;2;12:30;X;Compte X ROHAFYA;EN;non;209;Se connecter sans mot de passe;No password to remember. ROHAFYA signs patients in with a 6-digit code sent to their email: valid for 10 minutes, usable once. Fewer forgotten passwords, fewer calls to the front desk. #Cameroon #DigitalHealth
14;2027-01-14;Jeu;2;18:00;X;Compte X personnel;FR;non;263;Se connecter sans mot de passe;Le code de connexion de ROHAFYA : 6 chiffres, 10 minutes, un seul usage. Au-delà de 5 codes demandés en une heure ou de 5 essais ratés, l'accès se bloque. Simple pour le patient, pénible pour un curieux. C'est l'équilibre que je cherchais. [LIEN]
15;2027-01-19;Mar;1;08:00;LinkedIn;Profil LinkedIn personnel;FR;non;766;« Mes patients n'ont pas d'e-mail »;"L'objection que j'attends à chaque présentation : « Ici, les gens n'utilisent pas l'e-mail. Ils utilisent WhatsApp. »

Elle est juste, et elle est incomplète.

Juste, parce que l'e-mail n'est pas un réflexe quotidien pour beaucoup de patients. Incomplète, parce que presque tout téléphone Android est relié à un compte Google, donc à une adresse Gmail que son propriétaire a parfois oubliée.

Le travail n'est pas de créer une adresse. Il est de la retrouver : Paramètres, Comptes, et elle s'affiche. Trente secondes à l'accueil.

Pour les patients vraiment sans adresse, un proche de confiance peut prêter la sienne, et l'accueil valide le rattachement après vérification de l'identité. Aucun système ne couvre tout le monde. Celui-ci couvre déjà beaucoup de monde."
15;2027-01-19;Mar;1;11:00;LinkedIn;Page LinkedIn ROHAFYA;FR;non;552;« Mes patients n'ont pas d'e-mail »;"« Mes patients n'ont pas d'adresse e-mail. »

C'est l'objection la plus fréquente. Elle est juste en partie : l'e-mail n'est pas un réflexe quotidien pour beaucoup de patients.

Mais presque tout téléphone Android est relié à un compte Google, donc à une adresse Gmail que son propriétaire a parfois oubliée. Elle se retrouve en trente secondes : Paramètres, puis Comptes.

Pour les patients vraiment sans adresse, un proche de confiance peut recevoir les résultats, et l'accueil valide après vérification de l'identité.

Et le papier reste disponible."
15;2027-01-19;Mar;1;12:30;X;Compte X ROHAFYA;FR;non;224;« Mes patients n'ont pas d'e-mail »;« Mes patients n'ont pas d'adresse e-mail. » Regardez leur téléphone : un Android ne fonctionne pas sans compte Google. Ce compte est une adresse Gmail. Elle est déjà là, il suffit de la montrer au patient. #Cameroun #eSanté
15;2027-01-19;Mar;1;18:00;X;Compte X personnel;FR;non;247;« Mes patients n'ont pas d'e-mail »;L'objection que j'entends à chaque présentation : « Ici, les gens n'ont pas d'e-mail. » Pourtant presque tout téléphone Android tourne avec un compte Google, donc une adresse Gmail. Le travail n'est pas de la créer, mais de la retrouver. #Cameroun
15;2027-01-21;Jeu;2;08:00;LinkedIn;Profil LinkedIn personnel;FR;non;656;« Mes patients n'ont pas d'e-mail »;"J'ai appris à répondre à l'objection de l'e-mail par une scène plutôt que par un argument.

Première situation : le patient connaît son adresse. Il scanne le QR code et se connecte seul.

Deuxième situation : il a un téléphone Android mais ne connaît pas son adresse. L'accueil l'aide à la retrouver dans les paramètres du téléphone.

Troisième situation : il n'a vraiment pas d'adresse. Un proche peut recevoir les résultats pour lui, et l'établissement valide le rattachement après vérification de l'identité.

Dans les trois cas, le papier reste possible. Aucun système ne couvre tout le monde. Celui-ci en couvre déjà beaucoup, et il n'exclut personne."
15;2027-01-21;Jeu;2;11:00;LinkedIn;Page LinkedIn ROHAFYA;FR;non;519;« Mes patients n'ont pas d'e-mail »;"Trois situations à l'accueil, trois réponses.

Le patient connaît son e-mail : il scanne le QR code et se connecte seul.

Le patient a un téléphone Android mais ne connaît pas son adresse : elle figure dans les paramètres du téléphone, l'accueil l'aide à la retrouver.

Le patient n'a pas d'adresse : un proche peut recevoir les résultats pour lui, et l'établissement valide le rattachement après vérification de l'identité.

Dans tous les cas, le papier reste disponible. ROHAFYA ajoute un canal, il n'en retire aucun."
15;2027-01-21;Jeu;2;12:30;X;Compte X ROHAFYA;EN;non;213;« Mes patients n'ont pas d'e-mail »;"""My patients don't use email."" Check their phone: every Android runs on a Google account, and that account is a Gmail address. It is already there. The front desk just has to show them where. #Cameroon #HealthTech"
15;2027-01-21;Jeu;2;18:00;X;Compte X personnel;FR;non;232;« Mes patients n'ont pas d'e-mail »;Astuce que je donne à chaque accueil : sur un téléphone Android, l'adresse Gmail du patient se trouve dans Paramètres, puis Comptes. C'est elle qu'il utilisera pour ROHAFYA. Trente secondes, et il repart avec ses résultats en poche.
16;2027-01-26;Mar;1;08:00;LinkedIn;Profil LinkedIn personnel;FR;non;796;La protection des données de santé;"Je ne suis pas juriste, et je me méfie des éditeurs de logiciels qui se disent « conformes » en une ligne.

Ce que je sais : depuis la loi du 23 décembre 2024 sur la protection des données personnelles, les données de santé sont des données sensibles au Cameroun, et la période de mise en conformité s'est achevée en juin 2026.

Ce que cela change pour un laboratoire : savoir qui accède aux résultats, pouvoir le prouver, encadrer ses prestataires par contrat, informer ses patients.

Ce que je fais avec ROHAFYA : cloisonner les établissements, tracer les opérations sensibles, ne jamais afficher une clé d'accès deux fois, et dire clairement où sont hébergées les données. Le reste se règle avec un conseil juridique, établissement par établissement. Je préfère cette honnêteté à une promesse."
16;2027-01-26;Mar;1;11:00;LinkedIn;Page LinkedIn ROHAFYA;FR;non;545;La protection des données de santé;"Journée de la protection des données, 28 janvier.

Au Cameroun, la loi du 23 décembre 2024 sur la protection des données personnelles classe les données de santé parmi les données sensibles.

Pour un laboratoire ou une clinique, cela pose des questions concrètes : qui accède aux résultats ? Peut-on le prouver ? Que prévoit le contrat avec chaque prestataire ? Les patients sont-ils informés ?

Un logiciel ne rend personne conforme à lui seul. Il peut en revanche faciliter les réponses. C'est ce que nous nous efforçons de faire avec ROHAFYA."
16;2027-01-26;Mar;1;12:30;X;Compte X ROHAFYA;FR;non;247;La protection des données de santé;Cette semaine, Journée de la protection des données (28 janvier). Au Cameroun, la loi de 2024 sur les données personnelles classe la santé parmi les données sensibles. Remettre un résultat n'est plus seulement une affaire d'organisation. #Cameroun
16;2027-01-26;Mar;1;18:00;X;Compte X personnel;FR;non;243;La protection des données de santé;Je ne suis pas juriste, et je me méfie des logiciels qui se disent « conformes » en une ligne. Ce que je sais : la loi de 2024 classe les données de santé parmi les données sensibles au Cameroun. Ça impose de savoir qui accède à quoi. #Données
16;2027-01-28;Jeu;2;08:00;LinkedIn;Profil LinkedIn personnel;FR;non;632;La protection des données de santé;"Trois questions que je conseille à tout directeur de poser à ses prestataires informatiques. Y compris à moi.

Où sont hébergées les données de mes patients ?
Qui peut y accéder, et est-ce tracé ?
Que prévoit le contrat si un incident survient ?

Une réponse floue à l'une de ces questions est un signal d'alerte.

Pour ROHAFYA, je réponds par écrit. Les données de chaque établissement sont cloisonnées. Les opérations sensibles sont inscrites au journal. Les clés d'accès ne s'affichent jamais deux fois. Et je ne prétends pas qu'un logiciel suffit à rendre un établissement conforme : cela se construit avec un conseil juridique."
16;2027-01-28;Jeu;2;11:00;LinkedIn;Page LinkedIn ROHAFYA;FR;non;728;La protection des données de santé;"Cette semaine, Journée de la protection des données.

Au Cameroun, la loi de 2024 sur la protection des données personnelles classe les données de santé parmi les données sensibles. Pour un laboratoire ou une clinique, cela soulève des questions pratiques : qui peut voir un résultat, pouvez-vous le prouver, et que prévoit votre contrat avec chaque prestataire ?

ROHAFYA a été conçu avec ces questions en tête. Les données de chaque établissement sont isolées des autres. Les opérations sensibles sont tracées. Les clés d'API ne s'affichent jamais deux fois.

Nous ne prétendons pas qu'un logiciel suffit à rendre conforme. Nous nous engageons à répondre par écrit à vos questions sur l'hébergement, les accès et les contrats."
16;2027-01-28;Jeu;2;12:30;X;Compte X ROHAFYA;EN;non;229;La protection des données de santé;Three questions to ask any provider that handles your health data: Where is it hosted? Who can access it, and is that logged? What does the contract say if something goes wrong? Ask ROHAFYA too. We answer in writing. #DataPrivacy
16;2027-01-28;Jeu;2;18:00;X;Compte X personnel;FR;non;226;La protection des données de santé;Trois questions à poser à tout prestataire qui touche vos données de santé : où sont-elles hébergées ? Qui y accède, et est-ce tracé ? Que prévoit le contrat en cas d'incident ? Posez-les aussi à ROHAFYA. Je réponds par écrit.
17;2027-02-02;Mar;1;08:00;LinkedIn;Profil LinkedIn personnel;FR;non;777;L'imagerie et le compte rendu;"En imagerie, on pense d'abord aux images. Le document qui fait avancer le patient, c'est pourtant le compte rendu : quelques lignes qui disent ce que le radiologue a vu et ce qu'il conclut.

Ce compte rendu doit parvenir au médecin prescripteur. Aujourd'hui, c'est souvent le patient qui fait le facteur, avec une grande enveloppe sous le bras.

Si l'enveloppe se perd, ou si le patient tarde à revenir, la suite attend.

ROHAFYA publie le compte rendu dans le compte du patient : indication, technique, résultat, conclusion. Le patient peut ensuite le partager avec son médecin en quelques secondes.

En cette semaine de la Journée mondiale contre le cancer, je pense à tous les parcours où chaque jour compte. Faire circuler l'information plus vite est la moindre des choses."
17;2027-02-02;Mar;1;11:00;LinkedIn;Page LinkedIn ROHAFYA;FR;non;508;L'imagerie et le compte rendu;"Journée mondiale contre le cancer, 4 février.

Dans un parcours de soins, chaque jour compte. Un compte rendu d'imagerie qui reste au guichet, ou qui se perd dans une enveloppe, retarde la consultation suivante.

Avec ROHAFYA, le compte rendu validé est publié dans le compte du patient : indication, technique, résultat, conclusion. Le patient peut le partager en quelques secondes avec son médecin, qui le reçoit dans son propre espace.

Faire circuler l'information plus vite, c'est la moindre des choses."
17;2027-02-02;Mar;1;12:30;X;Compte X ROHAFYA;FR;non;238;L'imagerie et le compte rendu;Cette semaine, Journée mondiale contre le cancer (4 février). Un compte rendu d'imagerie perdu ou jamais retiré, c'est du temps perdu avant la consultation suivante. Il doit arriver chez le patient, puis chez son médecin. #Cameroun #Santé
17;2027-02-02;Mar;1;18:00;X;Compte X personnel;FR;non;247;L'imagerie et le compte rendu;En imagerie, on pense aux images. Mais ce qui fait avancer le patient, c'est le compte rendu. Trop souvent, c'est lui qui le porte au médecin dans une grande enveloppe. Si elle se perd, tout attend. Journée mondiale contre le cancer cette semaine.
17;2027-02-04;Jeu;2;08:00;LinkedIn;Profil LinkedIn personnel;FR;non;670;L'imagerie et le compte rendu;"Une précision que je fais à chaque radiologue que je rencontre : ROHAFYA publie les comptes rendus, pas les images.

Les images restent dans votre système d'imagerie, avec vos outils de visualisation. Je ne cherche pas à les remplacer.

Ce que ROHAFYA apporte, c'est la circulation du compte rendu : dès la validation, il est disponible dans le compte du patient, avec l'examen, l'indication, la technique, le résultat, la conclusion et le nom du médecin qui l'a validé.

Le patient peut ensuite le partager avec son prescripteur. Votre nom figure sur chaque compte rendu, vos règles d'accès s'appliquent.

Dire clairement ce qu'on ne fait pas évite bien des déceptions."
17;2027-02-04;Jeu;2;11:00;LinkedIn;Page LinkedIn ROHAFYA;FR;non;552;L'imagerie et le compte rendu;"Centres d'imagerie : votre compte rendu mérite mieux qu'une enveloppe.

Avec ROHAFYA, dès la validation, le compte rendu est disponible dans le compte du patient : examen, indication, technique, résultat, conclusion.

Le patient peut le partager avec son médecin prescripteur, qui le reçoit dans son propre espace.

Vous gardez la maîtrise : votre nom sur chaque compte rendu, vos règles d'accès, votre journal des opérations.

ROHAFYA publie les comptes rendus, pas les images elles-mêmes : il complète votre système d'imagerie, il ne le remplace pas."
17;2027-02-04;Jeu;2;12:30;X;Compte X ROHAFYA;EN;non;216;L'imagerie et le compte rendu;World Cancer Day is this week. An imaging report that never reaches the referring doctor delays everything that follows. ROHAFYA delivers the report to the patient's account, ready to share. #WorldCancerDay #Cameroon
17;2027-02-04;Jeu;2;18:00;X;Compte X personnel;FR;non;265;L'imagerie et le compte rendu;Un compte rendu d'imagerie dans ROHAFYA : examen demandé, indication, technique, résultat, conclusion, et le médecin qui l'a validé. Le patient le relit quand il veut et le partage s'il le souhaite. Les images, elles, restent chez le centre. [LIEN]
18;2027-02-09;Mar;1;08:00;LinkedIn;Profil LinkedIn personnel;FR;non;745;Une génération mobile;"Quelques chiffres m'ont marqué en préparant ROHAFYA. Selon DataReportal, le Cameroun comptait fin 2025 environ 29 millions de connexions mobiles pour 30 millions d'habitants, 12,6 millions d'internautes, et un âge médian de 18 ans.

Cela veut dire deux choses. D'abord, le téléphone est déjà l'outil de tout le monde. Ensuite, la majorité des patients de demain n'a jamais connu un monde sans lui.

Ces jeunes paient par Mobile Money, commandent par WhatsApp, s'informent en ligne. Ils accompagnent aussi leurs parents à l'hôpital, et ce sont eux qui liront le résultat à voix haute.

Un établissement qui propose ses résultats en ligne ne s'adresse pas qu'aux jeunes. Il s'appuie sur eux pour servir toute la famille. Bonne Fête de la Jeunesse."
18;2027-02-09;Mar;1;11:00;LinkedIn;Page LinkedIn ROHAFYA;FR;non;526;Une génération mobile;"11 février, Fête de la Jeunesse.

Selon DataReportal, le Cameroun comptait fin 2025 environ 29 millions de connexions mobiles pour 30 millions d'habitants, et un âge médian de 18 ans.

La majorité des patients de demain n'a jamais connu un monde sans téléphone. Ce sont aussi eux qui accompagnent leurs parents à l'hôpital, et qui lisent le résultat à voix haute.

Un établissement qui propose ses résultats en ligne ne s'adresse pas qu'aux jeunes. Il s'appuie sur eux pour servir toute la famille.

Bonne Fête de la Jeunesse."
18;2027-02-09;Mar;1;12:30;X;Compte X ROHAFYA;FR;non;241;Une génération mobile;Jeudi 11 février, Fête de la Jeunesse. Au Cameroun, l'âge médian est de 18 ans et le téléphone est partout. La génération qui arrive n'attendra pas une enveloppe à un guichet. Les établissements de santé ont intérêt à s'y préparer. #Cameroun
18;2027-02-09;Mar;1;18:00;X;Compte X personnel;FR;non;238;Une génération mobile;Fête de la Jeunesse jeudi. Un chiffre qui m'a marqué : l'âge médian au Cameroun est de 18 ans (DataReportal). La génération qui arrive paie par Mobile Money et commande par WhatsApp. Elle ne fera pas la queue pour une enveloppe. #Cameroun
18;2027-02-11;Jeu;2;08:00;LinkedIn;Profil LinkedIn personnel;FR;non;621;Une génération mobile;"Un message aux étudiants en biologie médicale, en imagerie et en informatique de santé, en cette Fête de la Jeunesse.

Les établissements où vous travaillerez demain remettront leurs résultats en ligne. C'est une question d'années.

Si vous voulez comprendre comment fonctionne une plateforme de résultats côté patient, la démonstration de ROHAFYA est ouverte. Explorez-la, critiquez-la, comparez-la à ce que vous voyez en stage.

Et si vous préparez un mémoire sur la santé numérique au Cameroun, écrivez-moi. Je répondrai volontiers à vos questions : j'aurais aimé qu'on réponde aux miennes quand j'étais à votre place."
18;2027-02-11;Jeu;2;11:00;LinkedIn;Page LinkedIn ROHAFYA;FR;non;559;Une génération mobile;"Fête de la Jeunesse : un mot aux étudiants en biologie médicale, en imagerie et en informatique de santé.

Les établissements où vous travaillerez demain remettront leurs résultats en ligne. C'est une question d'années, pas de décennies.

Si vous voulez comprendre comment fonctionne une plateforme de résultats, côté patient, la démonstration de ROHAFYA est ouverte et gratuite. Explorez-la, critiquez-la, parlez-en à vos enseignants.

Et si vous préparez un mémoire sur la santé numérique au Cameroun, écrivez-nous : nous répondrons à vos questions.

[LIEN]"
18;2027-02-11;Jeu;2;12:30;X;Compte X ROHAFYA;EN;non;206;Une génération mobile;Cameroon's median age is 18, and there are roughly 29 million mobile connections for 30 million people (DataReportal, late 2025). Tomorrow's patients will not queue for an envelope. #Cameroon #DigitalHealth
18;2027-02-11;Jeu;2;18:00;X;Compte X personnel;FR;non;249;Une génération mobile;ROHAFYA fonctionne dans le navigateur du téléphone : rien à télécharger, aucune mise à jour à faire, aucun espace de stockage occupé. Un lien, un e-mail, un code. Je l'ai pensé pour le téléphone d'abord, l'ordinateur ensuite. [LIEN]
19;2027-02-16;Mar;1;08:00;LinkedIn;Profil LinkedIn personnel;FR;non;744;L'accueil, en trois gestes;"Un logiciel réussit ou échoue à l'accueil. Pas dans le bureau du directeur, pas dans la salle des machines.

Les personnes de l'accueil ont déjà beaucoup à faire : enregistrer, encaisser, orienter, rassurer. Si un outil leur ajoute dix clics par patient, il sera contourné en une semaine.

Pour ROHAFYA, je me suis fixé une règle : le geste quotidien doit tenir en une action. Remettre un QR code. Quand le logiciel de l'établissement l'imprime déjà sur la facture, il n'y a même plus de geste.

Le reste, validation d'un rattachement, recherche d'un patient, se fait depuis un écran simple, y compris sur téléphone.

Si vous dirigez un établissement, associez votre accueil à la décision. Ce sont eux qui vous diront si l'outil tient la route."
19;2027-02-16;Mar;1;11:00;LinkedIn;Page LinkedIn ROHAFYA;FR;non;516;L'accueil, en trois gestes;"Ce que ROHAFYA demande à l'accueil : trois gestes.

1. Remettre le QR code avec la facture. Si votre logiciel l'imprime déjà, il n'y a même plus de geste.

2. Valider un rattachement quand l'e-mail du patient diffère de celui du dossier, après vérification de son identité.

3. Répondre « c'est dans votre compte » quand un patient demande si son résultat est prêt.

Pas un métier de plus. Une tâche en moins.

Directeurs : associez votre accueil à la décision. Ce sont eux qui vous diront si l'outil tient la route."
19;2027-02-16;Mar;1;12:30;X;Compte X ROHAFYA;FR;non;237;L'accueil, en trois gestes;"Ce que ROHAFYA demande à l'accueil d'un laboratoire : 1. remettre le QR code avec la facture ; 2. valider un rattachement quand l'e-mail diffère ; 3. répondre « c'est dans votre compte ». Trois gestes, pas un métier de plus. #Laboratoire"
19;2027-02-16;Mar;1;18:00;X;Compte X personnel;FR;non;235;L'accueil, en trois gestes;Un logiciel réussit ou échoue à l'accueil, pas dans le bureau du directeur. Si un outil ajoute dix clics par patient, il est contourné en une semaine. Ma règle pour ROHAFYA : le geste quotidien tient en une action, remettre un QR code.
19;2027-02-18;Jeu;2;08:00;LinkedIn;Profil LinkedIn personnel;FR;non;625;L'accueil, en trois gestes;"Quand je forme un accueil à ROHAFYA, je fais le tour de l'espace d'administration en une séance. Il tient en neuf rubriques.

Un tableau de bord : patients connus, rattachés, en attente, QR codes actifs.
La liste des patients, avec recherche par nom, e-mail ou numéro de dossier.
Les rattachements à valider ou refuser.
Les QR codes : en générer un, retrouver l'historique, annuler celui remis par erreur.
Les médecins, les données reçues, l'intégration, les paramètres.
Et le journal : qui a fait quoi, et quand.

Tout fonctionne aussi sur téléphone. Si un écran demande plus d'une explication, c'est à moi de le simplifier."
19;2027-02-18;Jeu;2;11:00;LinkedIn;Page LinkedIn ROHAFYA;FR;non;496;L'accueil, en trois gestes;"Ce que voit l'administrateur d'un établissement dans ROHAFYA.

Un tableau de bord : patients connus, rattachés, en attente, QR codes actifs, données reçues.

Une liste de patients, avec recherche par nom, e-mail ou numéro de dossier.

Les demandes de rattachement à valider ou refuser.

Les QR codes : en générer un, retrouver l'historique, annuler celui remis par erreur.

Un journal : qui a fait quoi, et quand.

Tout cela fonctionne aussi sur téléphone. Présentation en 20 minutes sur demande."
19;2027-02-18;Jeu;2;12:30;X;Compte X ROHAFYA;EN;non;212;L'accueil, en trois gestes;"What ROHAFYA asks of a lab's front desk: hand over the QR code with the invoice, approve a link request when the email differs, and say ""it's in your account"". Three gestures, not a new job. #Cameroon #HealthTech"
19;2027-02-18;Jeu;2;18:00;X;Compte X personnel;FR;non;209;L'accueil, en trois gestes;L'espace d'administration de ROHAFYA tient en neuf rubriques : tableau de bord, patients, rattachements, QR codes, médecins, données reçues, intégration, paramètres, journal. Je forme un accueil en une séance.
20;2027-02-23;Mar;1;08:00;LinkedIn;Profil LinkedIn personnel;FR;non;732;Partager un résultat avec son médecin;"Qui décide de montrer un résultat médical, et à qui ? Dans ROHAFYA, la réponse est simple : le patient.

Il n'y a pas d'annuaire où un médecin irait chercher les résultats de n'importe qui. C'est le patient qui choisit un médecin et lui partage tel résultat. Il peut modifier ou retirer ce partage.

Côté médecin, tout arrive au même endroit : les résultats partagés par ses patients, quel que soit l'établissement qui les a produits. Plus besoin d'attendre l'enveloppe ou de déchiffrer une photo.

Et chaque consultation d'un résultat par un médecin est inscrite au journal de l'établissement concerné.

Ce modèle ralentit peut-être un peu les choses. Il a l'avantage d'être clair : rien ne circule sans que le patient l'ait voulu."
20;2027-02-23;Mar;1;11:00;LinkedIn;Page LinkedIn ROHAFYA;FR;non;481;Partager un résultat avec son médecin;"Partager un résultat avec son médecin, sans enveloppe.

Dans ROHAFYA, le patient partage lui-même un résultat avec le médecin de son choix, en saisissant son matricule. Il peut modifier ou retirer ce partage à tout moment.

Le médecin retrouve dans son espace tous les résultats partagés par ses patients, quel que soit l'établissement qui les a produits.

Plus d'enveloppe oubliée à la maison, plus de photo floue à déchiffrer.

Et rien ne circule sans que le patient l'ait voulu."
20;2027-02-23;Mar;1;12:30;X;Compte X ROHAFYA;FR;non;239;Partager un résultat avec son médecin;Le patient reçoit son résultat. Et le médecin ? Dans ROHAFYA, le patient le partage lui-même avec le médecin de son choix, en saisissant son matricule. Le médecin le retrouve dans son espace, quel que soit le laboratoire. #Cameroun #eSanté
20;2027-02-23;Mar;1;18:00;X;Compte X personnel;FR;non;249;Partager un résultat avec son médecin;Qui décide de montrer un résultat médical, et à qui ? Dans ROHAFYA, c'est le patient. Pas d'annuaire où un médecin irait chercher les résultats de n'importe qui. Le patient choisit, et peut retirer son partage. Ce modèle est plus lent. Il est clair.
20;2027-02-25;Jeu;2;08:00;LinkedIn;Profil LinkedIn personnel;FR;non;622;Partager un résultat avec son médecin;"Un principe de ROHAFYA que je défends devant les médecins comme devant les patients : le partage se décide, et il se trace.

Il se décide, parce que c'est le patient qui choisit un médecin et lui partage tel résultat. Il peut retirer ce partage quand il veut.

Il se trace, parce que chaque fois qu'un médecin ouvre un résultat partagé, l'opération est inscrite au journal de l'établissement qui l'a produit.

Certains médecins me disent que ce serait plus simple d'accéder directement à tout. Sans doute. Mais un patient qui sait que rien ne circule sans son accord est un patient qui accepte plus volontiers de partager."
20;2027-02-25;Jeu;2;11:00;LinkedIn;Page LinkedIn ROHAFYA;FR;non;576;Partager un résultat avec son médecin;"C'est le patient qui décide qui voit un résultat.

Dans ROHAFYA, il n'existe aucun annuaire où un médecin pourrait consulter les résultats de n'importe qui. Le patient choisit un médecin et lui partage un résultat précis. Il peut modifier ou retirer ce partage à tout moment.

Le médecin retrouve tout au même endroit : les résultats partagés par ses patients, quel que soit l'établissement qui les a produits.

Chaque fois qu'un médecin ouvre un résultat partagé, l'opération est inscrite au journal de l'établissement concerné.

Un partage choisi, et tracé : c'est la règle."
20;2027-02-25;Jeu;2;12:30;X;Compte X ROHAFYA;EN;non;236;Partager un résultat avec son médecin;In ROHAFYA, the patient decides who sees a result. They share it with the doctor of their choice and can withdraw it anytime. Each time a doctor opens a shared result, it is recorded in the facility's audit log. #DigitalHealth #Cameroon
20;2027-02-25;Jeu;2;18:00;X;Compte X personnel;FR;non;247;Partager un résultat avec son médecin;Chaque fois qu'un médecin ouvre un résultat partagé dans ROHAFYA, c'est inscrit au journal de l'établissement qui l'a produit. Le partage est voulu par le patient, et il laisse une trace. Je n'imagine pas l'un sans l'autre. [LIEN]
21;2027-03-02;Mar;1;08:00;LinkedIn;Profil LinkedIn personnel;FR;non;743;Lire un résultat;"Je tiens à une distinction : afficher un résultat n'est pas l'interpréter.

ROHAFYA montre au patient ce que le laboratoire a validé : le nom de l'analyse, la valeur, l'unité, les valeurs de référence, et un repère visuel quand la valeur sort de la norme. Rien de plus.

Pas de diagnostic, pas de conseil médical, pas de « vous devriez ». Ce rôle appartient au médecin, et il doit le rester.

En revanche, un patient qui arrive en consultation en ayant déjà lu son résultat pose de meilleures questions. Et un patient qui voit une valeur hors norme a une raison de ne pas remettre sa consultation à plus tard.

C'est toute l'ambition : que l'information arrive, lisible, à la bonne personne. La décision médicale, elle, ne change pas de mains."
21;2027-03-02;Mar;1;11:00;LinkedIn;Page LinkedIn ROHAFYA;FR;non;497;Lire un résultat;"Afficher n'est pas interpréter.

ROHAFYA montre au patient ce que le laboratoire a validé : le nom de l'analyse, la valeur, l'unité, les valeurs de référence, et un repère visuel quand une valeur sort de la norme.

Rien de plus. Ni diagnostic, ni conseil médical.

Un patient qui a déjà lu son résultat arrive en consultation avec de meilleures questions. Et un patient qui voit une valeur hors norme a une raison de ne pas repousser son rendez-vous.

La décision médicale, elle, reste au médecin."
21;2027-03-02;Mar;1;12:30;X;Compte X ROHAFYA;FR;non;238;Lire un résultat;Un résultat de laboratoire sans ses normes est une suite de chiffres. ROHAFYA affiche pour chaque analyse la valeur, l'unité, les valeurs de référence, et signale ce qui en sort. Lisible, sans remplacer l'avis du médecin. #Cameroun #Santé
21;2027-03-02;Mar;1;18:00;X;Compte X personnel;FR;non;243;Lire un résultat;Une distinction à laquelle je tiens : afficher un résultat n'est pas l'interpréter. ROHAFYA montre ce que le laboratoire a validé, avec les normes. Pas de diagnostic, pas de « vous devriez ». Ce rôle est celui du médecin, et il doit le rester.
21;2027-03-04;Jeu;2;08:00;LinkedIn;Profil LinkedIn personnel;FR;non;624;Lire un résultat;"Aux biologistes qui me demandent ce que devient leur résultat une fois publié dans ROHAFYA : il reste le vôtre, mot pour mot.

Pour chaque analyse, ROHAFYA reprend ce que vous avez validé : valeur, unité, valeurs de référence, remarque éventuelle, et un repère visuel pour les valeurs hors norme.

Je n'ajoute aucun commentaire, aucune interprétation, aucune couleur rassurante ou alarmante au-delà de ce repère.

Le biologiste garde la main sur le contenu. Le médecin garde la main sur l'interprétation. Le patient lit son résultat tel que vous l'avez signé.

Si vous voulez vérifier le rendu, la démonstration est ouverte."
21;2027-03-04;Jeu;2;11:00;LinkedIn;Page LinkedIn ROHAFYA;FR;non;495;Lire un résultat;"Un résultat lisible, sans confusion des rôles.

Pour chaque analyse, ROHAFYA reprend ce que votre laboratoire a validé : valeur, unité, valeurs de référence, remarque éventuelle, et un repère visuel pour les valeurs hors norme.

Le patient lit son résultat tel que vous l'avez signé. ROHAFYA n'ajoute ni commentaire ni interprétation.

Les biologistes gardent la main sur le contenu ; les médecins gardent la main sur l'interprétation.

Voyez le rendu côté patient dans la démonstration : [LIEN]"
21;2027-03-04;Jeu;2;12:30;X;Compte X ROHAFYA;EN;non;196;Lire un résultat;ROHAFYA shows what the lab validated: value, unit, reference range, and a flag when a value is out of range. No diagnosis, no advice. Interpretation stays with the doctor. #Cameroon #DigitalHealth
21;2027-03-04;Jeu;2;18:00;X;Compte X personnel;FR;non;236;Lire un résultat;Ce que ROHAFYA affiche : les valeurs validées par le laboratoire, leurs unités et leurs normes. Ce qu'il n'affiche jamais : un diagnostic ou un conseil. Je préfère un outil modeste à un outil qui joue au médecin. [LIEN]
22;2027-03-09;Mar;1;08:00;LinkedIn;Profil LinkedIn personnel;FR;non;696;Celles qui font tourner les établissements;"En ce 8 mars, je pense à celles qu'on ne voit pas sur les organigrammes et qui font tourner les établissements de santé : secrétaires, techniciennes de laboratoire, majors, caissières.

Ce sont elles qui cherchent le résultat égaré, qui répondent pour la dixième fois que « ce n'est pas encore prêt », qui calment le patient pressé.

Quand on conçoit un logiciel de santé, on parle beaucoup aux directeurs. Je crois qu'il faut d'abord écouter ces professionnelles. Elles savent précisément où le temps se perd.

Mon engagement pour ROHAFYA : aucune fonctionnalité qui ajoute du travail à l'accueil sans lui en retirer davantage. Si ce n'est pas le cas dans votre établissement, je veux le savoir."
22;2027-03-09;Mar;1;11:00;LinkedIn;Page LinkedIn ROHAFYA;FR;non;529;Celles qui font tourner les établissements;"Journée internationale des droits des femmes, 8 mars.

Dans les laboratoires, les accueils et les services d'imagerie du Cameroun, ce sont très souvent des femmes qui font tourner l'établissement.

Ce sont elles qui cherchent le résultat égaré, qui répondent pour la dixième fois que « ce n'est pas encore prêt », qui rassurent le patient pressé.

ROHAFYA a un engagement envers elles : aucune fonction qui ajoute du travail à l'accueil sans lui en retirer davantage.

Vous travaillez à l'accueil et avez une idée ? Écrivez-nous."
22;2027-03-09;Mar;1;12:30;X;Compte X ROHAFYA;FR;non;236;Celles qui font tourner les établissements;8 mars. Dans les laboratoires, les accueils et les services de soins, ce sont très souvent des femmes qui tiennent la maison. Un bon outil numérique se reconnaît à une chose : il leur rend du temps au lieu d'en prendre. #8Mars #Cameroun
22;2027-03-09;Mar;1;18:00;X;Compte X personnel;FR;non;238;Celles qui font tourner les établissements;8 mars. Je pense aux secrétaires, techniciennes, majors et caissières qui font tourner nos établissements de santé. Ce sont elles qui cherchent le résultat égaré et calment le patient pressé. Un bon outil doit leur rendre du temps. #8Mars
22;2027-03-11;Jeu;2;08:00;LinkedIn;Profil LinkedIn personnel;FR;non;624;Celles qui font tourner les établissements;"Cette semaine, c'est aussi la Journée mondiale du rein, le 11 mars.

Créatinine, urée, bilan rénal : ce sont des analyses que l'on répète et que l'on compare, parfois pendant des années. Leur valeur tient à la série, pas au résultat isolé.

C'est précisément ce que j'ai voulu rendre facile avec ROHAFYA : retrouver au même endroit les résultats de plusieurs laboratoires, datés, avec leurs normes.

Pour les patients suivis au long cours, et pour les médecins qui les accompagnent, ce n'est pas un gadget. C'est l'historique qui manque si souvent sur la table de consultation.

L'interprétation, bien sûr, reste au médecin."
22;2027-03-11;Jeu;2;11:00;LinkedIn;Page LinkedIn ROHAFYA;FR;non;487;Celles qui font tourner les établissements;"Journée internationale des droits des femmes.

ROHAFYA salue les professionnelles des accueils, des laboratoires et des services d'imagerie du Cameroun.

Notre contribution est concrète : moins d'appels pour savoir si un résultat est prêt, moins d'enveloppes à classer et à retrouver, moins de tension au comptoir.

Si vous travaillez à l'accueil d'un établissement et que vous avez une idée pour améliorer la remise des résultats, écrivez-nous. Les meilleures idées viennent du terrain."
22;2027-03-11;Jeu;2;12:30;X;Compte X ROHAFYA;EN;non;195;Celles qui font tourner les établissements;This week: International Women's Day and World Kidney Day. In most labs and front desks, women keep things running. A good digital tool gives them time back instead of taking more. #IWD #Cameroon
22;2027-03-11;Jeu;2;18:00;X;Compte X personnel;FR;non;237;Celles qui font tourner les établissements;Journée mondiale du rein le 11 mars. Créatinine, bilan rénal : des analyses qu'on répète et qu'on compare pendant des années. Les retrouver toutes au même endroit, c'est exactement ce pour quoi j'ai conçu ROHAFYA. [LIEN]
23;2027-03-16;Mar;1;08:00;LinkedIn;Profil LinkedIn personnel;FR;non;683;Le journal : qui a fait quoi;"La confiance ne se décrète pas. Elle se vérifie.

C'est pourquoi ROHAFYA tient un journal de toutes les opérations sensibles d'un établissement : QR code généré ou annulé, dossier rattaché, rattachement retiré, médecin ajouté, clé d'accès renouvelée, données reçues, résultat consulté par un médecin.

À chaque ligne : la date, l'auteur, l'action, la cible.

À quoi cela sert-il ? À répondre vite quand un patient pose une question. À comprendre ce qui s'est passé en cas d'erreur. À montrer, le jour où on vous le demande, que vous savez ce qui se passe avec les données de vos patients.

Un journal ne rend pas un système infaillible. Il le rend explicable, et c'est déjà beaucoup."
23;2027-03-16;Mar;1;11:00;LinkedIn;Page LinkedIn ROHAFYA;FR;non;479;Le journal : qui a fait quoi;"Un journal pour répondre aux questions avant qu'elles ne deviennent des litiges.

« Qui a généré ce QR code ? » « Qui a validé ce rattachement ? » « Quand la clé d'accès a-t-elle été changée ? »

Dans ROHAFYA, chaque établissement dispose d'un journal de ses opérations sensibles, consultable à tout moment par ses administrateurs. À chaque ligne : la date, l'auteur, l'action, la cible.

Un journal ne rend pas un système infaillible. Il le rend explicable. C'est déjà beaucoup."
23;2027-03-16;Mar;1;12:30;X;Compte X ROHAFYA;FR;non;228;Le journal : qui a fait quoi;« Qui a généré ce QR code ? Qui a validé ce rattachement ? Quand la clé a-t-elle été changée ? » Dans ROHAFYA, ces questions ont une réponse : le journal de l'établissement enregistre chaque opération sensible. #Cameroun #eSanté
23;2027-03-16;Mar;1;18:00;X;Compte X personnel;FR;non;228;Le journal : qui a fait quoi;La confiance ne se décrète pas, elle se vérifie. C'est pour ça que ROHAFYA tient un journal de chaque opération sensible : QR code généré, dossier rattaché, clé renouvelée, résultat consulté par un médecin. Date, auteur, action.
23;2027-03-18;Jeu;2;08:00;LinkedIn;Profil LinkedIn personnel;FR;non;639;Le journal : qui a fait quoi;"On me demande parfois à quoi sert vraiment un journal des opérations. Voici trois situations concrètes qu'il permet de résoudre.

Un patient affirme n'avoir jamais rattaché son dossier. Le journal indique quand, et par quel moyen.

Un QR code a été remis au mauvais patient. Le journal montre qui l'a généré, et l'administrateur l'annule.

Un directeur veut savoir si un médecin a bien consulté le résultat partagé. Le journal le dit.

C'est un outil de gestion autant que de conformité. Et c'est souvent la fonction qui rassure le plus un directeur, parce qu'elle répond à sa vraie question : « Est-ce que je saurai ce qui s'est passé ? »"
23;2027-03-18;Jeu;2;11:00;LinkedIn;Page LinkedIn ROHAFYA;FR;non;530;Le journal : qui a fait quoi;"La traçabilité, fonction par fonction.

Chaque établissement dispose dans ROHAFYA d'un journal de ses opérations sensibles.

On y lit, par exemple : « QR code généré », « Dossier rattaché », « Rattachement retiré », « Nouvelle clé d'API », « Données reçues », « Résultat consulté par un médecin », avec la date et l'auteur.

Ce journal est consultable par les administrateurs de l'établissement, à tout moment.

C'est un outil de gestion autant que de conformité : il répond aux questions avant qu'elles ne deviennent des litiges."
23;2027-03-18;Jeu;2;12:30;X;Compte X ROHAFYA;EN;non;195;Le journal : qui a fait quoi;Who issued that QR code? Who approved that link? When was the API key rotated? In ROHAFYA, each facility has an audit log that answers those questions: date, author, action. #Cameroon #HealthTech
23;2027-03-18;Jeu;2;18:00;X;Compte X personnel;FR;non;218;Le journal : qui a fait quoi;Ce que le journal de ROHAFYA enregistre : QR code généré, dossier rattaché, rattachement retiré, médecin ajouté, nouvelle clé d'API, données reçues, résultat consulté par un médecin. Chaque ligne : la date et l'auteur.
24;2027-03-23;Mar;1;08:00;LinkedIn;Profil LinkedIn personnel;FR;non;710;Ne pas perdre le patient en route;"Dans tout parcours de soins, il y a un moment fragile : celui où le patient doit revenir.

Revenir chercher un résultat. Revenir le montrer au médecin. Revenir commencer un traitement. À chaque retour, certains ne reviennent pas : trop loin, trop cher, trop de travail, ou simplement la peur.

Je ne prétends pas qu'un outil numérique règle cela. Mais il supprime au moins un retour, celui du papier. Et quand le résultat est dans le téléphone du patient, il est plus difficile de l'ignorer.

En cette semaine de lutte contre la tuberculose, je pense à tous les programmes de santé qui se battent contre les « perdus de vue ». Raccourcir le chemin entre l'examen et son résultat, c'est modeste, et c'est utile."
24;2027-03-23;Mar;1;11:00;LinkedIn;Page LinkedIn ROHAFYA;FR;non;517;Ne pas perdre le patient en route;"Journée mondiale de lutte contre la tuberculose, 24 mars.

Dans tout parcours de soins, le point faible est le moment où le patient doit revenir : chercher un résultat, le montrer au médecin, commencer un traitement. À chaque retour, certains ne reviennent pas.

ROHAFYA supprime l'un de ces retours. Dès que l'établissement publie un résultat validé, il est disponible dans le compte du patient.

Nous ne prétendons pas régler la question des perdus de vue. Moins de trajets, c'est moins de patients perdus en route."
24;2027-03-23;Mar;1;12:30;X;Compte X ROHAFYA;FR;non;221;Ne pas perdre le patient en route;Cette semaine, Journée mondiale de lutte contre la tuberculose (24 mars). Entre le prélèvement et le traitement, il y a le résultat. Chaque jour d'attente compte, pour le patient comme pour son entourage. #Cameroun #Santé
24;2027-03-23;Mar;1;18:00;X;Compte X personnel;FR;non;239;Ne pas perdre le patient en route;Dans tout parcours de soins, il y a un moment fragile : celui où le patient doit revenir. Chaque retour en perd certains. Un outil ne règle pas tout, mais il supprime au moins un retour, celui du papier. Journée de la tuberculose, 24 mars.
24;2027-03-25;Jeu;2;08:00;LinkedIn;Profil LinkedIn personnel;FR;non;638;Ne pas perdre le patient en route;"Une question que je pose maintenant à chaque directeur de laboratoire : quel est votre délai réel entre la validation d'un résultat et le moment où le patient l'a en main ?

Presque personne ne le mesure. On connaît le délai d'analyse, pas le délai de remise.

Or ce second délai peut être bien plus long : mise sous enveloppe, attente du passage du patient, résultat oublié dans un tiroir.

Avec ROHAFYA, un résultat publié est disponible dans le compte du patient dès que l'établissement l'envoie. Le délai de remise tombe à presque rien.

Si vous ne le mesurez pas encore, commencez cette semaine. Le chiffre vous surprendra peut-être."
24;2027-03-25;Jeu;2;11:00;LinkedIn;Page LinkedIn ROHAFYA;FR;non;581;Ne pas perdre le patient en route;"Raccourcir le chemin entre l'examen et son résultat.

Cette semaine, Journée mondiale de lutte contre la tuberculose. Dans tout parcours de soins, le point faible est le moment où le patient doit revenir : pour chercher un résultat, le montrer au médecin, commencer un traitement.

ROHAFYA supprime l'un de ces retours. Dès qu'un établissement publie un résultat validé, il est disponible dans le compte du patient.

Laboratoires : mesurez-vous votre délai entre la validation d'un résultat et le moment où le patient l'a réellement en main ? C'est souvent là que le temps se perd."
24;2027-03-25;Jeu;2;12:30;X;Compte X ROHAFYA;EN;non;224;Ne pas perdre le patient en route;Labs know their turnaround time for analysis. Few measure the time between validation and the moment the patient actually holds the result. With ROHAFYA, a published result is in the patient's account right away. #WorldTBDay
24;2027-03-25;Jeu;2;18:00;X;Compte X personnel;FR;non;227;Ne pas perdre le patient en route;Question à mes amis biologistes : vous connaissez votre délai d'analyse. Connaissez-vous votre délai de remise, entre la validation et le moment où le patient a son résultat ? Avec ROHAFYA, il tombe à presque rien. #Laboratoire
25;2027-03-30;Mar;1;08:00;LinkedIn;Profil LinkedIn personnel;FR;non;768;Vérifier l'identité au rattachement;"On me demande souvent : « Et si la facture tombe entre de mauvaises mains ? » La question est légitime, et la réponse tient en trois verrous.

Premier verrou : le QR code ne sert qu'une fois. Dès qu'il est utilisé, il est mort.

Deuxième verrou : si l'adresse e-mail de la personne qui scanne n'est pas celle que l'établissement a enregistrée pour ce dossier, rien n'est rattaché. La demande passe « en attente ».

Troisième verrou : c'est un être humain, à l'accueil, qui valide après avoir vérifié une pièce d'identité.

Et si un dossier a été rattaché par erreur, l'administrateur le retire en un clic et génère un nouveau code.

Aucune sécurité n'est absolue. Celle-ci repose sur ce qui fonctionne déjà dans vos établissements : quelqu'un qui connaît ses patients."
25;2027-03-30;Mar;1;11:00;LinkedIn;Page LinkedIn ROHAFYA;FR;non;556;Vérifier l'identité au rattachement;"Et si quelqu'un scanne le QR code d'un autre patient ?

Trois verrous protègent le dossier.

Le QR code ne sert qu'une fois : dès qu'il est utilisé, il ne vaut plus rien.

Si l'adresse e-mail de la personne qui scanne n'est pas celle que l'établissement a enregistrée, rien n'est rattaché : la demande passe « en attente ».

Enfin, c'est l'accueil qui valide, après avoir vérifié une pièce d'identité.

Un rattachement fait par erreur se retire en un clic. Aucune sécurité n'est absolue ; celle-ci s'appuie sur des personnes qui connaissent leurs patients."
25;2027-03-30;Mar;1;12:30;X;Compte X ROHAFYA;FR;non;206;Vérifier l'identité au rattachement;Et si quelqu'un scanne le QR code d'un autre ? Si l'e-mail utilisé n'est pas celui que l'établissement connaît, le rattachement attend. L'accueil vérifie l'identité, puis valide ou refuse. #Cameroun #eSanté
25;2027-03-30;Mar;1;18:00;X;Compte X personnel;FR;non;238;Vérifier l'identité au rattachement;"« Et si la facture tombe entre de mauvaises mains ? » Trois verrous : le QR code ne sert qu'une fois ; si l'e-mail ne correspond pas au dossier, rien n'est rattaché ; et c'est un humain, à l'accueil, qui valide après une pièce d'identité."
25;2027-04-01;Jeu;2;08:00;LinkedIn;Profil LinkedIn personnel;FR;non;646;Vérifier l'identité au rattachement;"J'ai longtemps hésité sur la façon de rattacher un dossier quand l'adresse e-mail ne correspond pas. Rejeter ? Accepter ?

J'ai choisi une troisième voie : mettre la demande en attente, et laisser un être humain trancher.

Dans l'espace d'administration, l'onglet Rattachements liste ces demandes. L'accueil vérifie l'identité du patient, puis valide ou refuse. Un dossier déjà rattaché ne peut pas l'être une seconde fois par quelqu'un d'autre.

La machine fait le tri évident. La personne qui connaît ses patients décide des cas douteux.

Je crois que c'est ainsi qu'il faut concevoir un outil de santé : automatiser l'évident, jamais le doute."
25;2027-04-01;Jeu;2;11:00;LinkedIn;Page LinkedIn ROHAFYA;FR;non;500;Vérifier l'identité au rattachement;"Rattacher un dossier, sans se tromper de personne.

Le QR code remis au patient est à usage unique et expire après un délai que l'établissement choisit.

Si l'e-mail du patient correspond à celui du dossier, le rattachement est immédiat.

Sinon, la demande apparaît dans l'espace d'administration, onglet Rattachements. L'accueil vérifie l'identité du patient, puis valide ou refuse.

Un rattachement fait par erreur se retire en un clic. Toutes ces opérations figurent au journal de l'établissement."
25;2027-04-01;Jeu;2;12:30;X;Compte X ROHAFYA;EN;non;208;Vérifier l'identité au rattachement;What if someone else scans the QR code? If the email does not match the one on file, nothing is linked: the request waits until the front desk checks the patient's ID and approves it. #Cameroon #DigitalHealth
25;2027-04-01;Jeu;2;18:00;X;Compte X personnel;FR;non;223;Vérifier l'identité au rattachement;Dans ROHAFYA, le rattachement est immédiat si l'e-mail du compte est celui du dossier. Sinon, la demande attend la validation de l'établissement. J'ai choisi d'automatiser l'évident, jamais le doute. [LIEN]
26;2027-04-06;Mar;1;08:00;LinkedIn;Profil LinkedIn personnel;FR;oui;553;Six mois : le point d'étape;"Six mois de ROHAFYA. Un point d'étape, chiffres à l'appui.

Établissements rencontrés : [NOMBRE]. Démonstrations faites : [NOMBRE]. Essais en cours : [NOMBRE].

Ce que j'ai appris de plus important : [VOTRE LEÇON].

Ce que j'ai changé en conséquence : [VOTRE DÉCISION].

Ce que je cherche pour les six prochains mois : des établissements prêts à essayer pendant 60 jours, et des médecins prêts à dire ce qui leur manque.

Merci à toutes les personnes qui ont pris le temps de me recevoir. Chaque rendez-vous, même sans suite, a rendu ROHAFYA plus juste."
26;2027-04-06;Mar;1;11:00;LinkedIn;Page LinkedIn ROHAFYA;FR;oui;418;Six mois : le point d'étape;"ROHAFYA a six mois.

Depuis le lancement, nous avons rencontré [NOMBRE] établissements et réalisé [NOMBRE] démonstrations. [NOMBRE] essais sont en cours.

Ce que ces six mois nous ont appris : [VOTRE LEÇON].

Pour les six prochains mois, nous cherchons des établissements prêts à essayer ROHAFYA pendant 60 jours, et des médecins prêts à nous dire ce qui leur manque.

Merci à toutes celles et ceux qui nous ont reçus."
26;2027-04-06;Mar;1;12:30;X;Compte X ROHAFYA;FR;oui;240;Six mois : le point d'étape;Cette semaine, Journée mondiale de la santé (7 avril). Six mois après le lancement de ROHAFYA, une conviction intacte : le résultat d'un examen fait partie du soin. Le rendre accessible, c'est soigner un peu mieux. #JournéeMondialeDeLaSanté
26;2027-04-06;Mar;1;18:00;X;Compte X personnel;FR;oui;202;Six mois : le point d'étape;Six mois de ROHAFYA. Établissements rencontrés : [NOMBRE]. Démonstrations : [NOMBRE]. Essais en cours : [NOMBRE]. Ma principale leçon : [VOTRE LEÇON]. Le récit complet est sur LinkedIn. #Entrepreneuriat
26;2027-04-08;Jeu;2;08:00;LinkedIn;Profil LinkedIn personnel;FR;non;592;Six mois : le point d'étape;"Journée mondiale de la santé, le 7 avril.

On associe la santé aux soignants, aux équipements, aux médicaments. J'y ajoute une chose moins visible : une information qui arrive à temps. Le bon résultat, chez le bon patient, puis chez le bon médecin.

C'est sur ce point précis que je travaille avec ROHAFYA. Pas sur le soin lui-même, qui reste l'affaire des professionnels.

Le programme d'essai reste ouvert : installation offerte, 60 jours accompagnés, aucun engagement à la sortie.

Aux soignants du Cameroun : merci. Mon métier est de vous faire gagner un peu de temps pour faire le vôtre."
26;2027-04-08;Jeu;2;11:00;LinkedIn;Page LinkedIn ROHAFYA;FR;non;550;Six mois : le point d'étape;"Journée mondiale de la santé, 7 avril.

La santé, ce sont des soignants, des équipements, des médicaments. C'est aussi une information qui arrive à temps : le bon résultat, chez le bon patient, puis chez le bon médecin.

ROHAFYA travaille sur ce dernier point. Résultats de laboratoire, d'imagerie et d'exploration, factures : dans un seul compte, pour le patient, quel que soit l'établissement.

Aux professionnels de santé du Cameroun : merci pour ce que vous faites chaque jour. Notre métier est de vous faire gagner un peu de temps pour le faire."
26;2027-04-08;Jeu;2;12:30;X;Compte X ROHAFYA;EN;non;190;Six mois : le point d'étape;World Health Day is this week. A test result is part of care. Getting it to the patient, and then to the doctor, without an extra trip is a small step that matters. #WorldHealthDay #Cameroon
26;2027-04-08;Jeu;2;18:00;X;Compte X personnel;FR;non;258;Six mois : le point d'étape;Journée mondiale de la santé. Une conviction intacte après six mois : le résultat d'un examen fait partie du soin. Le rendre accessible sans trajet de plus, c'est soigner un peu mieux. Le programme d'essai reste ouvert, écrivez-moi. #JournéeMondialeDeLaSanté
27;2027-04-13;Mar;1;08:00;LinkedIn;Profil LinkedIn personnel;FR;non;791;Brancher son logiciel à ROHAFYA;"Une crainte revient chez les directeurs : « Encore un logiciel à apprendre, encore une double saisie. »

Je la comprends, et j'ai construit ROHAFYA pour l'éviter. ROHAFYA ne remplace pas le logiciel du laboratoire, de la radiologie ou de la clinique. Il se branche dessus.

Concrètement, le logiciel de l'établissement envoie à ROHAFYA, par une connexion sécurisée, les dossiers des patients, les résultats validés et les factures. Personne ne ressaisit rien.

Ce branchement est un travail d'informaticien, pas d'utilisateur. Il se fait une fois, et se teste avec des données fictives avant toute mise en service.

Si votre établissement a un prestataire informatique, c'est à lui que je parle en premier. Ma promesse est simple : une documentation claire et un jeu de test prêt à l'emploi."
27;2027-04-13;Mar;1;11:00;LinkedIn;Page LinkedIn ROHAFYA;FR;non;481;Brancher son logiciel à ROHAFYA;"Faut-il changer de logiciel pour utiliser ROHAFYA ? Non.

Votre logiciel de laboratoire, de radiologie ou de gestion reste en place. Il envoie à ROHAFYA, par une connexion sécurisée, les dossiers des patients, les résultats validés et les factures. ROHAFYA les remet au patient.

Personne ne ressaisit rien.

Ce branchement est un travail d'informaticien, pas d'utilisateur. Il se fait une fois et se teste avec des données fictives avant toute mise en service.

Chacun son métier."
27;2027-04-13;Mar;1;12:30;X;Compte X ROHAFYA;FR;non;225;Brancher son logiciel à ROHAFYA;« Faut-il changer de logiciel de laboratoire pour utiliser ROHAFYA ? » Non. Votre logiciel reste en place : il envoie à ROHAFYA les résultats validés, et ROHAFYA les remet au patient. Chacun son métier. #Laboratoire #Cameroun
27;2027-04-13;Mar;1;18:00;X;Compte X personnel;FR;non;241;Brancher son logiciel à ROHAFYA;« Encore un logiciel à apprendre, encore une double saisie. » C'est la crainte de beaucoup de directeurs. J'ai construit ROHAFYA pour l'éviter : il ne remplace pas le logiciel du laboratoire, il se branche dessus. Personne ne ressaisit rien.
27;2027-04-15;Jeu;2;08:00;LinkedIn;Profil LinkedIn personnel;FR;non;694;Brancher son logiciel à ROHAFYA;"Aux informaticiens et prestataires des établissements de santé : voici comment votre logiciel parle à ROHAFYA, sans détour.

Des JSON en HTTPS, authentifiés par la clé d'API de l'établissement. Cinq natures de données : dossiers patients, résultats de laboratoire, imagerie, explorations fonctionnelles, factures.

Les envois sont répétables sans risque : un élément renvoyé avec le même code est mis à jour, pas dupliqué. C'est important quand le réseau coupe en plein envoi.

Un jeu de données de test est fourni pour valider le branchement avant d'y mettre de vrais patients.

Si vous êtes le prestataire d'un laboratoire ou d'une clinique, je serai heureux de vous envoyer la documentation."
27;2027-04-15;Jeu;2;11:00;LinkedIn;Page LinkedIn ROHAFYA;FR;non;557;Brancher son logiciel à ROHAFYA;"Comment votre logiciel parle à ROHAFYA.

Votre logiciel envoie les données, ROHAFYA les publie. Aucune double saisie.

Cinq envois possibles : dossiers patients, résultats de laboratoire, résultats d'imagerie, explorations fonctionnelles, factures.

Chaque appel est authentifié par la clé d'API de votre établissement.

Les envois sont répétables sans risque : un élément renvoyé avec le même code est mis à jour, pas dupliqué.

Un jeu de données de test est fourni pour valider le branchement avant d'y mettre de vrais patients. Documentation sur demande."
27;2027-04-15;Jeu;2;12:30;X;Compte X ROHAFYA;EN;non;184;Brancher son logiciel à ROHAFYA;"""Do we have to replace our lab software?"" No. Your system stays. It sends validated results to ROHAFYA, and ROHAFYA delivers them to the patient. No double entry. #Cameroon #HealthTech"
27;2027-04-15;Jeu;2;18:00;X;Compte X personnel;FR;non;253;Brancher son logiciel à ROHAFYA;Pour mes amis informaticiens : ROHAFYA reçoit des JSON en HTTPS, authentifiés par une clé d'API. Cinq natures de données : patients, laboratoire, imagerie, exploration, factures. Renvoyer le même code met à jour, sans doublon. Documentation sur demande.
28;2027-04-20;Mar;1;08:00;LinkedIn;Profil LinkedIn personnel;FR;non;725;Le paludisme et le temps du résultat;"Au Cameroun, tout le monde connaît le chemin du laboratoire pour une goutte épaisse. C'est sans doute l'examen qui rythme le plus la vie des familles.

Et c'est un examen pour lequel on revient, on attend, on rappelle. Multiplié par le nombre de patients d'une journée ordinaire, cela représente des heures d'accueil.

Je ne confonds pas les rôles : l'urgence médicale se traite avec le soignant, pas avec une application. Mais pour tous les résultats qui attendent simplement d'être remis, le téléphone du patient est le chemin le plus court.

En cette semaine de lutte contre le paludisme, un mot pour les techniciens de laboratoire qui lisent des lames toute la journée : votre travail mérite d'arriver vite à destination."
28;2027-04-20;Mar;1;11:00;LinkedIn;Page LinkedIn ROHAFYA;FR;non;549;Le paludisme et le temps du résultat;"Journée mondiale de lutte contre le paludisme, 25 avril.

La recherche du paludisme est sans doute l'examen qui rythme le plus la vie des familles camerounaises. C'est aussi un examen pour lequel on revient, on attend, on rappelle.

L'urgence médicale se traite avec le soignant, pas avec une application. Mais pour tous les résultats qui attendent simplement d'être remis, le téléphone du patient est le chemin le plus court.

Aux techniciens de laboratoire qui lisent des lames toute la journée : votre travail mérite d'arriver vite à destination."
28;2027-04-20;Mar;1;12:30;X;Compte X ROHAFYA;FR;non;204;Le paludisme et le temps du résultat;Cette semaine, Journée mondiale de lutte contre le paludisme (25 avril). Pour l'examen le plus demandé du pays, le résultat ne devrait jamais attendre le patient derrière un comptoir. #Paludisme #Cameroun
28;2027-04-20;Mar;1;18:00;X;Compte X personnel;FR;non;256;Le paludisme et le temps du résultat;Au Cameroun, tout le monde connaît le chemin du laboratoire pour une goutte épaisse. Et pour cet examen-là, on revient, on attend, on rappelle. Journée mondiale contre le paludisme le 25 avril : pensée aux techniciens qui lisent des lames toute la journée.
28;2027-04-22;Jeu;2;08:00;LinkedIn;Profil LinkedIn personnel;FR;non;654;Le paludisme et le temps du résultat;"Un détail que les biologistes apprécient dans ROHAFYA : chaque résultat publié porte sa date de validation et le nom de la personne qui l'a validé.

Le patient sait quand son résultat a été signé, et par qui. C'est le même document que celui de l'enveloppe, sans le trajet.

Je tiens à cette signature visible. Elle rappelle au patient qu'un professionnel a examiné son prélèvement et engagé sa responsabilité. Elle évite aussi qu'un résultat soit pris pour une donnée anonyme sortie d'une machine.

En cette semaine de lutte contre le paludisme, c'est ma façon de rendre hommage au travail des laboratoires : le montrer, avec le nom de ceux qui le font."
28;2027-04-22;Jeu;2;11:00;LinkedIn;Page LinkedIn ROHAFYA;FR;non;619;Le paludisme et le temps du résultat;"Au Cameroun, les tests de paludisme font partie du quotidien, et les files pour récupérer les résultats aussi.

Cette semaine, Journée mondiale de lutte contre le paludisme. Les urgences relèvent des soignants, pas d'une application. Mais pour les nombreux résultats qui attendent simplement d'être remis, le téléphone du patient est le chemin le plus court.

Avec ROHAFYA, un résultat validé est publié dans le compte du patient avec sa date de validation et le nom de la personne qui l'a signé.

Aux techniciens de laboratoire qui lisent des lames toute la journée : votre travail mérite d'arriver vite à destination."
28;2027-04-22;Jeu;2;12:30;X;Compte X ROHAFYA;EN;non;213;Le paludisme et le temps du résultat;With ROHAFYA, every result is published with its validation date and the name of the person who signed it. The patient knows when, and by whom. Same document, minus the trip across town. #WorldMalariaDay #Cameroon
28;2027-04-22;Jeu;2;18:00;X;Compte X personnel;FR;non;209;Le paludisme et le temps du résultat;ROHAFYA publie chaque résultat avec sa date de validation et le nom de celui qui l'a validé. Le patient sait quand et par qui son résultat a été signé. Le même document, sans le trajet. [LIEN]
29;2027-04-27;Mar;1;08:00;LinkedIn;Profil LinkedIn personnel;FR;non;743;Le travail invisible de l'accueil;"En cette semaine du 1er mai, parlons d'un travail que personne ne mesure.

Dans un établissement de santé, l'accueil fait bien plus qu'accueillir. Il classe, cherche, rappelle, explique, encaisse, et absorbe l'impatience de tout le monde.

Une grande part de ce temps tient à la remise des résultats : trouver l'enveloppe, vérifier que c'est la bonne personne, répondre au téléphone que ce n'est pas prêt.

Ce travail n'apparaît dans aucun tableau de bord. Il fatigue pourtant les équipes et allonge les files.

Quand je présente ROHAFYA, je ne promets pas de supprimer des postes. Je promets de rendre du temps à des personnes qui en manquent, pour qu'elles le consacrent aux patients présents. Bonne fête à tous les travailleurs de la santé."
29;2027-04-27;Mar;1;11:00;LinkedIn;Page LinkedIn ROHAFYA;FR;non;551;Le travail invisible de l'accueil;"1er mai, Fête du Travail.

Dans un établissement de santé, l'accueil fait bien plus qu'accueillir. Il classe, cherche, rappelle, explique, encaisse, et absorbe l'impatience de tout le monde.

Une grande part de ce temps tient à la remise des résultats : trouver l'enveloppe, vérifier que c'est la bonne personne, répondre au téléphone que ce n'est pas prêt.

Ce travail n'apparaît dans aucun tableau de bord. ROHAFYA veut en retirer une partie, pour que les équipes la consacrent aux patients présents.

Bonne fête à tous les travailleurs de la santé."
29;2027-04-27;Mar;1;12:30;X;Compte X ROHAFYA;FR;non;241;Le travail invisible de l'accueil;Samedi 1er mai, Fête du Travail. Hommage à un travail qu'on ne compte jamais : chercher un résultat dans une pile, répondre « pas encore », calmer une file. Le temps de l'accueil est précieux. Il mérite de meilleurs outils. #1erMai #Cameroun
29;2027-04-27;Mar;1;18:00;X;Compte X personnel;FR;non;248;Le travail invisible de l'accueil;Pour le 1er mai, je pense à un travail que personne ne mesure : chercher un résultat dans une pile, répondre « pas encore » au téléphone, calmer une file. Je ne promets pas de supprimer des postes. Je promets de rendre du temps à l'accueil. #1erMai
29;2027-04-29;Jeu;2;08:00;LinkedIn;Profil LinkedIn personnel;FR;non;641;Le travail invisible de l'accueil;"Ce que j'entends le plus souvent quand je montre ROHAFYA à une équipe d'accueil : « Donc on répondra moins au téléphone ? »

Oui, c'est l'idée. Quand un patient se demande si son résultat est prêt, la réponse est déjà dans son téléphone. Il n'a plus besoin d'appeler.

Moins d'enveloppes à préparer, à classer et à retrouver. Moins de résultats qui dorment dans une armoire. Et pour les gestes qui restent, remettre un QR code ou valider un rattachement, un écran simple.

Un outil utile ne remplace pas les personnes. Il retire les tâches répétitives qui les empêchent de faire leur vrai métier : s'occuper de ceux qui sont en face d'elles."
29;2027-04-29;Jeu;2;11:00;LinkedIn;Page LinkedIn ROHAFYA;FR;non;579;Le travail invisible de l'accueil;"Fête du Travail : ce que le numérique doit aux équipes d'accueil.

Un outil utile ne remplace pas les personnes. Il retire les tâches répétitives qui les empêchent de faire leur vrai métier.

Avec ROHAFYA : moins d'enveloppes à préparer, à classer et à retrouver ; moins d'appels pour savoir si un résultat est prêt ; moins de résultats qui dorment dans une armoire.

Et un écran simple pour les quelques gestes qui restent : remettre un QR code, valider un rattachement.

Bonne Fête du Travail aux équipes des laboratoires, centres d'imagerie, cliniques et hôpitaux du Cameroun."
29;2027-04-29;Jeu;2;12:30;X;Compte X ROHAFYA;EN;non;197;Le travail invisible de l'accueil;"Labour Day. A tribute to work nobody counts: searching a pile for one result, answering ""not ready yet"", calming a queue. Front-desk time is precious. It deserves better tools. #Cameroon #LabourDay"
29;2027-04-29;Jeu;2;18:00;X;Compte X personnel;FR;non;231;Le travail invisible de l'accueil;Avec ROHAFYA, quand un patient se demande si son résultat est prêt, la réponse est déjà dans son téléphone. L'accueil répond moins au téléphone et davantage aux personnes en face. Bonne Fête du Travail aux équipes de santé. #1erMai
30;2027-05-04;Mar;1;08:00;LinkedIn;Profil LinkedIn personnel;FR;non;807;FHIR, expliqué simplement;"Un mot technique revient dans les appels d'offres des hôpitaux : l'interopérabilité. Derrière ce mot, une idée simple.

Aujourd'hui, chaque logiciel de santé range les informations à sa façon. Pour que deux logiciels échangent, il faut un traducteur, et chaque traducteur se paie.

HL7 FHIR est un standard international qui propose une langue commune : un patient, un compte rendu, une observation, une facture ont une forme convenue.

ROHAFYA accepte cette langue. Un logiciel qui sait produire du FHIR peut lui envoyer ses données sans travail spécifique. Et pour les logiciels qui ne le parlent pas, ROHAFYA propose un format maison, volontairement simple.

Pourquoi j'insiste : choisir des outils qui respectent des standards, c'est éviter de se retrouver prisonnier d'un fournisseur. Y compris de moi."
30;2027-05-04;Mar;1;11:00;LinkedIn;Page LinkedIn ROHAFYA;FR;non;537;FHIR, expliqué simplement;"HL7 FHIR, expliqué simplement.

Aujourd'hui, chaque logiciel de santé range les informations à sa façon. Pour que deux logiciels échangent, il faut un traducteur, et chaque traducteur se paie.

HL7 FHIR est un standard international qui propose une langue commune : un patient, un compte rendu, une observation, une facture ont une forme convenue.

ROHAFYA accepte ce standard. Un logiciel qui le parle peut nous envoyer ses données sans développement spécifique. Pour les autres, un format maison, volontairement simple, est disponible."
30;2027-05-04;Mar;1;12:30;X;Compte X ROHAFYA;FR;non;244;FHIR, expliqué simplement;HL7 FHIR, c'est une langue commune pour que les logiciels de santé se comprennent. Si votre logiciel la parle, il peut envoyer ses résultats à ROHAFYA sans développement sur mesure. Sinon, ROHAFYA a aussi son propre format, plus simple. #eSanté
30;2027-05-04;Mar;1;18:00;X;Compte X personnel;FR;non;246;FHIR, expliqué simplement;Le mot « interopérabilité » fait peur. L'idée est simple : HL7 FHIR est une langue commune pour que les logiciels de santé se comprennent. ROHAFYA la parle. Choisir des standards, c'est ne pas rester prisonnier d'un fournisseur. Y compris de moi.
30;2027-05-06;Jeu;2;08:00;LinkedIn;Profil LinkedIn personnel;FR;non;694;FHIR, expliqué simplement;"Deux façons d'envoyer des données à ROHAFYA, et pourquoi j'ai tenu à proposer les deux.

Le format ROHAFYA : des JSON simples, un point d'accès par nature de donnée. C'est le plus rapide pour un logiciel maison ou un petit prestataire.

Le standard HL7 FHIR R4 : Patient, DiagnosticReport, Observation, Invoice. C'est le bon choix pour les logiciels qui l'exportent déjà, et pour les projets hospitaliers qui exigent l'interopérabilité.

Une même clé d'API sert aux deux.

J'y ajoute une troisième voie en préparation : l'import de comptes rendus PDF, avec relecture avant publication, pour les établissements dont le logiciel n'exporte rien. Je l'annoncerai quand elle sera ouverte, pas avant."
30;2027-05-06;Jeu;2;11:00;LinkedIn;Page LinkedIn ROHAFYA;FR;non;567;FHIR, expliqué simplement;"Deux façons d'envoyer des données à ROHAFYA.

Le format ROHAFYA : des JSON simples, un point d'accès par nature de donnée. Idéal pour un logiciel maison ou un développement rapide.

Le standard HL7 FHIR R4 : Patient, DiagnosticReport, Observation, Invoice. Idéal pour les logiciels qui l'exportent déjà et pour les projets hospitaliers qui exigent l'interopérabilité.

Une même clé d'API sert aux deux.

Une troisième méthode, l'import de comptes rendus PDF avec relecture avant publication, est en préparation pour les établissements dont le logiciel n'exporte rien."
30;2027-05-06;Jeu;2;12:30;X;Compte X ROHAFYA;EN;non;204;FHIR, expliqué simplement;HL7 FHIR is a shared language for health software. If your system speaks it, it can send results to ROHAFYA with no custom work. If not, ROHAFYA also has a simpler JSON format. #FHIR #Cameroon #HealthTech
30;2027-05-06;Jeu;2;18:00;X;Compte X personnel;FR;non;247;FHIR, expliqué simplement;ROHAFYA accepte HL7 FHIR R4 : Patient, DiagnosticReport, Observation, Invoice. Un Bundle complet ou une ressource seule. Les catégories LAB, RAD et IMG sont reconnues et classées automatiquement. Les informaticiens comprendront pourquoi j'y tiens.
31;2027-05-11;Mar;1;08:00;LinkedIn;Profil LinkedIn personnel;FR;non;766;Les infirmiers et le résultat;"Dans un service hospitalier, qui va chercher les résultats au laboratoire ? Souvent un infirmier, parfois un aide-soignant, quelquefois le garde-malade lui-même.

Ce trajet entre le service et le laboratoire, répété plusieurs fois par jour, est du temps de soin perdu. Personne ne l'a choisi : il s'est installé faute d'autre circuit.

ROHAFYA a d'abord été pensé pour les patients externes, ceux qui viennent au laboratoire et repartent. Mais la même logique vaut pour les patients suivis par un médecin : le résultat partagé arrive dans l'espace du médecin, sans intermédiaire.

En cette semaine qui leur est consacrée, je veux saluer les infirmières et les infirmiers. Si le numérique a un sens dans la santé, c'est celui de leur épargner les kilomètres inutiles."
31;2027-05-11;Mar;1;11:00;LinkedIn;Page LinkedIn ROHAFYA;FR;non;545;Les infirmiers et le résultat;"12 mai, Journée internationale des infirmières et infirmiers.

Dans les services, ce sont souvent eux qui font le lien entre le laboratoire, le médecin et le patient. Et ce lien se fait trop souvent à pied, un résultat à la main, plusieurs fois par jour.

ROHAFYA fait circuler l'information autrement : le résultat validé va dans le compte du patient, qui peut le partager avec son médecin. Il apparaît alors dans l'espace du médecin, sans intermédiaire.

Moins d'allers-retours, plus de temps pour le soin. Merci aux infirmières et infirmiers."
31;2027-05-11;Mar;1;12:30;X;Compte X ROHAFYA;FR;non;236;Les infirmiers et le résultat;Cette semaine, Journée internationale des infirmières et infirmiers (12 mai). Dans les services, ce sont eux qui courent après les résultats pour le médecin. Un résultat disponible sans courir, c'est du temps de soin retrouvé. #Cameroun
31;2027-05-11;Mar;1;18:00;X;Compte X personnel;FR;non;229;Les infirmiers et le résultat;Dans un service hospitalier, qui va chercher les résultats au laboratoire ? Souvent un infirmier, plusieurs fois par jour. Du temps de soin perdu à marcher. Journée internationale des infirmiers le 12 mai : merci à eux. #Cameroun
31;2027-05-13;Jeu;2;08:00;LinkedIn;Profil LinkedIn personnel;FR;non;625;Les infirmiers et le résultat;"Je veux raconter comment un médecin reçoit un résultat dans ROHAFYA, parce que c'est souvent mal compris.

Le médecin ne va rien chercher. C'est le patient qui lui partage un résultat, depuis son téléphone.

Ce résultat apparaît dans l'espace du médecin, dans la rubrique « Résultats reçus », avec tous ceux que ses autres patients lui ont partagés. Peu importe le laboratoire ou le centre d'imagerie d'origine : même présentation, même endroit.

Le médecin peut ainsi préparer sa consultation avant que le patient n'entre.

Ce circuit n'enlève rien au rôle des infirmiers. Il leur épargne simplement les kilomètres inutiles."
31;2027-05-13;Jeu;2;11:00;LinkedIn;Page LinkedIn ROHAFYA;FR;non;451;Les infirmiers et le résultat;"12 mai : merci aux infirmières et aux infirmiers.

Dans les services, ils sont le lien entre le laboratoire, le médecin et le patient. Et trop souvent, ce lien se fait à pied, un résultat à la main.

ROHAFYA fait circuler l'information autrement : le résultat validé va dans le compte du patient, qui peut le partager avec son médecin.

Moins d'allers-retours, moins de papiers égarés, plus de temps pour le soin. C'est notre façon de leur dire merci."
31;2027-05-13;Jeu;2;12:30;X;Compte X ROHAFYA;EN;non;193;Les infirmiers et le résultat;International Nurses Day is this week. On the wards, nurses are often the ones chasing results for the doctor. Every result that arrives without the chase is care time recovered. #IND #Cameroon
31;2027-05-13;Jeu;2;18:00;X;Compte X personnel;FR;non;257;Les infirmiers et le résultat;Un résultat partagé par le patient arrive dans l'espace du médecin, rubrique « Résultats reçus », quel que soit le laboratoire d'origine. Le médecin prépare sa consultation sans attendre l'enveloppe. Et l'infirmier n'a plus à courir. [LIEN]
32;2027-05-18;Mar;1;08:00;LinkedIn;Profil LinkedIn personnel;FR;non;739;L'unité, au sens propre;"Cette semaine réunit deux dates : la Journée mondiale de l'hypertension, le 17 mai, et notre Fête nationale, le 20.

L'hypertension est l'exemple même d'un suivi au long cours : des bilans répétés, à comparer dans le temps. Pour cela, il faut retrouver les anciens.

La Fête nationale, elle, me rappelle une réalité camerounaise : on naît dans une région, on étudie dans une autre, on travaille dans une troisième. Les examens médicaux suivent ces déplacements et se dispersent.

Un compte unique, qui rassemble les résultats quel que soit l'établissement, répond aux deux.

ROHAFYA a été construit ici, pour cette réalité-là. Je le dis sans chauvinisme : les outils conçus pour nos usages n'ont pas à être importés. Bonne fête de l'Unité."
32;2027-05-18;Mar;1;11:00;LinkedIn;Page LinkedIn ROHAFYA;FR;non;413;L'unité, au sens propre;"20 mai, Fête nationale.

De Kousséri à Kribi, de Buea à Bertoua, beaucoup de Camerounais vivent entre plusieurs villes. Leurs examens médicaux suivent ces déplacements et se dispersent.

ROHAFYA réunit les résultats dans un compte unique, quel que soit l'établissement et quelle que soit la ville où l'examen a été fait.

Un outil conçu au Cameroun, pour la façon dont on y vit réellement.

Bonne fête de l'Unité."
32;2027-05-18;Mar;1;12:30;X;Compte X ROHAFYA;FR;non;226;L'unité, au sens propre;Jeudi 20 mai, Fête nationale. De Kousséri à Kribi, de Buea à Bertoua, un patient devrait pouvoir retrouver ses résultats, où qu'il ait fait son examen. C'est aussi cela, un pays qui tient ensemble. Bonne fête. #20Mai #Cameroun
32;2027-05-18;Mar;1;18:00;X;Compte X personnel;FR;non;225;L'unité, au sens propre;On naît dans une région, on étudie dans une autre, on travaille dans une troisième. Les examens médicaux suivent et se dispersent. ROHAFYA a été conçu ici, pour cette réalité-là. Bonne fête de l'Unité à tous. #20Mai #Cameroun
32;2027-05-20;Jeu;2;08:00;LinkedIn;Profil LinkedIn personnel;FR;non;637;L'unité, au sens propre;"Cette semaine, c'est aussi la Journée mondiale de l'hypertension, le 17 mai.

L'hypertension est l'exemple même d'un suivi au long cours. Un bilan se lit mieux à côté du précédent, et du précédent encore.

Je connais beaucoup de patients qui gardent leurs résultats dans une chemise cartonnée, ou en photos dans leur téléphone. Les deux finissent par se perdre.

Dans ROHAFYA, les résultats restent rangés par date dans le compte du patient, prêts à être montrés au médecin. Quel que soit l'établissement qui les a produits.

Je ne donne aucun conseil médical. Je veux seulement que l'historique soit là le jour où le médecin le demande."
32;2027-05-20;Jeu;2;11:00;LinkedIn;Page LinkedIn ROHAFYA;FR;non;595;L'unité, au sens propre;"Fête nationale, 20 mai.

Au Cameroun, on naît dans une région, on étudie dans une autre et on travaille dans une troisième. Les examens médicaux suivent et finissent dispersés.

ROHAFYA rassemble les résultats dans un seul compte, quel que soit l'établissement qui les a produits, et quelle que soit la ville.

Cette semaine, c'est aussi la Journée mondiale de l'hypertension : un rappel que les maladies au long cours se suivent en comparant les résultats dans le temps. Encore faut-il retrouver les anciens.

ROHAFYA a été conçu au Cameroun, pour la façon dont on y vit. Bonne fête de l'Unité."
32;2027-05-20;Jeu;2;12:30;X;Compte X ROHAFYA;EN;non;224;L'unité, au sens propre;World Hypertension Day and our National Day this week. Long-term conditions are followed by comparing results over time, across cities. ROHAFYA keeps them dated, in one account, ready for the doctor. #Cameroon #DigitalHealth
32;2027-05-20;Jeu;2;18:00;X;Compte X personnel;FR;non;265;L'unité, au sens propre;Journée mondiale de l'hypertension, 17 mai. Un bilan se lit mieux à côté du précédent. Dans ROHAFYA, les résultats restent rangés par date dans le compte du patient, prêts pour le médecin. C'est ça, l'historique que je voulais rendre facile. [LIEN]
33;2027-05-25;Mar;1;08:00;LinkedIn;Profil LinkedIn personnel;FR;non;806;Trois façons de démarrer;"Tous les établissements ne sont pas équipés de la même façon, et je ne veux pas vendre ROHAFYA à ceux qu'il ne peut pas servir aujourd'hui.

Trois situations.

Vous avez un logiciel de laboratoire ou de gestion qui peut envoyer des données : le branchement se fait avec votre informaticien, en quelques jours.

Vous êtes dans un projet hospitalier qui exige des standards : ROHAFYA parle HL7 FHIR R4.

Votre logiciel n'exporte rien, ou vous travaillez surtout avec des comptes rendus PDF : une fonction d'import est développée et sera ouverte après validation par des biologistes. Je préfère vous le dire maintenant plutôt que de vous faire signer pour une fonction pas encore disponible.

La bonne question à me poser n'est pas « est-ce que ça marche ? », mais « est-ce que ça marche avec ce que j'ai ? »."
33;2027-05-25;Mar;1;11:00;LinkedIn;Page LinkedIn ROHAFYA;FR;non;532;Trois façons de démarrer;"Tous les établissements ne sont pas équipés de la même façon.

Votre logiciel peut envoyer des données ? Le branchement se fait avec votre informaticien, en quelques jours.

Votre projet exige des standards ? ROHAFYA parle HL7 FHIR R4.

Votre logiciel n'exporte rien, ou vous travaillez surtout avec des comptes rendus PDF ? Une fonction d'import est en préparation. Elle sera ouverte après validation par des biologistes.

Nous préférons vous le dire maintenant plutôt que vous faire signer pour une fonction pas encore disponible."
33;2027-05-25;Mar;1;12:30;X;Compte X ROHAFYA;FR;non;242;Trois façons de démarrer;Votre logiciel sait exporter ? Il se branche à ROHAFYA. Il parle FHIR ? Encore plus simple. Il n'exporte rien ? L'import de comptes rendus PDF, avec relecture avant publication, est en préparation. Chaque établissement a son chemin. #Cameroun
33;2027-05-25;Mar;1;18:00;X;Compte X personnel;FR;non;230;Trois façons de démarrer;Je ne veux pas vendre ROHAFYA à un établissement qu'il ne peut pas servir aujourd'hui. Alors je pose une seule question avant tout rendez-vous : « Votre logiciel peut-il exporter des données ? » La réponse décide de tout le reste.
33;2027-05-27;Jeu;2;08:00;LinkedIn;Profil LinkedIn personnel;FR;non;660;Trois façons de démarrer;"Lors d'un premier échange avec un établissement, je consacre dix minutes à une seule chose : identifier son chemin vers ROHAFYA.

Premier chemin : un logiciel capable d'envoyer des données. Branchement par API, au format ROHAFYA.

Deuxième chemin : un logiciel compatible HL7 FHIR R4. Envoi direct, sans développement spécifique.

Troisième chemin : pas d'export possible. L'import de comptes rendus PDF est en préparation ; chaque compte rendu sera relu par l'équipe de l'établissement avant publication.

À la fin de ces dix minutes, je dis franchement si ROHAFYA peut servir dès maintenant. Parfois, la réponse est « pas encore ». Mieux vaut l'entendre tôt."
33;2027-05-27;Jeu;2;11:00;LinkedIn;Page LinkedIn ROHAFYA;FR;non;501;Trois façons de démarrer;"Quel chemin pour votre établissement ?

1. Logiciel capable d'envoyer des données : branchement par API, au format ROHAFYA.

2. Logiciel compatible HL7 FHIR R4 : envoi direct, sans développement spécifique.

3. Pas d'export possible : l'import de comptes rendus PDF est en préparation. Chaque compte rendu sera relu par votre équipe avant publication.

Lors du premier échange, nous identifions votre situation en dix minutes et nous vous disons franchement si ROHAFYA peut vous servir dès maintenant."
33;2027-05-27;Jeu;2;12:30;X;Compte X ROHAFYA;EN;non;188;Trois façons de démarrer;Three ways to connect a facility to ROHAFYA: a simple JSON API, HL7 FHIR R4, and, in preparation, PDF report import with human review before anything is published. #Cameroon #DigitalHealth
33;2027-05-27;Jeu;2;18:00;X;Compte X personnel;FR;non;239;Trois façons de démarrer;Avant tout rendez-vous avec un établissement, je ne prépare qu'une question : « Quel logiciel utilisez-vous pour vos résultats, et peut-il exporter des données ? » Toute la mise en service en dépend. Parfois, ma réponse est « pas encore ».
34;2027-06-01;Mar;1;08:00;LinkedIn;Profil LinkedIn personnel;FR;non;728;La clé d'API, un secret bien gardé;"Un mot sur un sujet aride mais décisif : les clés d'accès.

Pour que le logiciel d'un établissement envoie ses données à ROHAFYA, il doit prouver son identité. Il le fait avec une clé secrète, propre à l'établissement.

Trois règles gouvernent cette clé. Elle n'est montrée qu'une seule fois, au moment où elle est créée. ROHAFYA n'en garde que l'empreinte, pas la clé elle-même. Et dès qu'on en génère une nouvelle, l'ancienne cesse de fonctionner.

Conséquence : si un prestataire quitte l'établissement, on change la clé et son accès disparaît dans la seconde.

Cela paraît technique. C'est en réalité une question de gouvernance : savoir qui peut envoyer des données au nom de votre établissement, et pouvoir le lui retirer."
34;2027-06-01;Mar;1;11:00;LinkedIn;Page LinkedIn ROHAFYA;FR;non;498;La clé d'API, un secret bien gardé;"Qui peut envoyer des données au nom de votre établissement ?

Pour envoyer ses données à ROHAFYA, le logiciel de l'établissement s'identifie avec une clé secrète. Trois règles la gouvernent.

Elle n'est affichée qu'une seule fois, au moment de sa création.
ROHAFYA n'en conserve que l'empreinte : même nous ne pouvons pas la relire.
Dès qu'une nouvelle clé est générée, l'ancienne cesse de fonctionner.

Conséquence : au départ d'un prestataire, vous changez la clé et son accès disparaît aussitôt."
34;2027-06-01;Mar;1;12:30;X;Compte X ROHAFYA;FR;non;249;La clé d'API, un secret bien gardé;Chaque établissement a une clé d'API pour envoyer ses données à ROHAFYA. Elle n'est affichée qu'une fois. ROHAFYA n'en conserve que l'empreinte : même nous ne pouvons pas la relire. Perdue ? On en génère une autre, l'ancienne meurt aussitôt. #eSanté
34;2027-06-01;Mar;1;18:00;X;Compte X personnel;FR;non;260;La clé d'API, un secret bien gardé;Un sujet aride mais décisif : la clé d'API d'un établissement. Montrée une seule fois, jamais conservée en clair, annulée dès qu'on en crée une nouvelle. Si un prestataire part, son accès disparaît dans la seconde. C'est de la gouvernance, pas de la technique.
34;2027-06-03;Jeu;2;08:00;LinkedIn;Profil LinkedIn personnel;FR;non;611;La clé d'API, un secret bien gardé;"Les bonnes pratiques que je rappelle à chaque informaticien qui branche un établissement à ROHAFYA.

Conserver la clé d'API côté serveur uniquement : jamais dans une page web, une application mobile ou un dépôt de code.

Ne jamais l'envoyer par messagerie instantanée, ni par e-mail en clair.

La renouveler au départ d'un prestataire, ou au moindre doute.

Toujours appeler l'API en HTTPS.

Et savoir ce que la clé ne permet pas : elle donne accès aux seules données de l'établissement, ne permet ni de lire les comptes des patients ni de voir les autres établissements, et chaque envoi est inscrit au journal."
34;2027-06-03;Jeu;2;11:00;LinkedIn;Page LinkedIn ROHAFYA;FR;non;460;La clé d'API, un secret bien gardé;"Bonnes pratiques pour la clé d'API de votre établissement.

La conserver côté serveur uniquement : jamais dans une page web, une application mobile ou un dépôt de code.

Ne jamais l'envoyer par messagerie instantanée ou par e-mail en clair.

La renouveler au départ d'un prestataire, ou au moindre doute : l'ancienne cesse aussitôt de fonctionner.

Toujours appeler l'API en HTTPS.

Ces règles sont rappelées dans la documentation remise à votre informaticien."
34;2027-06-03;Jeu;2;12:30;X;Compte X ROHAFYA;EN;non;212;La clé d'API, un secret bien gardé;"Each facility has one API key to send data to ROHAFYA. It is shown once. We only store its fingerprint, so even we cannot read it back. Lost it? Generate a new one; the old one dies instantly. #Cameroon #Security"
34;2027-06-03;Jeu;2;18:00;X;Compte X personnel;FR;non;245;La clé d'API, un secret bien gardé;La clé d'API d'un établissement ne donne accès qu'à ses propres données. Elle ne permet ni de lire les comptes des patients, ni de voir les autres établissements. Et chaque envoi est inscrit au journal. J'ai voulu une clé qui ne puisse pas tout.
35;2027-06-08;Mar;1;08:00;LinkedIn;Profil LinkedIn personnel;FR;non;754;Le médecin prescripteur;"On parle beaucoup du patient et de l'établissement. Il y a un troisième acteur sans lequel rien n'a de sens : le médecin qui a prescrit l'examen.

Aujourd'hui, il découvre le résultat en consultation, quand le patient le lui tend. S'il manque une page, si le patient a oublié l'enveloppe, la consultation est à refaire.

Avec ROHAFYA, le patient partage son résultat avant de venir. Le médecin le lit à l'avance, dans un espace qui rassemble ce que tous ses patients lui ont partagé, quel que soit le laboratoire.

Je veux être clair sur ce que cela ne fait pas : ROHAFYA n'envoie rien au médecin sans que le patient l'ait décidé.

Si vous êtes médecin et que vous lisez ceci, votre avis m'intéresse particulièrement. Qu'attendriez-vous d'un tel espace ?"
35;2027-06-08;Mar;1;11:00;LinkedIn;Page LinkedIn ROHAFYA;FR;non;475;Le médecin prescripteur;"Le médecin prescripteur, troisième acteur du résultat.

Aujourd'hui, il découvre souvent le résultat en consultation, quand le patient le lui tend. S'il manque une page, ou si l'enveloppe est restée à la maison, la consultation est à refaire.

Avec ROHAFYA, le patient peut partager son résultat avant de venir. Le médecin le lit à l'avance, dans un espace qui rassemble tout ce que ses patients lui ont partagé.

Et rien n'arrive au médecin sans que le patient l'ait décidé."
35;2027-06-08;Mar;1;12:30;X;Compte X ROHAFYA;FR;non;208;Le médecin prescripteur;Médecins : vos patients font leurs examens dans dix laboratoires différents. Avec ROHAFYA, les résultats qu'ils vous partagent arrivent au même endroit, lisibles, datés, avec leurs normes. #Médecine #Cameroun
35;2027-06-08;Mar;1;18:00;X;Compte X personnel;FR;non;244;Le médecin prescripteur;On parle du patient, de l'établissement. On oublie le médecin qui a prescrit l'examen. Il découvre le résultat en consultation, quand le patient pense à l'apporter. Médecins, qu'attendriez-vous d'un espace qui rassemble les résultats partagés ?
35;2027-06-10;Jeu;2;08:00;LinkedIn;Profil LinkedIn personnel;FR;non;605;Le médecin prescripteur;"Aux médecins qui me suivent : voici à quoi ressemble votre espace dans ROHAFYA, sans enjoliver.

Une rubrique « Résultats reçus » qui rassemble les résultats partagés par vos patients, tous établissements confondus. Laboratoire, imagerie, exploration : même présentation, même endroit.

Pour chaque résultat : les valeurs, les unités, les normes et le nom du validateur.

Ce que vous n'y trouverez pas : les résultats de patients qui ne vous les ont pas partagés. C'est voulu.

Je cherche des médecins prêts à l'utiliser et à me dire ce qui leur manque. Dix minutes de présentation suffisent. Écrivez-moi."
35;2027-06-10;Jeu;2;11:00;LinkedIn;Page LinkedIn ROHAFYA;FR;non;531;Le médecin prescripteur;"Aux médecins prescripteurs.

Vos patients vous apportent leurs résultats sur papier, quand ils y pensent. ROHAFYA propose un autre circuit.

Le patient partage le résultat de son choix avec vous, depuis son téléphone. Vous le retrouvez dans votre espace, avec les valeurs, les unités, les normes et le nom du validateur.

Tous les résultats partagés par vos patients sont au même endroit, quel que soit l'établissement qui les a produits.

Vous voulez voir à quoi cela ressemble ? Écrivez-nous pour une présentation de dix minutes."
35;2027-06-10;Jeu;2;12:30;X;Compte X ROHAFYA;EN;non;186;Le médecin prescripteur;Doctors: your patients use ten different labs. With ROHAFYA, the results they choose to share with you land in one place: readable, dated, with reference ranges. #Cameroon #DigitalHealth
35;2027-06-10;Jeu;2;18:00;X;Compte X personnel;FR;non;250;Le médecin prescripteur;Médecins : vos patients vont dans dix laboratoires différents. Dans ROHAFYA, les résultats qu'ils vous partagent arrivent au même endroit, lisibles, datés, avec leurs normes. Je cherche des médecins pour me dire ce qui manque. [LIEN]
36;2027-06-15;Mar;1;08:00;LinkedIn;Profil LinkedIn personnel;FR;non;758;Don de sang et drépanocytose;"Deux journées mondiales se suivent cette semaine, et toutes deux parlent à beaucoup de familles camerounaises : celle du donneur de sang, le 14 juin, et celle de la drépanocytose, le 19.

Je ne suis pas médecin et je ne donnerai aucun conseil médical. Je veux seulement souligner un point d'organisation.

Vivre avec une maladie chronique, c'est accumuler des bilans. Des dizaines, sur des années, dans plusieurs établissements, parfois dans plusieurs villes.

Ces documents sont l'histoire médicale de la personne. Les perdre, c'est repartir de zéro à chaque nouveau médecin.

Un compte où ils se rangent d'eux-mêmes, au fil des examens, ne soigne personne. Mais il évite de perdre ce que les examens précédents ont déjà appris. À tous les donneurs : merci."
36;2027-06-15;Mar;1;11:00;LinkedIn;Page LinkedIn ROHAFYA;FR;non;553;Don de sang et drépanocytose;"Journée mondiale du donneur de sang, 14 juin. Journée mondiale de la drépanocytose, 19 juin.

Vivre avec une maladie chronique, c'est accumuler des bilans : des dizaines, sur des années, dans plusieurs établissements, parfois dans plusieurs villes.

Ces documents sont l'histoire médicale de la personne. Les perdre, c'est repartir de zéro à chaque nouveau médecin.

ROHAFYA ne soigne personne. Il range les résultats publiés dans le compte du patient, au fil des examens, pour que rien de ce qu'ils ont appris ne se perde.

À tous les donneurs : merci."
36;2027-06-15;Mar;1;12:30;X;Compte X ROHAFYA;FR;non;217;Don de sang et drépanocytose;Cette semaine, Journée mondiale du donneur de sang (14 juin) et Journée mondiale de la drépanocytose (19 juin). Deux causes où l'on répète les analyses et où l'on doit pouvoir retrouver les anciennes. #Cameroun #Santé
36;2027-06-15;Mar;1;18:00;X;Compte X personnel;FR;non;257;Don de sang et drépanocytose;Deux journées cette semaine qui parlent à beaucoup de familles : le don de sang (14 juin) et la drépanocytose (19 juin). Vivre avec une maladie chronique, c'est accumuler des bilans pendant des années. Les perdre, c'est repartir de zéro. Merci aux donneurs.
36;2027-06-17;Jeu;2;08:00;LinkedIn;Profil LinkedIn personnel;FR;non;671;Don de sang et drépanocytose;"Une question que me posent les établissements : combien de temps un résultat reste-t-il consultable dans ROHAFYA ?

C'est l'établissement qui décide. Il fixe la durée pendant laquelle le détail des résultats reste consultable par le patient.

J'ai fait ce choix parce que les pratiques varient : certains veulent un accès durable, d'autres préfèrent une durée limitée.

Pendant cette durée, les résultats restent dans le compte du patient, classés par date et par établissement. Le papier, lui, se perd sans prévenir.

Pour les patients suivis au long cours, comme ceux qui vivent avec la drépanocytose, je recommande toujours aux établissements de choisir un accès long."
36;2027-06-17;Jeu;2;11:00;LinkedIn;Page LinkedIn ROHAFYA;FR;non;686;Don de sang et drépanocytose;"Cette semaine : Journée mondiale du donneur de sang (14 juin) et Journée mondiale de la drépanocytose (19 juin).

Ces deux journées comptent pour beaucoup de familles au Cameroun. Vivre avec une maladie au long cours, c'est réunir des résultats d'examens pendant des années, dans plusieurs établissements et parfois plusieurs villes.

Ces documents sont l'histoire médicale d'une personne. Les perdre, c'est repartir de zéro avec chaque nouveau médecin.

ROHAFYA conserve les résultats publiés dans le compte du patient, classés par date et par établissement. Il ne soigne personne. Il aide à ne pas perdre ce que les examens précédents ont appris.

À tous les donneurs de sang : merci."
36;2027-06-17;Jeu;2;12:30;X;Compte X ROHAFYA;EN;non;226;Don de sang et drépanocytose;World Blood Donor Day and World Sickle Cell Day this week. Living with a long-term condition means years of test results across facilities. ROHAFYA keeps them in one account, sorted by date. Thank you to every donor. #Cameroon
36;2027-06-17;Jeu;2;18:00;X;Compte X personnel;FR;non;262;Don de sang et drépanocytose;Dans ROHAFYA, c'est l'établissement qui fixe combien de temps le détail des résultats reste consultable. Pendant ce temps, ils restent classés par date et par établissement dans le compte du patient. Le papier, lui, se perd sans prévenir. [LIEN]
37;2027-06-22;Mar;1;08:00;LinkedIn;Profil LinkedIn personnel;FR;non;771;Une mise en service, étape par étape;"« Combien de temps pour démarrer ? » C'est la deuxième question qu'on me pose, juste après le prix.

Ma réponse honnête : cela dépend moins de ROHAFYA que de votre logiciel et de la disponibilité de votre informaticien.

Voici les étapes. Création de l'espace de l'établissement et de ses administrateurs : quelques minutes. Branchement du logiciel : c'est l'étape variable. Essais avec des données fictives : une demi-journée. Formation de l'accueil : une séance. Premiers QR codes remis à de vrais patients : dès le lendemain.

Je recommande toujours de commencer petit : un seul service, ou une seule journée par semaine, pendant deux semaines. On observe, on corrige, puis on généralise.

Un démarrage prudent vaut mieux qu'un lancement en fanfare suivi d'un abandon."
37;2027-06-22;Mar;1;11:00;LinkedIn;Page LinkedIn ROHAFYA;FR;non;514;Une mise en service, étape par étape;"Combien de temps pour mettre ROHAFYA en service ?

Cela dépend surtout de votre logiciel et de la disponibilité de votre informaticien. Le reste est rapide.

Création de votre espace et de vos administrateurs : quelques minutes.
Branchement du logiciel : l'étape variable.
Essais avec des données fictives : une demi-journée.
Formation de l'accueil : une séance.
Premiers QR codes remis : dès le lendemain.

Nous recommandons un démarrage progressif : un service ou une journée par semaine, puis la généralisation."
37;2027-06-22;Mar;1;12:30;X;Compte X ROHAFYA;FR;non;233;Une mise en service, étape par étape;"Mettre ROHAFYA en service dans un établissement : 1. créer l'espace ; 2. brancher le logiciel ou préparer les dossiers ; 3. tester avec des données fictives ; 4. former l'accueil ; 5. remettre les premiers QR codes. #Cameroun #eSanté"
37;2027-06-22;Mar;1;18:00;X;Compte X personnel;FR;non;238;Une mise en service, étape par étape;« Combien de temps pour démarrer ? » Ma réponse honnête : ça dépend moins de ROHAFYA que de votre logiciel et de votre informaticien. Et je conseille toujours de commencer petit : un service, deux semaines. On observe, puis on généralise.
37;2027-06-24;Jeu;2;08:00;LinkedIn;Profil LinkedIn personnel;FR;non;672;Une mise en service, étape par étape;"Avant de recevoir un seul vrai patient, je teste toujours ROHAFYA avec un jeu de données fictives.

Des dossiers inventés, des résultats de laboratoire et d'imagerie, des factures payées et impayées. On les envoie sur un établissement de test, et on vérifie tout : l'affichage, les règles d'accès, l'option qui masque un résultat tant que la facture n'est pas réglée.

Quand tout est juste, on bascule sur les vraies données.

Cette étape rassure l'informaticien, qui voit son branchement fonctionner. Elle rassure le directeur, qui voit le rendu avant ses patients. Et elle m'évite de découvrir un problème au comptoir, devant un patient.

Une demi-journée bien investie."
37;2027-06-24;Jeu;2;11:00;LinkedIn;Page LinkedIn ROHAFYA;FR;non;488;Une mise en service, étape par étape;"Les cinq étapes d'une mise en service.

1. Création de votre espace et de vos comptes administrateurs.

2. Branchement de votre logiciel, avec votre informaticien.

3. Essais sur des données fictives, dans un établissement de test.

4. Formation de votre accueil : une séance, sur vos postes ou vos téléphones.

5. Démarrage progressif : un service ou quelques patients par jour, puis généralisation.

À chaque étape, un interlocuteur unique. Parlons de votre calendrier en message privé."
37;2027-06-24;Jeu;2;12:30;X;Compte X ROHAFYA;EN;non;212;Une mise en service, étape par étape;Going live with ROHAFYA in five steps: create the facility space, connect your software, test with fictional data, train the front desk, hand out the first QR codes. Start small, then scale. #Cameroon #HealthTech
37;2027-06-24;Jeu;2;18:00;X;Compte X personnel;FR;non;250;Une mise en service, étape par étape;Avant le premier vrai patient, je teste toujours ROHAFYA avec des données fictives : dossiers, résultats, factures payées et impayées, sur un établissement de test. On vérifie tout, puis on bascule. Mieux vaut découvrir un problème là qu'au comptoir.
38;2027-06-29;Mar;1;08:00;LinkedIn;Profil LinkedIn personnel;FR;non;709;La saison des pluies;"Ceux qui vivent à Douala savent ce que veut dire « il pleut ». La ville ralentit, certains quartiers deviennent difficiles d'accès, et un trajet de vingt minutes peut en prendre quatre-vingt-dix.

Dans ces conditions, retourner au laboratoire pour un résultat devient une expédition. Beaucoup remettent au lendemain, puis au surlendemain. Le résultat attend, le rendez-vous médical aussi.

C'est un argument que je n'aurais pas trouvé dans un manuel de marketing. Il vient du quotidien : le climat et la circulation font partie du parcours de soins.

Un résultat disponible sur le téléphone ne dépend ni de la pluie ni des embouteillages. C'est banal à dire. Pour un patient qui habite loin, cela change tout."
38;2027-06-29;Mar;1;11:00;LinkedIn;Page LinkedIn ROHAFYA;FR;non;519;La saison des pluies;"Saison des pluies : le résultat ne devrait pas dépendre de la météo.

À Douala, quand il pleut, la ville ralentit. Certains quartiers deviennent difficiles d'accès, et un trajet de vingt minutes peut en prendre quatre-vingt-dix.

Retourner au laboratoire pour un résultat devient une expédition. Beaucoup remettent au lendemain. Le résultat attend, le rendez-vous médical aussi.

Un résultat disponible sur le téléphone ne dépend ni de la pluie, ni des embouteillages. Pour un patient qui habite loin, cela change tout."
38;2027-06-29;Mar;1;12:30;X;Compte X ROHAFYA;FR;non;198;La saison des pluies;Saison des pluies : routes coupées, embouteillages, motos à l'arrêt. Traverser la ville sous l'orage pour un papier, puis le protéger sous sa chemise. Il existe un chemin plus sec. #Douala #Cameroun
38;2027-06-29;Mar;1;18:00;X;Compte X personnel;FR;non;242;La saison des pluies;Ceux qui vivent à Douala savent ce que veut dire « il pleut ». Un trajet de vingt minutes en prend quatre-vingt-dix. Retourner au laboratoire pour un résultat devient une expédition. Cet argument, je ne l'ai pas trouvé dans un manuel. #Douala
38;2027-07-01;Jeu;2;08:00;LinkedIn;Profil LinkedIn personnel;FR;non;676;La saison des pluies;"Une conséquence de la saison des pluies que les directeurs d'établissement connaissent bien : l'accueil se vide pendant l'averse, puis déborde à l'éclaircie.

Tous les patients arrivent en même temps. Les résultats non retirés s'accumulent. Le téléphone sonne pour savoir si l'on peut passer.

Un établissement qui publie ses résultats en ligne lisse cette charge : le patient consulte de chez lui et ne se déplace que s'il le faut.

J'ai aussi pensé ROHAFYA pour un réseau capricieux : il fonctionne dans le navigateur du téléphone, avec une connexion ordinaire, sans pièce jointe lourde à télécharger.

Un peu de calme pour les équipes, un trajet en moins pour les patients."
38;2027-07-01;Jeu;2;11:00;LinkedIn;Page LinkedIn ROHAFYA;FR;non;487;La saison des pluies;"Quand la pluie s'installe, les accueils se vident ou débordent, selon l'heure.

Les résultats non retirés s'accumulent, les patients appellent pour savoir s'ils peuvent passer, et ceux qui viennent arrivent tous en même temps, à l'éclaircie.

Un établissement qui publie ses résultats en ligne lisse cette charge : le patient consulte de chez lui et ne se déplace que s'il le faut.

C'est un service rendu à vos patients, et un peu de calme rendu à vos équipes. Présentation sur demande."
38;2027-07-01;Jeu;2;12:30;X;Compte X ROHAFYA;EN;non;197;La saison des pluies;Rainy season in Douala: flooded roads, gridlock, bikes off the street. Crossing town in a storm for a sheet of paper, then keeping it dry under your shirt. There is a drier route. #Douala #Cameroon
38;2027-07-01;Jeu;2;18:00;X;Compte X personnel;FR;non;264;La saison des pluies;Un résultat ROHAFYA se consulte avec une connexion ordinaire, dans le navigateur du téléphone. Pas de pièce jointe lourde, pas d'application à mettre à jour. Je l'ai voulu ainsi pour les jours où le réseau est aussi capricieux que la météo. [LIEN]
39;2027-07-06;Mar;1;08:00;LinkedIn;Profil LinkedIn personnel;FR;oui;561;Neuf mois : ce que l'essai nous apprend;"Neuf mois après le lancement, voici où nous en sommes, sans arrondir.

Établissements en essai ou clients : [NOMBRE]. Patients rattachés : [NOMBRE]. Résultats publiés : [NOMBRE].

Ce qui a le mieux fonctionné : [VOTRE CONSTAT].

Ce qui a moins bien fonctionné : [VOTRE CONSTAT], et ce que j'ai changé : [VOTRE DÉCISION].

Je publie ces chiffres parce que je crois qu'un jeune éditeur doit montrer ses résultats, même modestes. Ils valent mieux qu'un discours.

Aux établissements qui hésitent encore : venez parler à ceux qui essaient. Je vous mets en relation."
39;2027-07-06;Mar;1;11:00;LinkedIn;Page LinkedIn ROHAFYA;FR;oui;420;Neuf mois : ce que l'essai nous apprend;"Neuf mois après le lancement, où en est ROHAFYA ?

Établissements en essai ou clients : [NOMBRE].
Patients rattachés : [NOMBRE].
Résultats publiés : [NOMBRE].

Ce qui a le mieux fonctionné : [VOTRE CONSTAT].

Nous publions ces chiffres parce qu'ils valent mieux qu'un discours.

Vous hésitez encore ? Nous pouvons vous mettre en relation avec un établissement qui utilise ROHAFYA, pour qu'il vous raconte son expérience."
39;2027-07-06;Mar;1;12:30;X;Compte X ROHAFYA;FR;oui;187;Neuf mois : ce que l'essai nous apprend;Neuf mois de ROHAFYA. La leçon qui revient le plus : un outil de santé ne se juge pas en réunion, il se juge à l'accueil, un lundi matin. C'est là que nous voulons être. #Cameroun #eSanté
39;2027-07-06;Mar;1;18:00;X;Compte X personnel;FR;oui;227;Neuf mois : ce que l'essai nous apprend;Neuf mois de ROHAFYA, sans arrondir. Établissements en essai ou clients : [NOMBRE]. Patients rattachés : [NOMBRE]. Résultats publiés : [NOMBRE]. Un jeune éditeur doit montrer ses chiffres, même modestes. Le détail sur LinkedIn.
39;2027-07-08;Jeu;2;08:00;LinkedIn;Profil LinkedIn personnel;FR;non;619;Neuf mois : ce que l'essai nous apprend;"Ce que mesure un essai de ROHAFYA, et pourquoi je tiens à ce qu'il soit chiffré.

Avant l'essai : le nombre de résultats non retirés, les appels quotidiens à l'accueil, le temps passé à chercher d'anciens résultats.

Pendant : les QR codes remis, les patients rattachés, les résultats publiés.

Après 60 jours : les mêmes mesures qu'avant, pour comparer.

Le bilan est remis par écrit. Si les chiffres ne bougent pas, l'établissement arrête, sans frais. S'ils bougent, il sait exactement ce qu'il achète.

Un outil de santé ne se juge pas en réunion. Il se juge à l'accueil, un lundi matin, et sur ses propres chiffres."
39;2027-07-08;Jeu;2;11:00;LinkedIn;Page LinkedIn ROHAFYA;FR;non;459;Neuf mois : ce que l'essai nous apprend;"Ce que mesure un essai ROHAFYA de 60 jours.

Avant : le nombre de résultats non retirés, les appels quotidiens à l'accueil, le temps passé à chercher d'anciens résultats.

Pendant : le nombre de QR codes remis, de patients rattachés, de résultats publiés.

Après : les mêmes mesures qu'avant, pour comparer.

Le bilan vous est remis par écrit. Si les chiffres ne bougent pas, vous arrêtez, sans frais. S'ils bougent, vous savez exactement ce que vous achetez."
39;2027-07-08;Jeu;2;12:30;X;Compte X ROHAFYA;EN;non;188;Neuf mois : ce que l'essai nous apprend;Nine months in, one lesson stands out: a health tool is not judged in a meeting room. It is judged at the front desk on a Monday morning. That is where we want to be. #Cameroon #HealthTech
39;2027-07-08;Jeu;2;18:00;X;Compte X personnel;FR;non;211;Neuf mois : ce que l'essai nous apprend;Un essai ROHAFYA dure 60 jours et se termine par un bilan chiffré : patients rattachés, résultats consultés, appels à l'accueil avant et après. L'établissement décide sur ses propres chiffres, pas sur les miens.
40;2027-07-13;Mar;1;08:00;LinkedIn;Profil LinkedIn personnel;FR;non;824;Les cliniques : un seul portail pour tous les services;"J'ai commencé par les laboratoires parce que le besoin y est le plus net. Les cliniques posent une question plus large.

Dans une clinique, un même patient passe par plusieurs services le même jour : consultation, prélèvement, échographie, caisse. Chaque service produit son document. Le patient repart avec une liasse, ou revient plusieurs fois.

ROHAFYA traite cela comme un tout. Les résultats de laboratoire, les comptes rendus d'imagerie, les explorations fonctionnelles et les factures arrivent dans le même compte, sous le nom de la clinique.

Pour la direction, c'est aussi une image : celle d'un établissement organisé, qui remet un dossier complet plutôt que des feuilles volantes.

La décision y est plus longue qu'en laboratoire, c'est normal. Je conseille de commencer par un seul service, et d'étendre ensuite."
40;2027-07-13;Mar;1;11:00;LinkedIn;Page LinkedIn ROHAFYA;FR;non;564;Les cliniques : un seul portail pour tous les services;"Les cliniques : un dossier complet plutôt que des feuilles volantes.

Dans une clinique, un même patient passe souvent par plusieurs services le même jour : consultation, prélèvement, échographie, caisse. Chaque service produit son document.

ROHAFYA traite cela comme un tout. Résultats de laboratoire, comptes rendus d'imagerie, explorations fonctionnelles et factures arrivent dans le même compte, sous le nom de la clinique.

Pour la direction, c'est aussi une image : celle d'un établissement organisé.

Notre conseil : commencer par un service, puis étendre."
40;2027-07-13;Mar;1;12:30;X;Compte X ROHAFYA;FR;non;221;Les cliniques : un seul portail pour tous les services;Une clinique, c'est un laboratoire, une radiologie, des explorations, une caisse. Pour le patient : quatre guichets, quatre papiers. ROHAFYA réunit tout dans un seul compte, sous le nom de la clinique. #Clinique #Cameroun
40;2027-07-13;Mar;1;18:00;X;Compte X personnel;FR;non;246;Les cliniques : un seul portail pour tous les services;J'ai commencé par les laboratoires parce que le besoin y est le plus net. Les cliniques posent une question plus large : un patient y passe par quatre services le même jour et repart avec une liasse. Je conseille de commencer par un seul service.
40;2027-07-15;Jeu;2;08:00;LinkedIn;Profil LinkedIn personnel;FR;non;675;Les cliniques : un seul portail pour tous les services;"Ce que ROHAFYA change concrètement pour une clinique, côté organisation.

Un seul espace d'administration pour tous les services. Un seul QR code par patient, même s'il est passé par le laboratoire, la radiologie et les explorations. Un seul compte côté patient, sous le nom de la clinique. Un seul journal pour toute l'activité.

Quatre natures de données y arrivent : laboratoire, imagerie, exploration fonctionnelle, factures.

La décision prend plus de temps qu'en laboratoire, et c'est normal : il faut convaincre plusieurs chefs de service, la finance et l'informatique.

C'est pourquoi je conseille toujours de démarrer par un seul service, de mesurer, puis d'étendre."
40;2027-07-15;Jeu;2;11:00;LinkedIn;Page LinkedIn ROHAFYA;FR;non;600;Les cliniques : un seul portail pour tous les services;"Un seul portail pour tous les services d'une clinique.

Une clinique, c'est un laboratoire, une radiologie, des explorations fonctionnelles et une caisse. Pour le patient, cela signifie souvent quatre guichets et quatre liasses de papiers.

ROHAFYA réunit résultats de laboratoire, comptes rendus d'imagerie, explorations et factures dans un seul compte patient, sous le nom de la clinique.

Un espace d'administration, un QR code par patient, un journal pour tout l'établissement.

Notre conseil : commencez par un service, mesurez, puis étendez. Écrivez-nous pour une présentation de vingt minutes."
40;2027-07-15;Jeu;2;12:30;X;Compte X ROHAFYA;EN;non;233;Les cliniques : un seul portail pour tous les services;For a clinic, ROHAFYA brings lab results, imaging reports, functional tests and invoices into one patient account, under the clinic's name. One admin space, one QR code per patient. Start with one department, then extend. #HealthTech
40;2027-07-15;Jeu;2;18:00;X;Compte X personnel;FR;non;255;Les cliniques : un seul portail pour tous les services;Pour une clinique, ROHAFYA réunit quatre natures de données : laboratoire, imagerie, exploration fonctionnelle, factures. Un seul espace d'administration, un seul QR code par patient, un seul compte côté patient. C'est ce que j'appelle un dossier complet.
41;2027-07-20;Mar;1;08:00;LinkedIn;Profil LinkedIn personnel;FR;non;710;Les factures, aussi;"On pense à ROHAFYA pour les résultats. Les factures comptent presque autant.

Pour le patient, retrouver une facture, c'est pouvoir se faire rembourser par une mutuelle ou un employeur, justifier une dépense, ou simplement vérifier ce qu'il a payé.

Aujourd'hui, la facture papier connaît le même sort que le résultat : pliée, perdue, illisible au bout de quelques mois.

Dans ROHAFYA, chaque facture envoyée par l'établissement s'affiche avec son numéro, sa date, son état, le montant total, la part prise en charge et la part du patient, ainsi que la liste des examens facturés.

C'est aussi, pour l'établissement, une façon d'être clair sur ses prix. La transparence sur la facture est une forme de respect."
41;2027-07-20;Mar;1;11:00;LinkedIn;Page LinkedIn ROHAFYA;FR;non;543;Les factures, aussi;"Retrouver ses factures de santé, sans chercher.

Pour un patient, une facture sert à se faire rembourser par une mutuelle ou un employeur, à justifier une dépense, ou simplement à vérifier ce qu'il a payé.

La facture papier connaît le même sort que le résultat : pliée, perdue, illisible au bout de quelques mois.

Dans ROHAFYA, chaque facture envoyée par l'établissement s'affiche avec son numéro, sa date, son état, le montant total, la part prise en charge, la part du patient et la liste des examens.

Un justificatif toujours disponible."
41;2027-07-20;Mar;1;12:30;X;Compte X ROHAFYA;FR;non;236;Les factures, aussi;Dans son compte ROHAFYA, le patient retrouve ses résultats et aussi ses factures : montant, part assurance, part patient, reste à payer, détail des examens. Utile pour un remboursement, une note de frais ou un simple contrôle. #Cameroun
41;2027-07-20;Mar;1;18:00;X;Compte X personnel;FR;non;231;Les factures, aussi;On pense à ROHAFYA pour les résultats. Les factures comptent presque autant : se faire rembourser par une mutuelle, justifier une dépense, vérifier ce qu'on a payé. Une facture papier finit aussi pliée, perdue, illisible. #Cameroun
41;2027-07-22;Jeu;2;08:00;LinkedIn;Profil LinkedIn personnel;FR;non;724;Les factures, aussi;"Je défends une idée auprès des directeurs : la transparence sur la facture est une forme de respect.

Quand votre logiciel envoie les factures à ROHAFYA en même temps que les résultats, le patient retrouve chaque facture dans son compte, avec son état et son détail : montant total, part assurance, part patient, reste à payer, examens facturés.

Pour l'établissement, cela change des choses concrètes : moins de demandes de duplicata, moins de contestations sur ce qui a été payé, et une image de rigueur.

Pour le patient, c'est un justificatif toujours disponible pour sa mutuelle, son assurance ou son employeur.

Un détail administratif, peut-être. Mais c'est souvent ce qui fait dire « cet établissement est sérieux »."
41;2027-07-22;Jeu;2;11:00;LinkedIn;Page LinkedIn ROHAFYA;FR;non;474;Les factures, aussi;"Résultats et factures, au même endroit.

Votre logiciel envoie à ROHAFYA les factures de vos patients en même temps que leurs résultats.

Le patient retrouve dans son compte chaque facture, avec son état et son détail.

Ce que cela change pour vous : moins de demandes de duplicata, moins de contestations sur ce qui a été payé, une image de rigueur.

Ce que cela change pour le patient : un justificatif toujours disponible pour sa mutuelle, son assurance ou son employeur."
41;2027-07-22;Jeu;2;12:30;X;Compte X ROHAFYA;EN;non;211;Les factures, aussi;Invoices too. In their ROHAFYA account, patients find each invoice next to their results: total, insurer's share, patient's share, balance due, list of tests. Handy for a claim or a refund. #Cameroon #HealthTech
41;2027-07-22;Jeu;2;18:00;X;Compte X personnel;FR;non;272;Les factures, aussi;Une facture dans ROHAFYA : numéro, date, état (validée, payée, partiellement payée), total, part assurance, part patient, reste à payer, examens facturés. Le patient la retrouve à côté de ses résultats. Fini le duplicata demandé six mois plus tard. [LIEN]
42;2027-07-27;Mar;1;08:00;LinkedIn;Profil LinkedIn personnel;FR;non;726;Dépister, puis transmettre;"Se faire dépister demande un effort : se décider, se déplacer, payer. Il serait dommage que cet effort s'arrête au guichet.

C'est pourtant ce qui arrive quand le résultat n'est jamais retiré, ou quand il est retiré mais jamais montré à un médecin. L'examen a été fait, payé, et il ne sert à rien.

Je n'ai pas de statistique à citer sur le sujet, et je me méfie de celles qu'on invente. Mais demandez à n'importe quel responsable de laboratoire : l'armoire des résultats non retirés existe partout.

En cette semaine de la Journée mondiale contre l'hépatite, je retiens une idée simple. Un dépistage réussi, ce n'est pas un prélèvement. C'est un résultat lu par un médecin. Tout ce qui raccourcit ce chemin est bon à prendre."
42;2027-07-27;Mar;1;11:00;LinkedIn;Page LinkedIn ROHAFYA;FR;non;468;Dépister, puis transmettre;"28 juillet, Journée mondiale contre l'hépatite.

Se faire dépister demande un effort : se décider, se déplacer, payer. Cet effort ne devrait pas s'arrêter au guichet.

C'est pourtant ce qui arrive quand le résultat n'est jamais retiré, ou quand il est retiré mais jamais montré à un médecin. L'examen a été fait, payé, et ne sert à rien.

Un dépistage réussi, ce n'est pas un prélèvement. C'est un résultat lu par un médecin.

ROHAFYA travaille à raccourcir ce chemin."
42;2027-07-27;Mar;1;12:30;X;Compte X ROHAFYA;FR;non;219;Dépister, puis transmettre;Cette semaine, Journée mondiale contre l'hépatite (28 juillet). Se faire dépister est la première étape. La deuxième : que le résultat arrive jusqu'au médecin. Trop de résultats s'arrêtent en chemin. #Hépatite #Cameroun
42;2027-07-27;Mar;1;18:00;X;Compte X personnel;FR;non;242;Dépister, puis transmettre;Se faire dépister demande un effort : se décider, se déplacer, payer. Dommage que cet effort s'arrête au guichet quand le résultat n'est jamais retiré. Un dépistage réussi, c'est un résultat lu par un médecin. Journée contre l'hépatite le 28.
42;2027-07-29;Jeu;2;08:00;LinkedIn;Profil LinkedIn personnel;FR;non;662;Dépister, puis transmettre;"Je me méfie des statistiques qu'on invente pour vendre. Je n'en citerai donc aucune sur les résultats non retirés.

Mais demandez à n'importe quel responsable de laboratoire : l'armoire des résultats jamais retirés existe partout.

Avec ROHAFYA, deux étapes qui se perdent souvent en route deviennent simples. Le résultat arrive dans le compte du patient, sans déplacement. Puis un geste suffit pour le partager avec le médecin de son choix.

Pour un laboratoire, c'est l'assurance que son travail arrive à destination.

En cette semaine de lutte contre l'hépatite, un mot pour les équipes des campagnes de dépistage : votre travail mérite d'aller jusqu'au bout."
42;2027-07-29;Jeu;2;11:00;LinkedIn;Page LinkedIn ROHAFYA;FR;non;511;Dépister, puis transmettre;"28 juillet, Journée mondiale contre l'hépatite.

Le dépistage n'a de valeur que si le résultat est remis, compris et suivi d'une consultation.

ROHAFYA intervient sur le premier maillon : la remise. Le résultat validé est disponible dans le compte du patient, sans déplacement. Le patient peut ensuite le partager avec le médecin de son choix.

Pour un laboratoire, c'est l'assurance que le travail accompli arrive à destination.

Aux équipes engagées dans les campagnes de dépistage : merci pour votre travail."
42;2027-07-29;Jeu;2;12:30;X;Compte X ROHAFYA;EN;non;174;Dépister, puis transmettre;World Hepatitis Day is this week. Getting tested is step one. Step two is making sure the result reaches a doctor. Too many results stop halfway. #WorldHepatitisDay #Cameroon
42;2027-07-29;Jeu;2;18:00;X;Compte X personnel;FR;non;244;Dépister, puis transmettre;Avec ROHAFYA, le résultat arrive dans le compte du patient, et un geste suffit pour le partager avec un médecin. Ces deux étapes se perdent souvent quand tout repose sur une enveloppe. Pour un dépistage, elles sont tout. [LIEN]
43;2027-08-03;Mar;1;08:00;LinkedIn;Profil LinkedIn personnel;FR;non;801;Résultats et règlement;"Voici un sujet délicat, et je préfère l'aborder de front.

Beaucoup d'établissements remettent le résultat contre règlement. C'est leur façon de se faire payer, et je ne la juge pas : un laboratoire qui n'est pas payé ferme.

ROHAFYA reprend cette règle sous forme d'option. Si l'établissement l'active, le patient voit que son résultat existe, mais le détail reste masqué tant que la facture est impayée. Un petit reste à payer, inférieur à 10 % du montant, ne bloque pas.

L'établissement peut aussi choisir de ne pas l'activer du tout.

Mon avis personnel : cette option doit s'utiliser avec discernement, et jamais pour un résultat urgent. Mais elle répond à une réalité économique, et un outil qui l'ignore ne serait pas adopté. Je préfère une règle claire et visible à un arrangement au guichet."
43;2027-08-03;Mar;1;11:00;LinkedIn;Page LinkedIn ROHAFYA;FR;non;541;Résultats et règlement;"Résultats et règlement : une option, pas une obligation.

Beaucoup d'établissements remettent le résultat contre règlement de la facture. C'est leur façon de se faire payer.

ROHAFYA reprend cette règle sous forme d'option. Si l'établissement l'active, le patient voit que son résultat existe, mais le détail reste masqué tant que la facture est impayée. Un reste à payer inférieur à 10 % du montant ne bloque pas.

L'établissement peut aussi choisir de ne pas l'activer.

Une règle claire et visible vaut mieux qu'un arrangement au guichet."
43;2027-08-03;Mar;1;12:30;X;Compte X ROHAFYA;FR;non;226;Résultats et règlement;Option réglable dans ROHAFYA : le détail des résultats reste masqué tant que la facture n'est pas réglée. Un reste à payer inférieur à 10 % ne bloque pas. À chaque établissement de décider s'il l'active. #Clinique #Laboratoire
43;2027-08-03;Mar;1;18:00;X;Compte X personnel;FR;non;253;Résultats et règlement;Un sujet délicat que je préfère aborder de front : beaucoup d'établissements remettent le résultat contre règlement. Je ne juge pas : un laboratoire impayé ferme. ROHAFYA propose cette règle en option. À utiliser avec discernement, jamais pour l'urgent.
43;2027-08-05;Jeu;2;08:00;LinkedIn;Profil LinkedIn personnel;FR;non;658;Résultats et règlement;"Comment fonctionne, concrètement, l'option « résultats après règlement » de ROHAFYA.

Elle se règle dans les paramètres de l'établissement, par une simple case à cocher.

Activée, le détail des résultats est masqué tant qu'une facture reste à régler. Le patient voit toujours que son résultat est disponible, et comprend pourquoi il ne peut pas encore l'ouvrir. Un reste à payer inférieur à 10 % du montant ne bloque pas.

Désactivée, tous les résultats publiés sont consultables.

Dans les deux cas, la règle s'applique à tous les patients, automatiquement. Plus de négociation au guichet, plus d'exception oubliée. Et le patient sait toujours où il en est."
43;2027-08-05;Jeu;2;11:00;LinkedIn;Page LinkedIn ROHAFYA;FR;non;547;Résultats et règlement;"Remise des résultats et règlement : une règle claire.

ROHAFYA propose une option, que chaque établissement active ou non.

Activée : le détail des résultats est masqué tant qu'une facture reste à régler. Le patient voit que le résultat existe et comprend pourquoi il ne peut pas encore l'ouvrir. Un reste à payer inférieur à 10 % du montant ne bloque pas.

Désactivée : tous les résultats publiés sont consultables.

La règle est la même pour tous les patients, appliquée automatiquement. Plus de négociation au guichet, plus d'exception oubliée."
43;2027-08-05;Jeu;2;12:30;X;Compte X ROHAFYA;EN;non;200;Résultats et règlement;A configurable option in ROHAFYA: result details stay hidden until the invoice is settled. A balance under 10% does not block access. Each facility decides whether to turn it on. #Cameroon #HealthTech
43;2027-08-05;Jeu;2;18:00;X;Compte X personnel;FR;non;224;Résultats et règlement;Le masquage des résultats en cas d'impayé se règle par une case à cocher dans ROHAFYA. Activé ou non, le patient voit toujours que son résultat est disponible. Je tenais à ce qu'il sache où il en est. [LIEN]
44;2027-08-10;Mar;1;08:00;LinkedIn;Profil LinkedIn personnel;FR;non;794;Combien de temps un résultat reste-t-il consultable ?;"« Les résultats restent-ils en ligne pour toujours ? » La réponse est : c'est l'établissement qui décide.

Par défaut, le détail d'un résultat est consultable pendant 90 jours après sa validation. Ensuite, le patient voit toujours que le résultat existe, avec sa date et son établissement, mais le détail n'est plus ouvert.

Pourquoi cette limite ? Parce que tous les établissements n'ont pas la même politique. Certains veulent un accès long, pour le suivi des maladies chroniques. D'autres préfèrent une durée courte, puis une demande à l'accueil.

Je n'ai pas voulu trancher à leur place. La durée se règle dans les paramètres, en nombre de jours.

Mon conseil aux établissements : choisissez une durée, affichez-la à l'accueil, et tenez-vous-y. La clarté vaut mieux que la générosité floue."
44;2027-08-10;Mar;1;11:00;LinkedIn;Page LinkedIn ROHAFYA;FR;non;538;Combien de temps un résultat reste-t-il consultable ?;"Combien de temps un résultat reste-t-il consultable ?

C'est l'établissement qui décide. Par défaut, le détail d'un résultat est consultable pendant 90 jours après sa validation. Ensuite, le patient voit toujours que le résultat existe, avec sa date et son établissement, marqué « Expiré ».

La durée se règle dans les paramètres, en nombre de jours. Certains établissements choisissent un accès long pour les maladies chroniques, d'autres une durée courte.

Notre conseil : choisissez une durée, affichez-la à l'accueil, et tenez-vous-y."
44;2027-08-10;Mar;1;12:30;X;Compte X ROHAFYA;FR;non;227;Combien de temps un résultat reste-t-il consultable ?;Dans ROHAFYA, chaque établissement fixe la durée pendant laquelle le détail d'un résultat reste consultable : 90 jours par défaut, réglable. Passé ce délai, le résultat reste listé, avec la mention « Expiré ». #Cameroun #eSanté
44;2027-08-10;Mar;1;18:00;X;Compte X personnel;FR;non;224;Combien de temps un résultat reste-t-il consultable ?;« Les résultats restent-ils en ligne pour toujours ? » C'est l'établissement qui décide. Par défaut, le détail est consultable 90 jours, puis le résultat reste listé comme « Expiré ». Je n'ai pas voulu trancher à leur place.
44;2027-08-12;Jeu;2;08:00;LinkedIn;Profil LinkedIn personnel;FR;non;648;Combien de temps un résultat reste-t-il consultable ?;"Trois décisions qu'un établissement prend une fois pour toutes dans ROHAFYA. Je les présente toujours ensemble, parce qu'elles font la politique de remise de l'établissement.

La durée d'accès au détail d'un résultat : 90 jours par défaut, réglable.

La durée de validité d'un QR code remis au patient.

Le masquage du détail tant qu'une facture reste impayée, activé ou non.

Ces trois réglages s'appliquent à tous les patients, automatiquement.

Mon conseil aux directeurs : décidez-les en réunion avec l'accueil, écrivez-les, affichez-les. Une règle claire vaut mieux qu'une générosité floue, appliquée différemment selon la personne au guichet."
44;2027-08-12;Jeu;2;11:00;LinkedIn;Page LinkedIn ROHAFYA;FR;non;674;Combien de temps un résultat reste-t-il consultable ?;"Combien de temps un résultat reste-t-il disponible ?

Dans ROHAFYA, chaque établissement en décide. Par défaut, le détail d'un résultat peut être ouvert pendant 90 jours après sa validation. Ensuite, le résultat reste listé, marqué comme expiré, avec sa date et son établissement.

Ce réglage est un nombre de jours, dans les paramètres de l'établissement. Certains choisissent une longue durée pour les patients atteints de maladies chroniques ; d'autres préfèrent une durée plus courte.

Deux autres réglages sont entre vos mains : la validité d'un QR code, et le masquage du détail tant qu'une facture est impayée.

Des règles claires, fixées une fois, appliquées à tous."
44;2027-08-12;Jeu;2;12:30;X;Compte X ROHAFYA;EN;non;231;Combien de temps un résultat reste-t-il consultable ?;How long does a result stay available in ROHAFYA? Each facility decides: 90 days by default, then it is listed as expired. Facilities also set QR code validity and whether details stay hidden while an invoice is unpaid. #HealthTech
44;2027-08-12;Jeu;2;18:00;X;Compte X personnel;FR;non;221;Combien de temps un résultat reste-t-il consultable ?;Trois réglages qu'un établissement maîtrise dans ROHAFYA : la durée d'accès au détail d'un résultat, la validité d'un QR code, et le masquage en cas de facture impayée. Trois décisions, prises une fois, appliquées à tous.
45;2027-08-17;Mar;1;08:00;LinkedIn;Profil LinkedIn personnel;FR;non;737;Loin des yeux, près du dossier;"En août, les familles se retrouvent. Ceux qui vivent à l'étranger ou dans une autre ville rentrent, et beaucoup en profitent pour accompagner un parent à l'hôpital.

Puis ils repartent, avant que tous les résultats soient sortis. Commence alors le feuilleton des photos : une page sur deux, prise de travers, envoyée par messagerie.

Avec ROHAFYA, le parent a son compte. Il peut se connecter devant vous lors d'un appel vidéo, ou partager le résultat avec le médecin de famille. Rien ne se perd, rien n'est recopié.

Je précise une limite, par honnêteté : le compte appartient au patient, et c'est à lui de décider ce qu'il montre. ROHAFYA ne crée pas d'accès « pour la famille » à l'insu de la personne. C'est un choix, et je l'assume."
45;2027-08-17;Mar;1;11:00;LinkedIn;Page LinkedIn ROHAFYA;FR;non;506;Loin des yeux, près du dossier;"Août : les familles se retrouvent, les bilans se font, puis chacun repart.

Beaucoup profitent de leurs congés pour accompagner un parent à l'hôpital. Puis ils repartent avant que tous les résultats soient sortis. Commencent alors les photos : une page sur deux, prise de travers, envoyée par messagerie.

Avec ROHAFYA, le parent a son propre compte. Il peut consulter son résultat complet devant vous, lors d'un appel vidéo, ou le partager avec le médecin de famille.

Rien ne se perd, rien n'est recopié."
45;2027-08-17;Mar;1;12:30;X;Compte X ROHAFYA;FR;non;224;Loin des yeux, près du dossier;Août, mois des retours au pays. Vous accompagnez un parent pour son bilan pendant vos congés, puis vous repartez. Avec un compte ROHAFYA, il vous montre son résultat à distance, complet, sans photo floue. #Diaspora #Cameroun
45;2027-08-17;Mar;1;18:00;X;Compte X personnel;FR;non;229;Loin des yeux, près du dossier;Août, mois des retours au pays. On accompagne un parent pour son bilan pendant les congés, puis on repart avant les résultats. Et commence le feuilleton des photos floues envoyées par messagerie. Il y a mieux. #Diaspora #Cameroun
45;2027-08-19;Jeu;2;08:00;LinkedIn;Profil LinkedIn personnel;FR;non;662;Loin des yeux, près du dossier;"Un choix de conception que j'assume, même s'il déçoit parfois les familles : le compte ROHAFYA appartient au patient.

Pas à ses enfants, pas à son conjoint, pas à son employeur. C'est lui qui se connecte, lui qui décide ce qu'il partage.

On me demande souvent un « accès famille ». Je comprends l'intention : aider un parent âgé. Mais un accès créé à l'insu de la personne, c'est exactement ce que la confidentialité médicale doit empêcher.

Si un patient veut montrer son résultat à un proche, il le fait lui-même, depuis son téléphone. Et les enfants qui accompagnent leurs parents sont souvent ceux qui les aident à rattacher leur dossier, avec leur accord."
45;2027-08-19;Jeu;2;11:00;LinkedIn;Page LinkedIn ROHAFYA;FR;non;477;Loin des yeux, près du dossier;"Pour les familles qui vivent à distance.

Quand un parent fait un bilan et que ses enfants vivent ailleurs, le résultat voyage mal : photos partielles, appels, malentendus.

Avec ROHAFYA, le patient consulte son résultat complet sur son téléphone et peut le partager avec son médecin.

Les établissements qui reçoivent des patients accompagnés par des proches de passage le savent : cette clientèle attend un service à la hauteur. Publier les résultats en ligne en fait partie."
45;2027-08-19;Jeu;2;12:30;X;Compte X ROHAFYA;EN;non;212;Loin des yeux, près du dossier;August, the season of homecomings. You take a parent for a check-up during your leave, then you fly back. With an ROHAFYA account, they can show you the full result from afar, no blurry photo. #Diaspora #Cameroon
45;2027-08-19;Jeu;2;18:00;X;Compte X personnel;FR;non;251;Loin des yeux, près du dossier;Le compte ROHAFYA est personnel : il appartient au patient, pas à sa famille ni à son employeur. C'est lui qui se connecte, lui qui partage. On me demande parfois un « accès famille ». Je préfère que le patient décide lui-même. [LIEN]
46;2027-08-24;Mar;1;08:00;LinkedIn;Profil LinkedIn personnel;FR;non;753;Chacun chez soi;"Une inquiétude que j'entends chez les directeurs : « Si mes concurrents utilisent aussi ROHAFYA, verront-ils mes patients ? »

Non. Et ce n'est pas une promesse commerciale, c'est la façon dont le système est construit.

Chaque établissement dispose de son propre espace. Ses administrateurs ne voient que ses patients, ses rattachements, ses données reçues, son journal. La clé qui permet d'envoyer des données n'ouvre que son propre espace.

Le seul à voir l'ensemble de ses résultats, c'est le patient : c'est son compte, ce sont ses examens.

Je comprends la méfiance. Dans une ville, les établissements se connaissent et se disputent les mêmes patients. ROHAFYA n'est pas un annuaire commun. C'est un service que chacun rend à ses propres patients."
46;2027-08-24;Mar;1;11:00;LinkedIn;Page LinkedIn ROHAFYA;FR;non;512;Chacun chez soi;"Si vos concurrents utilisent aussi ROHAFYA, verront-ils vos patients ?

Non.

Chaque établissement dispose de son propre espace. Ses administrateurs ne voient que ses patients, ses rattachements, ses données reçues, son journal. La clé qui permet d'envoyer des données n'ouvre que son propre espace.

Le seul à voir l'ensemble de ses résultats, c'est le patient : c'est son compte, ce sont ses examens.

ROHAFYA n'est pas un annuaire commun. C'est un service que chaque établissement rend à ses propres patients."
46;2027-08-24;Mar;1;12:30;X;Compte X ROHAFYA;FR;non;212;Chacun chez soi;Dans ROHAFYA, un laboratoire ne voit jamais les patients d'un autre. Chaque établissement a son espace, ses données, sa clé, son journal. La plateforme est commune, les données sont cloisonnées. #Cameroun #eSanté
46;2027-08-24;Mar;1;18:00;X;Compte X personnel;FR;non;233;Chacun chez soi;« Si mes concurrents utilisent aussi ROHAFYA, verront-ils mes patients ? » Non. Ce n'est pas une promesse commerciale, c'est la façon dont le système est construit. Chaque établissement a son espace, ses données, sa clé, son journal.
46;2027-08-26;Jeu;2;08:00;LinkedIn;Profil LinkedIn personnel;FR;non;680;Chacun chez soi;"Je résume souvent ROHAFYA aux directeurs en une phrase : la plateforme est commune, les données sont séparées.

Ce que voit votre établissement : vos patients, vos rattachements, vos QR codes, vos données reçues, votre journal.

Ce qu'il ne voit pas : les autres établissements, leurs patients, leur activité.

Ce que voit le patient : dans un seul compte, les résultats de chaque établissement auquel son dossier est rattaché, chacun portant le nom de celui qui l'a produit.

Dans une ville, les établissements se connaissent et se disputent les mêmes patients. Je comprends la méfiance. C'est précisément pour elle que le cloisonnement est la règle de départ, et non une option."
46;2027-08-26;Jeu;2;11:00;LinkedIn;Page LinkedIn ROHAFYA;FR;non;503;Chacun chez soi;"Plateforme commune, données séparées.

Ce que voit votre établissement : vos patients, vos rattachements, vos QR codes, vos données reçues, votre journal.

Ce qu'il ne voit pas : les autres établissements, leurs patients, leur activité.

Ce que voit le patient : dans un seul compte, les résultats de chaque établissement auquel son dossier est rattaché, chacun portant le nom de celui qui l'a produit.

Vos données ne sont ni partagées ni comparées. Vous restez maître de la relation avec vos patients."
46;2027-08-26;Jeu;2;12:30;X;Compte X ROHAFYA;EN;non;178;Chacun chez soi;"In ROHAFYA, one lab never sees another lab's patients. Each facility has its own space, data, key and audit log. The platform is shared; the data is not. #Cameroon #DigitalHealth"
46;2027-08-26;Jeu;2;18:00;X;Compte X personnel;FR;non;241;Chacun chez soi;Dans ROHAFYA, un administrateur ne voit que son établissement, et sa clé d'API n'ouvre que ses données. Le seul à voir, dans son compte, tout ce qui le concerne, c'est le patient. Plateforme commune, données séparées. [LIEN]
47;2027-08-31;Mar;1;08:00;LinkedIn;Profil LinkedIn personnel;FR;oui;780;Des prix affichés;"J'ai longtemps hésité à afficher les prix de ROHAFYA. Dans notre milieu, on répond souvent « cela dépend » et on négocie à la tête du client.

J'ai choisi l'inverse, pour trois raisons.

D'abord, le respect du temps de chacun : un directeur doit savoir en dix secondes si ROHAFYA entre dans son budget. Ensuite, l'équité : deux laboratoires de même taille paient le même prix. Enfin, la confiance : un prix caché fait toujours soupçonner le pire.

La grille est simple. Des frais de mise en service, payés une fois, à partir de 75 000 FCFA. Puis un abonnement mensuel à partir de 25 000 FCFA, qui dépend du nombre de résultats publiés. Deux mois offerts pour un paiement annuel.

Si ce prix vous paraît trop élevé, dites-le-moi. Je préfère une objection franche à un silence poli."
47;2027-08-31;Mar;1;11:00;LinkedIn;Page LinkedIn ROHAFYA;FR;oui;516;Des prix affichés;"Pourquoi nos prix sont publics.

Dans notre secteur, on répond souvent « cela dépend » et on négocie au cas par cas. Nous avons choisi l'inverse.

Un directeur doit savoir en dix secondes si ROHAFYA entre dans son budget. Deux établissements de même taille doivent payer le même prix. Et un prix caché fait toujours soupçonner le pire.

Mise en service, payée une fois : à partir de 75 000 FCFA.
Abonnement mensuel : à partir de 25 000 FCFA, selon le nombre de résultats publiés.
Paiement annuel : deux mois offerts."
47;2027-08-31;Mar;1;12:30;X;Compte X ROHAFYA;FR;oui;212;Des prix affichés;Nos prix sont publics : mise en service à partir de 75 000 FCFA, abonnement à partir de 25 000 FCFA par mois, selon le volume de résultats publiés. Payable par Mobile Money ou virement. Pas de surprise. #Cameroun
47;2027-08-31;Mar;1;18:00;X;Compte X personnel;FR;oui;233;Des prix affichés;J'ai longtemps hésité à afficher les prix de ROHAFYA. J'ai choisi la transparence : mise en service à partir de 75 000 FCFA, abonnement à partir de 25 000 FCFA par mois. Deux laboratoires de même taille paient le même prix. #Cameroun
47;2027-09-02;Jeu;2;08:00;LinkedIn;Profil LinkedIn personnel;FR;oui;685;Des prix affichés;"Ce que couvre l'abonnement ROHAFYA, puisqu'on me le demande après chaque annonce de prix.

L'hébergement du service. Les mises à jour. L'assistance. La formation des nouveaux membres de l'accueil quand l'équipe change.

Ce qu'il ne demande pas : aucun matériel à acheter, aucune licence par poste.

La mise en service, payée une fois à partir de 75 000 FCFA, comprend la création de votre espace, l'aide au branchement de votre logiciel et la formation de votre accueil.

Règlement par Mobile Money, virement ou chèque.

Pour un devis adapté, envoyez-moi le nombre approximatif de résultats que vous remettez chaque mois. Et si le prix vous paraît trop élevé, dites-le-moi franchement."
47;2027-09-02;Jeu;2;11:00;LinkedIn;Page LinkedIn ROHAFYA;FR;oui;493;Des prix affichés;"La grille tarifaire de ROHAFYA, en clair.

Mise en service, une fois : à partir de 75 000 FCFA. Elle comprend la création de votre espace, l'aide au branchement et la formation de votre accueil.

Abonnement mensuel : à partir de 25 000 FCFA, selon le nombre de résultats publiés par mois.

Paiement annuel : deux mois offerts.

Règlement par Mobile Money, virement ou chèque.

Pour un devis adapté à votre volume, envoyez-nous le nombre approximatif de résultats que vous remettez chaque mois."
47;2027-09-02;Jeu;2;12:30;X;Compte X ROHAFYA;EN;oui;204;Des prix affichés;Our prices are public: setup from 75,000 FCFA, subscription from 25,000 FCFA a month depending on the number of results published. Pay by Mobile Money or bank transfer. No surprises. #Cameroon #HealthTech
47;2027-09-02;Jeu;2;18:00;X;Compte X personnel;FR;oui;233;Des prix affichés;Ce que couvre l'abonnement ROHAFYA : hébergement, mises à jour, assistance, formation des nouveaux membres de l'accueil. Aucun matériel à acheter, aucune licence par poste. Si le prix vous paraît trop élevé, dites-le-moi franchement.
48;2027-09-07;Mar;1;08:00;LinkedIn;Profil LinkedIn personnel;FR;non;755;La rentrée;"Septembre met les établissements de santé sous pression. Entre les bilans demandés par les écoles, les visites d'embauche et les retours de congés, les accueils ne désemplissent pas.

Chaque parent qui revient chercher un résultat prend une place dans la file, pose une question, attend une signature. Multipliez par plusieurs dizaines de familles par jour.

C'est typiquement le moment où un outil comme ROHAFYA montre son intérêt : le parent reçoit le résultat sur son téléphone, et ne revient que si un document original est exigé.

C'est aussi un moment où il ne faut surtout pas démarrer un projet : quand tout le monde est débordé, personne n'a le temps d'apprendre.

Mon conseil : préparez en période calme ce qui vous servira en période de pointe."
48;2027-09-07;Mar;1;11:00;LinkedIn;Page LinkedIn ROHAFYA;FR;non;521;La rentrée;"La rentrée, période de pointe pour les laboratoires et les cliniques.

Certificats médicaux, bilans demandés par les écoles, visites d'aptitude : les accueils ne désemplissent pas. Chaque parent qui revient chercher un résultat prend une place dans la file.

Avec ROHAFYA, le résultat arrive sur le téléphone du parent dès sa validation. Il ne revient que si un document original signé est exigé.

Un conseil aux établissements : ne lancez pas un nouvel outil en pleine affluence. Préparez-le pendant les semaines calmes."
48;2027-09-07;Mar;1;12:30;X;Compte X ROHAFYA;FR;non;225;La rentrée;C'est la rentrée : certificats médicaux, bilans, visites d'aptitude. Les laboratoires tournent à plein, les files s'allongent. La bonne période pour que les résultats se retirent sans passer par le guichet. #Rentrée #Cameroun
48;2027-09-07;Mar;1;18:00;X;Compte X personnel;FR;non;248;La rentrée;Septembre met nos établissements sous pression : bilans de rentrée, visites d'embauche, retours de congés. C'est le moment où ROHAFYA montre son intérêt. Et le pire moment pour démarrer un projet. Préparez en période calme ce qui servira en pointe.
48;2027-09-09;Jeu;2;08:00;LinkedIn;Profil LinkedIn personnel;FR;non;647;La rentrée;"Un conseil que je donne à contre-courant de mon intérêt commercial : ne démarrez pas ROHAFYA en septembre.

À la rentrée, vos équipes sont débordées. Personne n'a le temps d'apprendre un nouvel outil, et une nouveauté mal installée est vite abandonnée.

C'est pourtant en septembre que l'intérêt se voit le mieux : chaque bilan de rentrée publié dans le compte du patient, c'est un parent de moins dans la file.

Ma recommandation : préparez en juin ou en juillet. Branchez le logiciel, formez l'accueil, faites tourner l'outil sur un petit nombre de patients. Quand la rentrée arrive, tout est rodé.

Un bon démarrage se prépare en période calme."
48;2027-09-09;Jeu;2;11:00;LinkedIn;Page LinkedIn ROHAFYA;FR;non;572;La rentrée;"La rentrée est l'une des périodes les plus chargées de l'année pour les laboratoires et les cliniques du Cameroun : certificats médicaux, bilans, visites d'aptitude.

Chaque parent qui revient chercher un résultat prend une place dans la file.

Avec ROHAFYA, les résultats sont publiés dans le compte du patient dès leur validation. Le patient ne revient que si un document original est exigé.

Un conseil aux responsables d'établissement : ne démarrez pas un nouvel outil en pleine affluence. Préparez pendant les semaines calmes ce qui vous servira en période de pointe."
48;2027-09-09;Jeu;2;12:30;X;Compte X ROHAFYA;EN;non;221;La rentrée;Back-to-school rush: certificates, check-ups, fitness-for-work visits. With ROHAFYA, results reach the patient's account as soon as they are validated. Parents only return if an original is required. #Cameroon #HealthTech
48;2027-09-09;Jeu;2;18:00;X;Compte X personnel;FR;non;217;La rentrée;Le résultat d'un bilan de rentrée arrive dans le compte ROHAFYA dès sa validation. Le parent ne retourne au laboratoire que si l'école exige un original signé. Un trajet de moins en pleine semaine de rentrée. #Rentrée
49;2027-09-14;Mar;1;08:00;LinkedIn;Profil LinkedIn personnel;FR;non;768;La sécurité des patients;"Quand on parle de sécurité des patients, on pense aux erreurs de médicament ou aux infections. On pense moins à une erreur toute simple : remettre le résultat de Madame X à Madame Y.

Deux noms proches, deux enveloppes voisines, un accueil débordé : cela suffit. Les conséquences peuvent être graves, pour celle qui reçoit un résultat qui n'est pas le sien comme pour celle qui ne reçoit pas le sien.

ROHAFYA réduit ce risque de deux façons. Le résultat est attaché à un numéro de dossier, pas à une enveloppe qu'on attrape. Et le rattachement du dossier au compte du patient passe par un code à usage unique, avec validation humaine en cas de doute.

Aucun système n'élimine l'erreur. Mais un bon système la rend plus difficile à commettre et plus facile à détecter."
49;2027-09-14;Mar;1;11:00;LinkedIn;Page LinkedIn ROHAFYA;FR;non;534;La sécurité des patients;"17 septembre, Journée mondiale de la sécurité des patients.

Une erreur de remise de résultat est une erreur évitable. Deux noms proches, deux enveloppes voisines, un accueil débordé : cela suffit.

ROHAFYA réduit ce risque de deux façons. Le résultat est attaché à un numéro de dossier, pas à une enveloppe qu'on attrape. Et le rattachement du dossier au compte du patient passe par un code à usage unique, avec validation humaine en cas de doute.

Aucun système n'élimine l'erreur. Un bon système la rend plus difficile à commettre."
49;2027-09-14;Mar;1;12:30;X;Compte X ROHAFYA;FR;non;229;La sécurité des patients;Cette semaine, Journée mondiale de la sécurité des patients (17 septembre). Un résultat remis à la mauvaise personne est une erreur évitable. Identifier le patient, tracer la remise : la sécurité commence là. #SécuritéDesPatients
49;2027-09-14;Mar;1;18:00;X;Compte X personnel;FR;non;244;La sécurité des patients;Quand on parle de sécurité des patients, on pense aux médicaments. On oublie une erreur toute simple : remettre le résultat de Madame X à Madame Y. Deux noms proches, deux enveloppes voisines, un accueil débordé. Ça suffit. #SécuritéDesPatients
49;2027-09-16;Jeu;2;08:00;LinkedIn;Profil LinkedIn personnel;FR;non;616;La sécurité des patients;"Une règle de ROHAFYA qui ne se voit jamais, sauf le jour où elle sert : un dossier déjà rattaché à un compte ne peut pas l'être à un autre.

Si quelqu'un tente de rattacher un dossier qui appartient déjà à un patient, la tentative est refusée et inscrite au journal de l'établissement.

Ajoutez-y le QR code à usage unique par dossier, la validation par l'accueil quand l'identité doit être vérifiée, et un journal de toutes les opérations.

Ces règles ne remplacent pas la vigilance des équipes. Elles l'appuient. Et elles permettent, si une erreur survient malgré tout, de la détecter et de la corriger rapidement."
49;2027-09-16;Jeu;2;11:00;LinkedIn;Page LinkedIn ROHAFYA;FR;non;490;La sécurité des patients;"17 septembre, Journée mondiale de la sécurité des patients.

La bonne information, à la bonne personne : c'est une exigence de sécurité autant que de confidentialité.

ROHAFYA y contribue par des règles simples : un QR code à usage unique par dossier, une validation par l'établissement quand l'identité doit être vérifiée, l'impossibilité de rattacher deux fois le même dossier, un journal de toutes les opérations.

Ces règles ne remplacent pas la vigilance des équipes. Elles l'appuient."
49;2027-09-16;Jeu;2;12:30;X;Compte X ROHAFYA;EN;non;187;La sécurité des patients;World Patient Safety Day is this week. Handing a result to the wrong person is a preventable error. Identify the patient, trace the handover: safety starts there. #PatientSafety #Cameroon
49;2027-09-16;Jeu;2;18:00;X;Compte X personnel;FR;non;248;La sécurité des patients;Dans ROHAFYA, un dossier déjà rattaché à un compte ne peut pas l'être à un autre. Toute tentative est refusée et inscrite au journal. Une erreur de remise laisse une trace, et se corrige. Journée de la sécurité des patients. [LIEN]
50;2027-09-21;Mar;1;08:00;LinkedIn;Profil LinkedIn personnel;FR;non;789;Les coupures, et après;"Une objection de bon sens : « Chez nous, le courant saute et la connexion aussi. Votre système en ligne va tomber avec. »

Distinguons deux choses.

Les résultats déjà publiés ne sont pas stockés dans les ordinateurs de l'établissement. Si le laboratoire est dans le noir, le patient, lui, consulte toujours son compte depuis son téléphone.

Les résultats pas encore envoyés attendent le retour de la connexion. Le logiciel de l'établissement les renvoie ensuite, et comme chaque envoi porte un code unique, rien n'est créé en double.

Ce que je ne peux pas faire : fournir de l'électricité ou du réseau. Ce que je peux faire : concevoir un service qui supporte l'interruption et reprend proprement.

Dans notre contexte, un outil qui suppose une connexion parfaite est un outil mal conçu."
50;2027-09-21;Mar;1;11:00;LinkedIn;Page LinkedIn ROHAFYA;FR;non;537;Les coupures, et après;"« Chez nous, le courant saute. Votre système en ligne va tomber avec. »

Distinguons deux choses.

Les résultats déjà publiés ne sont pas stockés dans les ordinateurs de l'établissement. Si le laboratoire est dans le noir, le patient consulte toujours son compte depuis son téléphone.

Les résultats pas encore envoyés attendent le retour de la connexion. Le logiciel les renvoie ensuite, sans créer de doublon.

Nous ne fournissons ni électricité ni réseau. Nous avons conçu un service qui supporte l'interruption et reprend proprement."
50;2027-09-21;Mar;1;12:30;X;Compte X ROHAFYA;FR;non;225;Les coupures, et après;Coupure de courant au laboratoire ? Connexion en panne ? Les résultats déjà publiés restent consultables : ils ne sont pas dans vos ordinateurs. Et les envois en attente reprennent au retour du réseau, sans doublon. #Cameroun
50;2027-09-21;Mar;1;18:00;X;Compte X personnel;FR;non;247;Les coupures, et après;« Chez nous, le courant saute et la connexion aussi. » Objection de bon sens. Mais les résultats publiés ne sont pas dans les ordinateurs du laboratoire : le patient les consulte toujours. Un outil qui suppose une connexion parfaite est mal conçu.
50;2027-09-23;Jeu;2;08:00;LinkedIn;Profil LinkedIn personnel;FR;non;698;Les coupures, et après;"Pour les informaticiens qui me demandent comment ROHAFYA se comporte après une coupure : les envois sont répétables.

Chaque élément envoyé porte un code unique. Si le logiciel de l'établissement renvoie un résultat déjà transmis, ROHAFYA le met à jour au lieu de créer un doublon.

Conséquence pratique : après une coupure, le logiciel peut tout renvoyer sans risque. Pas besoin de savoir précisément ce qui est passé ou non.

Et pendant la panne, l'espace d'administration fonctionne sur téléphone : l'accueil peut continuer à générer des QR codes avec une simple connexion mobile.

Dans notre contexte, c'est le genre de détail qui fait la différence entre un outil adopté et un outil abandonné."
50;2027-09-23;Jeu;2;11:00;LinkedIn;Page LinkedIn ROHAFYA;FR;non;525;Les coupures, et après;"Coupures de courant et de réseau : ce qui se passe avec ROHAFYA.

Les résultats déjà publiés restent accessibles aux patients, depuis leur téléphone.

Les envois interrompus reprennent au retour de la connexion. Un résultat renvoyé n'est jamais dupliqué.

L'espace d'administration fonctionne sur téléphone : en cas de panne des postes, l'accueil peut continuer à générer des QR codes avec une simple connexion mobile.

Le service a été pensé pour les conditions réelles de nos établissements, pas pour un monde sans coupure."
50;2027-09-23;Jeu;2;12:30;X;Compte X ROHAFYA;EN;non;197;Les coupures, et après;Power cut at the lab? Internet down? Results already published stay available to patients on their phones. Pending uploads resume when the network is back, with no duplicates. #Cameroon #HealthTech
50;2027-09-23;Jeu;2;18:00;X;Compte X personnel;FR;non;248;Les coupures, et après;Les envois vers ROHAFYA sont répétables : renvoyer un résultat déjà transmis le met à jour, sans doublon. Après une coupure, le logiciel peut tout renvoyer sans risque. J'ai conçu ROHAFYA pour nos conditions réelles, pas pour un monde sans coupure.
51;2027-09-28;Mar;1;08:00;LinkedIn;Profil LinkedIn personnel;FR;non;750;Le cœur, et la mémoire des bilans;"Je reviens souvent sur la même idée, parce qu'elle me paraît centrale : un résultat isolé parle peu, une série de résultats parle beaucoup.

C'est vrai pour le cœur, le diabète, les reins, et pour toutes les maladies qui s'installent dans la durée.

Or, la série est exactement ce que le papier détruit. Chaque bilan est une feuille à part, rangée ou non, retrouvée ou non. Le médecin compare ce qu'il a sous les yeux, c'est-à-dire souvent une seule feuille.

ROHAFYA ne fait pas de médecine. Il fait de la mémoire : il garde les bilans dans l'ordre, avec leurs dates et leurs valeurs de référence, dans le compte du patient.

En cette semaine de la Journée mondiale du cœur, c'est ma contribution : rappeler que le suivi commence par ne rien perdre."
51;2027-09-28;Mar;1;11:00;LinkedIn;Page LinkedIn ROHAFYA;FR;non;466;Le cœur, et la mémoire des bilans;"29 septembre, Journée mondiale du cœur.

Cholestérol, glycémie, tension : le suivi cardiovasculaire se construit bilan après bilan. Un résultat isolé parle peu ; une série parle beaucoup.

Or la série est exactement ce que le papier détruit : chaque bilan est une feuille à part, rangée ou non, retrouvée ou non.

ROHAFYA garde les bilans dans l'ordre, avec leurs dates et leurs valeurs de référence, dans le compte du patient.

Le suivi commence par ne rien perdre."
51;2027-09-28;Mar;1;12:30;X;Compte X ROHAFYA;FR;non;217;Le cœur, et la mémoire des bilans;Cette semaine, Journée mondiale du cœur (29 septembre). Cholestérol, glycémie, tension : un suivi se construit bilan après bilan. Encore faut-il les avoir tous sous la main le jour de la consultation. #Cameroun #Santé
51;2027-09-28;Mar;1;18:00;X;Compte X personnel;FR;non;237;Le cœur, et la mémoire des bilans;Un résultat isolé parle peu, une série parle beaucoup. C'est vrai pour le cœur, le diabète, les reins. Or la série, c'est exactement ce que le papier détruit. ROHAFYA ne fait pas de médecine. Il fait de la mémoire. #JournéeMondialeDuCœur
51;2027-09-30;Jeu;2;08:00;LinkedIn;Profil LinkedIn personnel;FR;non;644;Le cœur, et la mémoire des bilans;"Aux directeurs de laboratoire, une idée de la fidélité que je trouve noble.

Vos patients réguliers, ceux qui font un bilan lipidique ou une glycémie tous les trois mois, sont votre base. Ce sont eux qui ont le plus besoin de retrouver leurs anciens résultats.

Avec ROHAFYA, chaque résultat que vous publiez se range dans leur compte, avec son unité, ses normes, sa date et votre nom. Le suivant vient se ranger à côté.

Le patient arrive en consultation avec la série complète. Et il a une raison de revenir chez vous : c'est chez vous que se trouve son historique.

Ce n'est pas de la captivité. C'est un service qui se voit à chaque visite."
51;2027-09-30;Jeu;2;11:00;LinkedIn;Page LinkedIn ROHAFYA;FR;non;468;Le cœur, et la mémoire des bilans;"29 septembre, Journée mondiale du cœur.

Le suivi cardiovasculaire repose sur des bilans réguliers, comparés dans le temps.

Pour vos patients réguliers, ROHAFYA conserve dans leur compte les résultats que vous publiez, datés, avec leurs valeurs de référence.

Pour vous, laboratoire ou clinique, c'est un service de fidélité au sens noble : le patient qui retrouve tous ses bilans chez vous a une raison de revenir chez vous.

Présentation en 20 minutes, sur demande."
51;2027-09-30;Jeu;2;12:30;X;Compte X ROHAFYA;EN;non;201;Le cœur, et la mémoire des bilans;World Heart Day is this week. Cholesterol, blood sugar, blood pressure: follow-up is built one test after another. It only works if every result is at hand on consultation day. #WorldHeartDay #Cameroon
51;2027-09-30;Jeu;2;18:00;X;Compte X personnel;FR;non;240;Le cœur, et la mémoire des bilans;Un bilan lipidique dans ROHAFYA : chaque valeur avec son unité et ses normes, la date de validation, le nom du laboratoire. Le suivant vient se ranger à côté. Le patient arrive en consultation avec la série complète. [LIEN]
52;2027-10-05;Mar;1;08:00;LinkedIn;Profil LinkedIn personnel;FR;oui;611;Un an;"ROHAFYA a un an. Voici le bilan, sans maquillage.

En chiffres : [NOMBRE] établissements utilisateurs, [NOMBRE] patients rattachés, [NOMBRE] résultats publiés.

Ce dont je suis fier : [VOTRE RÉUSSITE].

Ce que j'ai raté : [VOTRE ÉCHEC], et ce que j'en ai tiré : [VOTRE LEÇON].

Ce qui m'a surpris : [VOTRE SURPRISE].

Pour l'an 2, trois priorités : élargir à d'autres villes, mieux servir les cliniques, et ouvrir l'interface en anglais.

Vendre un logiciel de santé seul, au Cameroun, sans budget, est plus lent que je ne l'imaginais. C'est aussi plus instructif. Merci à tous ceux qui m'ont ouvert leur porte."
52;2027-10-05;Mar;1;11:00;LinkedIn;Page LinkedIn ROHAFYA;FR;oui;435;Un an;"ROHAFYA a un an.

En chiffres : [NOMBRE] établissements utilisateurs, [NOMBRE] patients rattachés, [NOMBRE] résultats publiés.

Notre principale réussite : [VOTRE RÉUSSITE].
Notre principale leçon : [VOTRE LEÇON].

Pour l'an 2, trois priorités : élargir à d'autres villes, mieux servir les cliniques, et ouvrir l'interface en anglais.

Merci à tous les établissements, médecins et patients qui ont fait confiance à ROHAFYA cette année."
52;2027-10-05;Mar;1;12:30;X;Compte X ROHAFYA;FR;oui;193;Un an;Un an de ROHAFYA cette semaine. Merci à celles et ceux qui ont testé, critiqué, conseillé. L'an 2 commence avec le même cap : qu'aucun résultat payé ne reste dans une armoire. #Cameroun #eSanté
52;2027-10-05;Mar;1;18:00;X;Compte X personnel;FR;oui;208;Un an;ROHAFYA a un an. Établissements utilisateurs : [NOMBRE]. Patients rattachés : [NOMBRE]. Ce dont je suis fier : [VOTRE RÉUSSITE]. Ce que j'ai raté : [VOTRE ÉCHEC]. Bilan complet, sans maquillage, sur LinkedIn.
52;2027-10-07;Jeu;2;08:00;LinkedIn;Profil LinkedIn personnel;FR;non;621;Un an;"Un an de ROHAFYA, et un cap qui n'a pas bougé : qu'aucun résultat payé par un patient ne reste dans une armoire.

Cette première année, je me suis concentré sur les laboratoires et les centres d'imagerie de Douala et Yaoundé. Pour l'an 2, je veux aller plus loin : d'autres villes, un meilleur service aux cliniques, et une interface en anglais.

À tous ceux qui ont essayé la démonstration et m'ont dit ce qui manquait : merci. Vos retours ont façonné ROHAFYA plus que mes intuitions.

Si vous dirigez un établissement et voulez peser sur les priorités de l'an 2, écrivez-moi. La démonstration reste ouverte et gratuite."
52;2027-10-07;Jeu;2;11:00;LinkedIn;Page LinkedIn ROHAFYA;FR;non;592;Un an;"ROHAFYA a un an.

Notre objectif n'a pas changé : aucun résultat payé par un patient ne devrait rester dans une armoire.

Cette année, nous nous sommes concentrés sur les laboratoires et les centres d'imagerie de Douala et Yaoundé. Pour la deuxième année, nous voulons atteindre d'autres villes, mieux servir les cliniques, et ouvrir l'interface en anglais.

À toutes celles et ceux qui ont essayé la démonstration et nous ont dit ce qui manquait : merci. Vos retours façonnent ROHAFYA.

Vous dirigez un établissement de santé au Cameroun ? La démonstration reste ouverte et gratuite : [LIEN]"
52;2027-10-07;Jeu;2;12:30;X;Compte X ROHAFYA;EN;non;246;Un an;ROHAFYA is one year old. Our aim is unchanged: no result a patient has paid for should be left in a cupboard. Year two: more cities, better service for clinics, and an English interface. The demo is still open: [LIEN] #HealthTech
52;2027-10-07;Jeu;2;18:00;X;Compte X personnel;FR;non;200;Un an;Pour l'an 2 de ROHAFYA, trois chantiers : plus de villes, un meilleur service aux cliniques, et une interface en anglais. Vous dirigez un établissement et voulez peser sur ces priorités ? Écrivez-moi.
53;2027-10-12;Mar;1;08:00;LinkedIn;Profil LinkedIn personnel;FR;non;780;L'an 2 commence;"ROHAFYA entre dans sa deuxième année, et je veux commencer par ce qui ne change pas.

Je ne vends pas une technologie. Je vends la fin d'un déplacement inutile, d'une enveloppe perdue, d'un examen refait. Tant que cela restera vrai, la direction sera la bonne.

Ce qui change, en revanche, c'est l'échelle. La première année a servi à faire fonctionner ROHAFYA dans de vrais accueils. La deuxième doit servir à le rendre utile au-delà de deux villes et de deux types d'établissements.

Trois chantiers : les réseaux d'établissements, les autres régions, l'interface en anglais.

Octobre est aussi le mois de la sensibilisation au cancer du sein. Un parcours de dépistage, ce sont plusieurs examens à rassembler. C'est exactement le genre de situation pour laquelle ROHAFYA existe."
53;2027-10-12;Mar;1;11:00;LinkedIn;Page LinkedIn ROHAFYA;FR;non;471;L'an 2 commence;"ROHAFYA entre dans sa deuxième année.

Notre cap reste le même : la fin du déplacement inutile, de l'enveloppe perdue, de l'examen refait.

La première année a servi à faire fonctionner ROHAFYA dans de vrais accueils. La deuxième doit servir à le rendre utile plus largement.

Trois chantiers :
les réseaux d'établissements,
les autres régions du pays,
l'interface en anglais.

Merci à celles et ceux qui nous suivent depuis le début. Continuez à nous dire ce qui manque."
53;2027-10-12;Mar;1;12:30;X;Compte X ROHAFYA;FR;non;207;L'an 2 commence;Octobre rose. Un dépistage, c'est une mammographie, une échographie, parfois une biopsie : plusieurs examens, plusieurs comptes rendus. Les garder ensemble aide à ne pas perdre le fil. #OctobreRose #Cameroun
53;2027-10-12;Mar;1;18:00;X;Compte X personnel;FR;non;239;L'an 2 commence;ROHAFYA entre dans sa deuxième année. Ce qui ne change pas : je ne vends pas une technologie, je vends la fin d'un déplacement inutile, d'une enveloppe perdue, d'un examen refait. Ce qui change : l'échelle. Plus de villes, plus de réseaux.
53;2027-10-14;Jeu;2;08:00;LinkedIn;Profil LinkedIn personnel;FR;non;689;L'an 2 commence;"Octobre rose. Je pense à toutes les femmes engagées dans un parcours de dépistage ou de suivi du cancer du sein.

Ce parcours passe par plusieurs examens : mammographie, échographie, parfois biopsie et analyse anatomopathologique. Chaque étape produit un compte rendu, souvent dans un établissement différent.

Rassembler ces documents, les garder dans l'ordre, les apporter au bon médecin : c'est une charge de plus dans un moment déjà difficile.

Avec ROHAFYA, les comptes rendus publiés par les établissements qui l'utilisent se retrouvent dans le compte de la patiente, datés. Elle les partage avec le médecin de son choix.

Ce n'est qu'un outil. Mais il peut alléger un peu le chemin."
53;2027-10-14;Jeu;2;11:00;LinkedIn;Page LinkedIn ROHAFYA;FR;non;562;L'an 2 commence;"Octobre rose : faire circuler les comptes rendus.

Un parcours de dépistage ou de suivi passe par plusieurs examens : imagerie, biologie, parfois anatomopathologie. Chaque étape produit un document, dans un établissement différent.

ROHAFYA rassemble dans le compte de la patiente les comptes rendus publiés par les établissements qui l'utilisent. Elle les partage ensuite avec le médecin de son choix.

Centres d'imagerie et laboratoires : en ce mois de sensibilisation, proposer la remise en ligne des comptes rendus est un service concret rendu aux patientes."
53;2027-10-14;Jeu;2;12:30;X;Compte X ROHAFYA;EN;non;216;L'an 2 commence;ROHAFYA enters its second year. The goal has not changed: no wasted trip, no lost envelope, no repeated test. What changes is the scale: more cities, facility networks, and an English interface. #Cameroon #HealthTech
53;2027-10-14;Jeu;2;18:00;X;Compte X personnel;FR;non;254;L'an 2 commence;Octobre rose. Un parcours de dépistage, ce sont plusieurs comptes rendus, souvent dans plusieurs établissements. Dans ROHAFYA, ils se retrouvent dans le même compte, datés, et la patiente les partage avec son médecin. [LIEN] #OctobreRose
54;2027-10-19;Mar;1;08:00;LinkedIn;Profil LinkedIn personnel;FR;non;817;Les réseaux d'établissements;"Au Cameroun, une grande partie des soins est assurée par des réseaux : œuvres de santé catholiques et protestantes, fondations, groupes privés.

Ces réseaux ont un point commun : un patient y circule. Il consulte dans un centre de santé, fait son examen à l'hôpital du réseau, revient au centre. Et à chaque étape, le papier voyage avec lui, ou ne voyage pas.

Pour un réseau, ROHAFYA apporte deux choses. Au patient, un compte unique où se retrouvent les résultats de toutes les formations du réseau. À la coordination, une même façon de faire partout, avec un espace d'administration par formation.

Je sais que la décision y est collective et qu'elle prend du temps. Je propose donc toujours la même méthode : une formation pilote, deux mois, un bilan chiffré, puis une décision du réseau en connaissance de cause."
54;2027-10-19;Mar;1;11:00;LinkedIn;Page LinkedIn ROHAFYA;FR;non;515;Les réseaux d'établissements;"Les réseaux de santé : là où un compte unique prend tout son sens.

Une grande partie des soins au Cameroun est assurée par des réseaux : œuvres de santé catholiques et protestantes, fondations, groupes privés.

Dans ces réseaux, le patient circule. Il consulte dans un centre de santé, fait son examen à l'hôpital du réseau, revient au centre. Et à chaque étape, le papier voyage avec lui, ou ne voyage pas.

Avec ROHAFYA, les résultats de toutes les formations du réseau se retrouvent dans un même compte patient."
54;2027-10-19;Mar;1;12:30;X;Compte X ROHAFYA;FR;non;212;Les réseaux d'établissements;Un réseau de santé confessionnel ou privé, ce sont dix, vingt, cinquante formations sanitaires. Et des patients qui passent de l'une à l'autre. Un compte unique par patient y prend tout son sens. #Cameroun #Santé
54;2027-10-19;Mar;1;18:00;X;Compte X personnel;FR;non;251;Les réseaux d'établissements;Au Cameroun, une grande partie des soins passe par des réseaux : œuvres confessionnelles, fondations, groupes privés. Un patient y circule d'une formation à l'autre, et son papier ne suit pas toujours. C'est là qu'un compte unique prend tout son sens.
54;2027-10-21;Jeu;2;08:00;LinkedIn;Profil LinkedIn personnel;FR;non;680;Les réseaux d'établissements;"Aux coordinations des réseaux de santé confessionnels et privés : voici comment je propose de travailler avec vous.

Chaque formation sanitaire a son propre espace d'administration dans ROHAFYA. Un même coordinateur peut en administrer plusieurs, et passer de l'une à l'autre par une simple liste déroulante.

Le patient, lui, a un seul compte, où apparaissent les résultats de chaque formation du réseau.

Je sais que la décision d'un réseau est collective et prend du temps. Je propose donc toujours la même méthode : une formation pilote, 60 jours, un bilan chiffré remis à la coordination, puis une décision en connaissance de cause.

Si vous coordonnez un réseau, parlons-en."
54;2027-10-21;Jeu;2;11:00;LinkedIn;Page LinkedIn ROHAFYA;FR;non;512;Les réseaux d'établissements;"Aux réseaux de santé confessionnels et privés.

Vos patients circulent entre vos formations sanitaires. Leurs résultats devraient les suivre.

Avec ROHAFYA : un compte unique pour le patient, où apparaissent les résultats de chaque formation de votre réseau ; un espace d'administration par formation ; la possibilité pour un coordinateur d'en administrer plusieurs.

Nous proposons de commencer par une formation pilote, pendant 60 jours, avec un bilan remis à votre coordination. Écrivez-nous pour en discuter."
54;2027-10-21;Jeu;2;12:30;X;Compte X ROHAFYA;EN;non;204;Les réseaux d'établissements;A health network means ten, twenty, fifty facilities, and patients who move between them. One patient account across the whole network: that is where ROHAFYA makes the most sense. #Cameroon #DigitalHealth
54;2027-10-21;Jeu;2;18:00;X;Compte X personnel;FR;non;227;Les réseaux d'établissements;Dans ROHAFYA, chaque formation d'un réseau a son espace d'administration. Un même coordinateur peut en gérer plusieurs et passer de l'une à l'autre par une liste déroulante. Pour le patient : un seul compte pour tout le réseau.
55;2027-10-26;Mar;1;08:00;LinkedIn;Profil LinkedIn personnel;FR;non;799;Au-delà de Douala et Yaoundé;"J'ai commencé par Douala et Yaoundé pour une raison simple : je suis seul, et il faut bien commencer quelque part.

Mais le besoin est plus fort ailleurs. Dans une ville moyenne, le laboratoire le mieux équipé attire des patients de tout le département. Certains font une heure de route à l'aller, une heure au retour, et recommencent pour le résultat.

Pour eux, un résultat en ligne ne fait pas gagner vingt minutes. Il fait gagner une journée et le prix d'un voyage.

ROHAFYA n'a besoin de rien sur place : pas de serveur à installer, pas de technicien à faire venir. La mise en service peut se faire à distance, par appel vidéo, avec l'informaticien de l'établissement.

Si vous dirigez un établissement hors des deux grandes villes, vous êtes exactement ceux que je veux rencontrer cette année."
55;2027-10-26;Mar;1;11:00;LinkedIn;Page LinkedIn ROHAFYA;FR;non;485;Au-delà de Douala et Yaoundé;"Le besoin est plus fort loin des grandes villes.

Dans une ville moyenne, le laboratoire le mieux équipé attire des patients de tout le département. Certains font une heure de route à l'aller, une heure au retour, et recommencent pour le résultat.

Pour eux, un résultat en ligne ne fait pas gagner vingt minutes. Il fait gagner une journée et le prix d'un voyage.

Bafoussam, Garoua, Bamenda, Maroua, Buea, Bertoua, Ngaoundéré, Ebolowa : ROHAFYA n'est pas réservé à Douala et Yaoundé."
55;2027-10-26;Mar;1;12:30;X;Compte X ROHAFYA;FR;non;221;Au-delà de Douala et Yaoundé;Bafoussam, Garoua, Bamenda, Maroua, Buea, Bertoua, Ngaoundéré, Ebolowa : les patients y font aussi des examens, et parcourent souvent plus de kilomètres pour un résultat. ROHAFYA n'est pas réservé à deux villes. #Cameroun
55;2027-10-26;Mar;1;18:00;X;Compte X personnel;FR;non;253;Au-delà de Douala et Yaoundé;J'ai commencé par Douala et Yaoundé parce que je suis seul. Mais le besoin est plus fort ailleurs : dans une ville moyenne, certains patients font une heure de route aller, une heure retour, et recommencent pour le résultat. Eux, je veux les rencontrer.
55;2027-10-28;Jeu;2;08:00;LinkedIn;Profil LinkedIn personnel;FR;non;670;Au-delà de Douala et Yaoundé;"On me demande souvent : « Vous êtes à Douala, comment ferez-vous pour nous installer à Garoua ? »

La réponse est simple : ROHAFYA n'a besoin de rien sur place. Pas de serveur à installer, pas de matériel à livrer, pas de technicien à faire venir.

La mise en service se fait à distance. Je crée l'espace de l'établissement, je branche le logiciel avec l'informaticien par appel vidéo, on fait les essais avec des données fictives, et je forme l'accueil à distance.

La distance n'est donc pas un obstacle. Elle est même un argument : plus vos patients viennent de loin, plus ils ont à gagner.

Si vous dirigez un établissement hors des deux grandes villes, écrivez-moi."
55;2027-10-28;Jeu;2;11:00;LinkedIn;Page LinkedIn ROHAFYA;FR;non;482;Au-delà de Douala et Yaoundé;"ROHAFYA dans toutes les régions.

Plus un établissement reçoit de patients venus de loin, plus la remise en ligne des résultats leur est utile.

Notre mise en service ne demande aucune installation sur site : tout se fait à distance, avec votre informaticien ou votre référent.

Laboratoires, centres d'imagerie et cliniques de l'Ouest, du Nord, de l'Est, du Sud, du Nord-Ouest et du Sud-Ouest : la démonstration est ouverte, et nous répondons à vos messages sous 48 heures.

[LIEN]"
55;2027-10-28;Jeu;2;12:30;X;Compte X ROHAFYA;EN;non;205;Au-delà de Douala et Yaoundé;Bafoussam, Garoua, Bamenda, Maroua, Buea: patients there often travel much further for a result than in Douala or Yaoundé. ROHAFYA needs nothing on site, so distance is not a barrier. #Cameroon #HealthTech
55;2027-10-28;Jeu;2;18:00;X;Compte X personnel;FR;non;242;Au-delà de Douala et Yaoundé;La mise en service de ROHAFYA se fait à distance : création de l'espace, branchement, essais, formation de l'accueil par appel vidéo. Aucun matériel sur place. Un établissement de Garoua ou de Bertoua démarre comme un établissement de Douala.
56;2027-11-02;Mar;1;08:00;LinkedIn;Profil LinkedIn personnel;FR;oui;736;Régler par Mobile Money;"Un détail qui n'en est pas un : comment paie-t-on un logiciel au Cameroun ?

Beaucoup de services en ligne étrangers exigent une carte bancaire internationale. Pour un laboratoire de quartier, c'est déjà un obstacle : pas de carte, des frais de change, un prélèvement en devises que le comptable ne sait pas justifier.

J'ai voulu que ROHAFYA se paie comme on paie tout ici. En francs CFA, par Mobile Money ou par virement, avec une facture en bonne et due forme.

Cela paraît évident. Ce ne l'est pas : c'est l'une des raisons pour lesquelles des outils pourtant bons ne sont jamais adoptés chez nous.

Construire pour le Cameroun, ce n'est pas seulement traduire. C'est épouser la façon dont les gens paient, communiquent et décident."
56;2027-11-02;Mar;1;11:00;LinkedIn;Page LinkedIn ROHAFYA;FR;oui;486;Régler par Mobile Money;"Payer un logiciel comme on paie tout le reste.

Beaucoup de services en ligne étrangers exigent une carte bancaire internationale, avec des frais de change et un prélèvement en devises difficile à justifier pour un comptable.

L'abonnement ROHAFYA se règle en francs CFA, par Mobile Money, virement ou chèque. Au mois, au trimestre ou à l'année. Avec une facture pour chaque paiement.

Construire pour le Cameroun, ce n'est pas seulement traduire. C'est épouser la façon dont on y paie."
56;2027-11-02;Mar;1;12:30;X;Compte X ROHAFYA;FR;oui;215;Régler par Mobile Money;L'abonnement ROHAFYA se règle comme le reste : par Mobile Money, virement ou chèque. Au mois, au trimestre ou à l'année. Une facture pour chaque paiement. Simple à suivre pour votre comptable. #MobileMoney #Cameroun
56;2027-11-02;Mar;1;18:00;X;Compte X personnel;FR;oui;247;Régler par Mobile Money;Beaucoup de services en ligne étrangers exigent une carte bancaire internationale. Pour un laboratoire de quartier, c'est déjà un obstacle. J'ai voulu que ROHAFYA se paie comme on paie tout ici : en FCFA, par Mobile Money ou virement. #MobileMoney
56;2027-11-04;Jeu;2;08:00;LinkedIn;Profil LinkedIn personnel;FR;oui;652;Régler par Mobile Money;"Un détail sur le paiement de ROHAFYA, que je donne parce qu'on me le demande souvent.

Vous choisissez le rythme : mensuel, trimestriel ou annuel. Le paiement annuel donne deux mois offerts. Le paiement mensuel ou trimestriel se fait sans frais supplémentaires.

Dans tous les cas : en francs CFA, par Mobile Money, virement ou chèque, et une facture en bonne et due forme pour votre comptable.

J'ai vu des outils pourtant bons ne jamais être adoptés chez nous, simplement parce qu'on ne pouvait pas les payer facilement. Je ne voulais pas que ROHAFYA bute sur la facture.

Un outil conçu pour le Cameroun commence par une facture adaptée au Cameroun."
56;2027-11-04;Jeu;2;11:00;LinkedIn;Page LinkedIn ROHAFYA;FR;oui;516;Régler par Mobile Money;"Payer ROHAFYA comme on fait affaire au Cameroun.

Pas de carte internationale, pas de prélèvement en devises. L'abonnement est facturé en francs CFA et se règle par Mobile Money, virement ou chèque.

Vous choisissez le rythme : mensuel, trimestriel ou annuel. Le paiement annuel donne deux mois offerts.

Chaque paiement donne lieu à une facture en bonne et due forme pour votre comptable.

Un outil conçu pour le Cameroun doit s'adapter à la façon dont on y paie, communique et décide. Cela commence par la facture."
56;2027-11-04;Jeu;2;12:30;X;Compte X ROHAFYA;EN;oui;221;Régler par Mobile Money;Paying for ROHAFYA the Cameroonian way: invoiced in CFA francs, paid by Mobile Money, bank transfer or cheque. Monthly, quarterly or yearly, with two months free on annual plans. No international card needed. #MobileMoney
56;2027-11-04;Jeu;2;18:00;X;Compte X personnel;FR;oui;220;Régler par Mobile Money;Paiement annuel de l'abonnement ROHAFYA : deux mois offerts. Mensuel ou trimestriel : sans frais supplémentaires. Toujours en FCFA, par Mobile Money, virement ou chèque. Je ne voulais pas que ROHAFYA bute sur la facture.
57;2027-11-09;Mar;1;08:00;LinkedIn;Profil LinkedIn personnel;FR;non;795;Radiologie et diabète;"Cette semaine réunit deux journées qui parlent de deux métiers que je côtoie : la radiologie, le 8 novembre, et la biologie à travers la Journée mondiale du diabète, le 14.

Ces deux métiers ont un point commun qu'on oublie : ils ne voient presque jamais la suite. Le radiologue rend son compte rendu, le biologiste valide son bilan, puis le document part, et ils ignorent s'il est arrivé.

Savoir que son travail a été lu, par le patient puis par le médecin, change la relation au métier.

ROHAFYA donne au moins une partie de cette information à l'établissement : il sait quels dossiers sont rattachés et, quand un médecin consulte un résultat partagé, cela s'inscrit au journal.

Aux radiologues et aux biologistes : votre travail mérite d'arriver à destination, et vous méritez de le savoir."
57;2027-11-09;Mar;1;11:00;LinkedIn;Page LinkedIn ROHAFYA;FR;non;508;Radiologie et diabète;"8 novembre, Journée internationale de la radiologie. 14 novembre, Journée mondiale du diabète.

Deux métiers, la radiologie et la biologie, ont un point commun qu'on oublie : ils voient rarement la suite. Le compte rendu part, le bilan part, sans savoir s'ils sont arrivés.

Avec ROHAFYA, l'établissement sait quels dossiers sont rattachés. Et quand un médecin consulte un résultat partagé, l'opération s'inscrit au journal.

Aux radiologues et aux biologistes : votre travail mérite d'arriver à destination."
57;2027-11-09;Mar;1;12:30;X;Compte X ROHAFYA;FR;non;230;Radiologie et diabète;Cette semaine, Journée internationale de la radiologie (8 novembre) et Journée mondiale du diabète (14 novembre). Images d'un côté, bilans de l'autre : deux disciplines, un même besoin, que le compte rendu arrive. #Cameroun #Santé
57;2027-11-09;Mar;1;18:00;X;Compte X personnel;FR;non;259;Radiologie et diabète;Radiologues et biologistes ne voient presque jamais la suite de leur travail. Le compte rendu part, le bilan part, et ils ignorent s'il est arrivé. Journée de la radiologie le 8, du diabète le 14 : votre travail mérite d'arriver, et vous méritez de le savoir.
57;2027-11-11;Jeu;2;08:00;LinkedIn;Profil LinkedIn personnel;FR;non;679;Radiologie et diabète;"Un message aux radiologues, en cette Journée internationale de la radiologie.

Un examen d'imagerie se termine vraiment quand le compte rendu est lu par le médecin prescripteur. Tant qu'il attend dans une enveloppe, le travail n'a pas produit son effet.

ROHAFYA publie votre compte rendu dans le compte du patient : indication, technique, résultat, conclusion. Les images restent dans votre système. Le patient, lui, a enfin le texte qui compte, sans attendre, et le partage avec son médecin.

Pour un centre d'imagerie, c'est aussi une façon de se distinguer auprès des prescripteurs : ils reçoivent vos comptes rendus plus vite, et plus lisiblement.

Présentation sur demande."
57;2027-11-11;Jeu;2;11:00;LinkedIn;Page LinkedIn ROHAFYA;FR;non;481;Radiologie et diabète;"8 novembre, Journée internationale de la radiologie.

Un examen d'imagerie se termine vraiment quand le compte rendu est lu par le médecin prescripteur.

ROHAFYA raccourcit ce chemin : le compte rendu validé est publié dans le compte du patient, qui le partage avec son médecin.

Pour un centre d'imagerie, c'est aussi une façon de se distinguer auprès des prescripteurs : ils reçoivent vos comptes rendus plus vite et plus lisiblement.

Présentation sur demande, en message privé."
57;2027-11-11;Jeu;2;12:30;X;Compte X ROHAFYA;EN;non;208;Radiologie et diabète;This week: International Day of Radiology (8 Nov) and World Diabetes Day (14 Nov). Radiologists and lab scientists rarely see what happens next. Their reports deserve to reach the doctor. #Cameroon #Radiology
57;2027-11-11;Jeu;2;18:00;X;Compte X personnel;FR;non;218;Radiologie et diabète;Radiologues : ROHAFYA publie votre compte rendu, avec indication, technique, résultat et conclusion. Les images restent dans votre système. Le patient a enfin le texte qui compte, sans attendre l'enveloppe. #Radiologie
58;2027-11-16;Mar;1;08:00;LinkedIn;Profil LinkedIn personnel;FR;non;834;Les hôpitaux : commencer par un service;"Les hôpitaux publics et confessionnels sont les établissements qui auraient le plus à gagner avec la remise en ligne des résultats : gros volumes, patients venus de loin, accueils saturés.

Ce sont aussi ceux où la décision est la plus longue, et c'est légitime. Un hôpital engage de l'argent public ou celui d'une œuvre, avec des règles à respecter.

Je ne vais donc pas voir un directeur d'hôpital avec un contrat. J'y vais avec une proposition modeste : un seul service, le laboratoire le plus souvent, pendant 60 jours, sans engagement, avec un relevé avant et après.

Si les chiffres sont bons, le dossier se défend tout seul devant le comité de direction. S'ils ne le sont pas, personne n'a perdu de temps ni d'argent.

Aux chefs de service de laboratoire qui lisent ceci : vous êtes souvent les mieux placés pour lancer l'idée."
58;2027-11-16;Mar;1;11:00;LinkedIn;Page LinkedIn ROHAFYA;FR;non;499;Les hôpitaux : commencer par un service;"Hôpitaux publics et confessionnels : commencer modestement.

Ce sont les établissements qui ont le plus à gagner avec la remise en ligne des résultats : gros volumes, patients venus de loin, accueils saturés.

Ce sont aussi ceux où la décision est la plus longue, et c'est légitime : un hôpital engage de l'argent public ou celui d'une œuvre, avec des règles à respecter.

Nous proposons donc un seul service, souvent le laboratoire, pendant 60 jours, sans engagement, avec un relevé avant et après."
58;2027-11-16;Mar;1;12:30;X;Compte X ROHAFYA;FR;non;190;Les hôpitaux : commencer par un service;Un hôpital ne change pas d'un coup, et il a raison. La bonne porte d'entrée : un service. Le laboratoire, par exemple, pendant deux mois. On mesure, puis l'hôpital décide. #Hôpital #Cameroun
58;2027-11-16;Mar;1;18:00;X;Compte X personnel;FR;non;257;Les hôpitaux : commencer par un service;Les hôpitaux auraient le plus à gagner : gros volumes, patients venus de loin, accueils saturés. C'est aussi là que la décision est la plus longue, et c'est légitime. Je n'y vais pas avec un contrat, mais avec une proposition modeste : un service, 60 jours.
58;2027-11-18;Jeu;2;08:00;LinkedIn;Profil LinkedIn personnel;FR;non;620;Les hôpitaux : commencer par un service;"Comment je propose à un hôpital d'essayer ROHAFYA, en cinq étapes.

Un service pilote, le plus souvent le laboratoire.
Un relevé de départ : résultats non retirés, appels, temps d'attente.
Soixante jours d'usage réel, sur un périmètre limité.
Un bilan écrit, remis à la direction.
Une décision, en connaissance de cause.

ROHAFYA ne remplace pas le système en place : il s'y ajoute, sur un périmètre choisi, de façon réversible.

Si les chiffres sont bons, le dossier se défend seul devant le comité de direction. Aux chefs de service de laboratoire qui me lisent : vous êtes souvent les mieux placés pour lancer l'idée."
58;2027-11-18;Jeu;2;11:00;LinkedIn;Page LinkedIn ROHAFYA;FR;non;479;Les hôpitaux : commencer par un service;"Hôpitaux publics et confessionnels : une démarche par étapes.

1. Un service pilote, souvent le laboratoire.

2. Un relevé de départ : résultats non retirés, appels, temps d'attente.

3. Soixante jours d'usage réel, sur un périmètre limité.

4. Un bilan écrit, remis à la direction.

5. Une décision, en connaissance de cause.

Cette démarche respecte vos procédures et votre calendrier. Elle n'engage rien tant que vous n'avez pas vos propres chiffres. Contact en message privé."
58;2027-11-18;Jeu;2;12:30;X;Compte X ROHAFYA;EN;non;193;Les hôpitaux : commencer par un service;A hospital does not change overnight, and it should not. The right entry point is one department: the laboratory, for two months. Measure, then let the hospital decide. #Cameroon #DigitalHealth
58;2027-11-18;Jeu;2;18:00;X;Compte X personnel;FR;non;238;Les hôpitaux : commencer par un service;Un essai ROHAFYA dans un hôpital ne remplace pas le système en place. Il s'y ajoute, sur un périmètre choisi : un service, quelques semaines. Réversible à tout moment. Chefs de service de laboratoire, c'est souvent vous qui lancez l'idée.
59;2027-11-23;Mar;1;08:00;LinkedIn;Profil LinkedIn personnel;FR;non;806;Former l'accueil;"La formation est le moment où un projet numérique se gagne ou se perd. J'ai appris à la préparer comme un cours, pas comme une démonstration.

Je commence par le « pourquoi » : ce que cela change pour le patient, et ce que cela enlève comme charge à l'accueil. Sans cela, l'outil est vécu comme une contrainte de plus.

Ensuite, quatre gestes, pratiqués par chaque personne sur son propre poste ou son téléphone : générer un QR code, rechercher un patient, valider une demande de rattachement, annuler un code remis par erreur.

Enfin, les questions des patients : « Je n'ai pas d'e-mail », « Je n'ai pas reçu le code », « Je ne vois pas mon résultat ». Pour chacune, une réponse courte, affichée près du poste.

Et je reviens une semaine plus tard. C'est à ce moment-là qu'on découvre les vrais problèmes."
59;2027-11-23;Mar;1;11:00;LinkedIn;Page LinkedIn ROHAFYA;FR;non;518;Former l'accueil;"Former un accueil à ROHAFYA : une séance, préparée comme un cours.

D'abord le sens : ce que la remise en ligne change pour le patient, et ce qu'elle enlève comme charge à l'équipe.

Ensuite quatre gestes, pratiqués par chacun sur son poste ou son téléphone : générer un QR code, rechercher un patient, valider un rattachement, annuler un code remis par erreur.

Enfin, les réponses aux questions des patients, affichées près du poste.

Et un retour une semaine plus tard : c'est là qu'on découvre les vrais problèmes."
59;2027-11-23;Mar;1;12:30;X;Compte X ROHAFYA;FR;non;216;Former l'accueil;Former un accueil à ROHAFYA tient en une séance : remettre un QR code, retrouver un patient, valider un rattachement, répondre aux trois questions les plus fréquentes. Le reste s'apprend en faisant. #Cameroun #eSanté
59;2027-11-23;Mar;1;18:00;X;Compte X personnel;FR;non;233;Former l'accueil;La formation est le moment où un projet numérique se gagne ou se perd. Je commence toujours par le « pourquoi » : ce que ça change pour le patient, ce que ça enlève à l'accueil. Sans ça, l'outil est vécu comme une contrainte de plus.
59;2027-11-25;Jeu;2;08:00;LinkedIn;Profil LinkedIn personnel;FR;non;674;Former l'accueil;"Les trois questions que les patients posent le plus à l'accueil, et la réponse que je conseille de préparer.

« Je n'ai pas d'e-mail. » Sur un téléphone Android, l'adresse Gmail se trouve dans Paramètres, puis Comptes. Sinon, un proche peut recevoir les résultats, et le papier reste disponible.

« Je n'ai pas reçu le code. » Vérifier les courriers indésirables, puis toucher « Renvoyer le code ».

« Je ne vois pas mon résultat. » Vérifier que le dossier est rattaché et que le résultat est validé. Si une règle s'applique, facture ou durée d'accès, l'expliquer.

Ces réponses sont sur une fiche fournie avec ROHAFYA. Collée près du poste, elle évite bien des hésitations."
59;2027-11-25;Jeu;2;11:00;LinkedIn;Page LinkedIn ROHAFYA;FR;non;477;Former l'accueil;"Ce que comprend la formation ROHAFYA de votre accueil.

Le sens : pourquoi l'établissement adopte la remise en ligne, et ce que l'équipe y gagne.

Les gestes : générer un QR code, rechercher un patient, valider ou refuser un rattachement, annuler un code.

Les réponses : une fiche pour les questions fréquentes des patients.

Le suivi : un point une semaine après le démarrage, puis à la fin du premier mois.

La formation des nouvelles recrues est comprise dans l'abonnement."
59;2027-11-25;Jeu;2;12:30;X;Compte X ROHAFYA;EN;non;203;Former l'accueil;Training a front desk on ROHAFYA takes one session: hand out a QR code, find a patient, approve a link request, answer the three most common questions. The rest is learned by doing. #Cameroon #HealthTech
59;2027-11-25;Jeu;2;18:00;X;Compte X personnel;FR;non;237;Former l'accueil;Les trois questions que les patients posent le plus à l'accueil : « Je n'ai pas d'e-mail », « Je n'ai pas reçu le code », « Je ne vois pas mon résultat ». Je fournis une fiche réponse avec ROHAFYA. Collée près du poste, elle change tout.
60;2027-11-30;Mar;1;08:00;LinkedIn;Profil LinkedIn personnel;FR;non;772;Le droit de ne pas être vu;"L'an dernier, à la même date, j'écrivais que la confidentialité décide certaines personnes à se faire dépister, ou non. Je le pense toujours, et je veux aller un peu plus loin.

La confidentialité n'est pas qu'une affaire de serrure. C'est une affaire de circuit. Par combien de mains passe un résultat avant d'arriver au patient ? Sur combien de bureaux reste-t-il posé ?

Chaque étape en moins est un risque en moins.

Avec un résultat publié directement dans le compte du patient, le circuit se réduit à deux points : le laboratoire qui valide, la personne qui lit.

Je redis la limite : l'annonce d'un résultat grave doit rester un acte humain, fait par un professionnel. Le numérique n'a pas à s'y substituer. Il doit seulement éviter que le papier fasse des détours."
60;2027-11-30;Mar;1;11:00;LinkedIn;Page LinkedIn ROHAFYA;FR;non;498;Le droit de ne pas être vu;"1er décembre, Journée mondiale de lutte contre le sida.

Personne ne devrait renoncer à un test par peur que le résultat soit vu par un voisin, un collègue ou un parent.

La confidentialité n'est pas qu'une affaire de serrure. C'est une affaire de circuit : par combien de mains passe un résultat, sur combien de bureaux reste-t-il posé ?

Avec ROHAFYA, le circuit se réduit à deux points : le laboratoire qui valide, la personne qui lit.

L'annonce d'un résultat grave, elle, reste un acte humain."
60;2027-11-30;Mar;1;12:30;X;Compte X ROHAFYA;FR;non;194;Le droit de ne pas être vu;Mercredi 1er décembre, Journée mondiale de lutte contre le sida. Personne ne devrait renoncer à un test par peur que le résultat soit vu par un voisin, un collègue ou un parent. #Cameroun #Santé
60;2027-11-30;Mar;1;18:00;X;Compte X personnel;FR;non;258;Le droit de ne pas être vu;L'an dernier, j'écrivais que la confidentialité décide certains à se faire dépister. J'ajoute : la confidentialité n'est pas qu'une serrure, c'est un circuit. Par combien de mains passe un résultat ? Chaque étape en moins est un risque en moins. #1erDécembre
60;2027-12-02;Jeu;2;08:00;LinkedIn;Profil LinkedIn personnel;FR;non;653;Le droit de ne pas être vu;"Une limite que je rappelle chaque année à la même date : le numérique ne doit pas remplacer l'annonce d'un résultat grave.

Ce moment appartient à un professionnel, en face à face, avec le temps et les mots qu'il faut.

Ce que ROHAFYA peut faire, c'est éviter que le papier fasse des détours avant ce moment. Le résultat validé va du laboratoire au compte du patient, sans enveloppe posée sur un comptoir. Et l'établissement sait, par son journal, ce qui a été fait.

Moins un résultat passe de mains, mieux il est protégé.

Aux soignants qui accompagnent les annonces difficiles : votre rôle est irremplaçable, et aucun outil ne prétendra le contraire."
60;2027-12-02;Jeu;2;11:00;LinkedIn;Page LinkedIn ROHAFYA;FR;non;626;Le droit de ne pas être vu;"1er décembre, Journée mondiale de lutte contre le sida.

Personne ne devrait renoncer à un test par crainte qu'un voisin, un collègue ou un proche voie le résultat.

La confidentialité tient au chemin que suit un résultat : par combien de mains il passe, sur combien de bureaux il reste posé. Chaque étape supprimée est un risque supprimé.

Avec ROHAFYA, un résultat validé va du laboratoire au compte du patient. Pas d'enveloppe sur un comptoir.

Annoncer une nouvelle difficile reste un acte humain, accompli par un professionnel. Un logiciel n'a pas à le remplacer. Il doit seulement éviter que le papier fasse des détours."
60;2027-12-02;Jeu;2;12:30;X;Compte X ROHAFYA;EN;non;243;Le droit de ne pas être vu;World AIDS Day. The fewer hands a result passes through, the safer it is. With ROHAFYA, a validated result goes from the lab to the patient's account, with no envelope left on a counter. Difficult news stays a human conversation. #WorldAIDSDay
60;2027-12-02;Jeu;2;18:00;X;Compte X personnel;FR;non;243;Le droit de ne pas être vu;Moins un résultat passe de mains, mieux il est protégé. Dans ROHAFYA, il va du laboratoire au compte du patient, sans enveloppe posée sur un comptoir. L'annonce d'un résultat grave, elle, reste un acte humain. Toujours. [LIEN]
61;2027-12-07;Mar;1;08:00;LinkedIn;Profil LinkedIn personnel;FR;non;812;L'examen refait;"On mesure la couverture santé en nombre de personnes prises en charge. Je propose un autre angle, plus terre à terre : combien d'examens sont payés deux fois ?

Un examen est refait quand le résultat est perdu, quand il est resté dans une autre ville, quand le nouveau médecin ne peut pas lire l'ancien compte rendu, ou quand il n'existe aucune trace qu'il a été fait.

Chacun de ces cas est évitable. Et chacun coûte à une famille le prix d'un deuxième examen, plus le transport, plus le temps.

Je ne connais pas de chiffre national sur le sujet, et je serais reconnaissant à quiconque en possède de me les signaler.

Ce que je sais, c'est que la solution n'exige ni grand programme ni gros budget. Elle exige que le résultat du premier examen reste disponible. C'est précisément ce que fait un compte ROHAFYA."
61;2027-12-07;Mar;1;11:00;LinkedIn;Page LinkedIn ROHAFYA;FR;non;480;L'examen refait;"12 décembre, Journée de la couverture sanitaire universelle.

Protéger les familles contre les dépenses de santé, c'est aussi leur éviter de payer deux fois le même examen.

Un examen est refait quand le résultat est perdu, quand il est resté dans une autre ville, quand le nouveau médecin ne peut pas lire l'ancien compte rendu.

Chacun de ces cas est évitable. La solution n'exige ni grand programme ni gros budget : il suffit que le résultat du premier examen reste disponible."
61;2027-12-07;Mar;1;12:30;X;Compte X ROHAFYA;FR;non;233;L'examen refait;Journée de la couverture sanitaire universelle, ce dimanche 12 décembre. Un examen refait parce que le premier résultat est introuvable, c'est de l'argent en moins pour un vrai soin. La couverture commence par ne rien gaspiller. #CSU
61;2027-12-07;Mar;1;18:00;X;Compte X personnel;FR;non;258;L'examen refait;On mesure la couverture santé en personnes prises en charge. Je propose un autre angle : combien d'examens sont payés deux fois ? Résultat perdu, resté dans une autre ville, illisible. Chaque cas est évitable. Si vous avez des chiffres, je suis preneur. #CSU
61;2027-12-09;Jeu;2;08:00;LinkedIn;Profil LinkedIn personnel;FR;non;684;L'examen refait;"Aux directeurs d'établissement, un argument que vous pouvez porter vous-mêmes auprès de vos patients.

Chaque résultat qui arrive à destination est une dépense évitée pour une famille. Pas seulement le transport du retour : parfois l'examen tout entier, refait parce que le premier résultat était introuvable.

Avec ROHAFYA, un résultat conservé dans le compte du patient peut être montré à un nouveau médecin, dans une autre ville, des mois plus tard, dans la limite de la durée que vous avez fixée.

C'est un service qui ne coûte rien de plus au patient, et qu'il comprend immédiatement.

Dites-le à l'accueil, affichez-le. C'est votre établissement qui en tirera la reconnaissance."
61;2027-12-09;Jeu;2;11:00;LinkedIn;Page LinkedIn ROHAFYA;FR;non;576;L'examen refait;"Couverture sanitaire universelle : la journée du 12 décembre nous rappelle un enjeu simple.

Protéger les familles contre les dépenses de santé, c'est aussi leur éviter de payer deux fois le même examen.

Un résultat perdu, resté dans une autre ville ou illisible, c'est souvent un examen à refaire.

ROHAFYA conserve les résultats publiés dans le compte du patient et lui permet de les partager avec n'importe quel médecin.

Établissements de santé : chaque résultat qui arrive à destination est une dépense évitée pour vos patients. C'est un argument que vous pouvez porter."
61;2027-12-09;Jeu;2;12:30;X;Compte X ROHAFYA;EN;non;197;L'examen refait;UHC Day is this week. A test repeated because the first result cannot be found is money taken from real care. Coverage starts with not wasting what families have already paid for. #UHCDay #Cameroon
61;2027-12-09;Jeu;2;18:00;X;Compte X personnel;FR;non;270;L'examen refait;Un résultat conservé dans le compte ROHAFYA du patient peut être montré à un nouveau médecin, dans une autre ville, des mois plus tard, dans la limite fixée par l'établissement. Un examen de moins à refaire, une dépense de moins pour une famille. [LIEN]
62;2027-12-14;Mar;1;08:00;LinkedIn;Profil LinkedIn personnel;FR;non;748;Quand vous avez besoin de nous;"Quand on vend seul, on ne peut pas tricher sur le service : c'est moi qui installe, moi qui forme, moi qui réponds.

J'y vois un avantage. Le directeur d'un laboratoire n'a pas affaire à un centre d'appels. Il a un numéro, une personne, et cette personne connaît son établissement.

Cela m'oblige aussi à être organisé. Chaque demande est notée. Chaque incident reçoit une réponse sous 24 heures ouvrées, même si la réponse est « je cherche ». Et chaque mois, la première année, je fais un point avec le référent de l'établissement, qu'il y ait un problème ou non.

Je sais que cette organisation ne tiendra pas éternellement à une seule personne. Quand le moment viendra de m'entourer, je le dirai aux établissements avant qu'ils ne le découvrent."
62;2027-12-14;Mar;1;11:00;LinkedIn;Page LinkedIn ROHAFYA;FR;non;496;Quand vous avez besoin de nous;"Un logiciel vaut aussi par la réponse qu'on obtient quand il coince.

Chez ROHAFYA, chaque établissement a un interlocuteur qui le connaît. Pas un centre d'appels.

Chaque demande est notée. Chaque incident reçoit une réponse sous 24 heures ouvrées, même si cette réponse est « nous cherchons ». Et chaque mois, la première année, un point de suivi est fait avec le référent de l'établissement, qu'il y ait un problème ou non.

C'est ainsi que nous voulons gagner votre confiance : dans la durée."
62;2027-12-14;Mar;1;12:30;X;Compte X ROHAFYA;FR;non;227;Quand vous avez besoin de nous;Un logiciel vaut aussi par la réponse qu'on obtient quand il coince. Chez ROHAFYA : un interlocuteur que vous connaissez, une réponse sous 24 heures ouvrées, et un point de suivi chaque mois la première année. #Cameroun #eSanté
62;2027-12-14;Mar;1;18:00;X;Compte X personnel;FR;non;247;Quand vous avez besoin de nous;Quand on vend seul, on ne peut pas tricher sur le service : c'est moi qui installe, forme, réponds. Un directeur n'a pas affaire à un centre d'appels, mais à une personne qui connaît son établissement. Le jour où il faudra m'entourer, je le dirai.
62;2027-12-16;Jeu;2;08:00;LinkedIn;Profil LinkedIn personnel;FR;non;608;Quand vous avez besoin de nous;"Ce que comprend l'assistance ROHAFYA, sans petites lignes.

Un interlocuteur unique, qui connaît votre établissement.
Une réponse sous 24 heures ouvrées à toute demande.
Un point de suivi mensuel la première année.
La formation des nouvelles personnes de l'accueil, sans frais.
Les mises à jour, sans intervention de votre part.

Et un engagement auquel je tiens : si un incident touche vos données ou la disponibilité du service, vous êtes prévenus par moi, pas par vos patients.

En cas de doute, une première vérification est simple : la page d'état du service indique s'il répond, et dans quelle version."
62;2027-12-16;Jeu;2;11:00;LinkedIn;Page LinkedIn ROHAFYA;FR;non;442;Quand vous avez besoin de nous;"L'assistance ROHAFYA, en clair.

Un interlocuteur unique, qui connaît votre établissement.

Une réponse sous 24 heures ouvrées à toute demande.

Un point de suivi mensuel la première année.

La formation des nouvelles personnes de l'accueil, sans frais.

Les mises à jour, sans intervention de votre part.

Et un engagement : si un incident touche vos données ou la disponibilité du service, vous êtes prévenus par nous, pas par vos patients."
62;2027-12-16;Jeu;2;12:30;X;Compte X ROHAFYA;EN;non;203;Quand vous avez besoin de nous;Software is only as good as the answer you get when something breaks. With ROHAFYA: one contact who knows your facility, a reply within one business day, and a monthly check-in during year one. #Cameroon
62;2027-12-16;Jeu;2;18:00;X;Compte X personnel;FR;non;202;Quand vous avez besoin de nous;Mon engagement d'assistance pour ROHAFYA : une réponse sous 24 heures ouvrées, un point mensuel la première année, et si un incident touche vos données, vous êtes prévenus par moi, pas par vos patients.
63;2027-12-21;Mar;1;08:00;LinkedIn;Profil LinkedIn personnel;FR;non;703;Les fêtes, à nouveau;"Fin décembre, les établissements de santé vivent à deux vitesses. Les urgences tournent, les soignants de garde tiennent la maison. Et tout ce qui n'est pas urgent s'empile en attendant janvier.

Les résultats font partie de ce qui s'empile. Validés, signés, prêts, mais sans personne pour venir les chercher.

C'est une période que j'aime observer, parce qu'elle montre ce qui dépend vraiment d'une présence humaine et ce qui n'en dépend pas. Soigner, oui. Remettre une feuille, non.

À celles et ceux qui seront de garde pendant que les autres fêtent : merci. Et à tous les établissements : profitez du calme de début janvier pour regarder ce qui pourrait être automatisé sans rien enlever à l'humain."
63;2027-12-21;Mar;1;11:00;LinkedIn;Page LinkedIn ROHAFYA;FR;non;473;Les fêtes, à nouveau;"Fin décembre, les établissements de santé vivent à deux vitesses.

Les urgences tournent, les soignants de garde tiennent la maison. Tout ce qui n'est pas urgent s'empile en attendant janvier.

Les résultats en font partie : validés, signés, prêts, mais sans personne pour venir les chercher.

Un résultat publié sur ROHAFYA un jour férié est disponible le jour même dans le compte du patient, où qu'il soit.

À celles et ceux qui seront de garde pendant les fêtes : merci."
63;2027-12-21;Mar;1;12:30;X;Compte X ROHAFYA;FR;non;211;Les fêtes, à nouveau;Les fêtes approchent, les accueils ferment plus tôt, les patients voyagent. Un résultat publié le 24 décembre se lit le 24 décembre, où que l'on soit. Bonnes fêtes à tous les soignants de garde. #Cameroun #Santé
63;2027-12-21;Mar;1;18:00;X;Compte X personnel;FR;non;246;Les fêtes, à nouveau;Fin décembre, les établissements vivent à deux vitesses : les urgences tournent, le reste s'empile jusqu'en janvier. Les résultats en font partie. Cette période montre ce qui dépend d'une présence humaine. Soigner, oui. Remettre une feuille, non.
63;2027-12-23;Jeu;2;08:00;LinkedIn;Profil LinkedIn personnel;FR;non;655;Les fêtes, à nouveau;"Un conseil pour les établissements qui réfléchissent à la remise en ligne des résultats : profitez du calme de début janvier.

L'activité reprend doucement, les équipes sont reposées, les patients pas encore revenus en masse. C'est le meilleur moment pour brancher un logiciel, former un accueil, et faire tourner un nouvel outil sur quelques patients.

ROHAFYA, lui, ne connaît ni jours fériés ni horaires d'ouverture. Un résultat validé le 24 décembre se lit le 24 décembre, où que l'on soit. Vos équipes, elles, peuvent souffler.

Je reste joignable par message pendant toute la période des fêtes.

Bonnes fêtes à tous, et merci aux soignants de garde."
63;2027-12-23;Jeu;2;11:00;LinkedIn;Page LinkedIn ROHAFYA;FR;non;477;Les fêtes, à nouveau;"Bonnes fêtes de fin d'année.

Aux équipes des laboratoires, des centres d'imagerie, des cliniques et des hôpitaux qui assureront la continuité pendant les fêtes : merci.

Aux patients qui voyagent : vos résultats publiés sur ROHAFYA vous suivent, où que vous alliez.

Aux établissements qui réfléchissent à la remise en ligne des résultats : janvier est un bon mois pour démarrer, quand l'activité reprend doucement. Nous sommes joignables par message pendant toute la période."
63;2027-12-23;Jeu;2;12:30;X;Compte X ROHAFYA;EN;non;196;Les fêtes, à nouveau;The holidays are near. Front desks close early and patients travel. A result published on 24 December can be read on 24 December, anywhere. Happy holidays to every health worker on duty. #Cameroon
63;2027-12-23;Jeu;2;18:00;X;Compte X personnel;FR;non;231;Les fêtes, à nouveau;Un résultat validé un jour férié est publié le jour même dans le compte ROHAFYA du patient. L'outil ne connaît ni jours fériés ni horaires. Vos équipes, elles, peuvent souffler. Bonnes fêtes à tous les soignants de garde. #Cameroun
64;2027-12-28;Mar;1;08:00;LinkedIn;Profil LinkedIn personnel;FR;non;737;Vœux 2028;"En janvier dernier, je proposais une résolution aux directeurs d'établissement : mesurer. Cette année, j'en propose une autre : expliquer.

Un outil numérique échoue rarement pour des raisons techniques. Il échoue parce que personne n'a expliqué aux patients à quoi il sert, ni aux équipes pourquoi on le met en place.

Une affiche à l'accueil. Une phrase de la caissière en remettant la facture. Un mot du biologiste au patient régulier. Ce sont ces gestes minuscules qui font l'adoption.

Je fournis les affiches et les phrases. Mais c'est la voix de l'établissement qui compte : un patient fait confiance à son laboratoire, pas à un logiciel.

Bonne année à toutes et à tous. Que 2028 vous apporte la santé, et un peu moins de papier."
64;2027-12-28;Mar;1;11:00;LinkedIn;Page LinkedIn ROHAFYA;FR;non;503;Vœux 2028;"Notre vœu pour 2028 : que le mot « enveloppe » disparaisse peu à peu du vocabulaire des accueils.

Un outil numérique échoue rarement pour des raisons techniques. Il échoue quand personne n'a expliqué aux patients à quoi il sert, ni aux équipes pourquoi on le met en place.

Une affiche à l'accueil. Une phrase de la caisse en remettant la facture. Un mot du biologiste au patient régulier. Ce sont ces gestes qui font l'adoption.

Bonne année à tous les patients, soignants et équipes d'établissements."
64;2027-12-28;Mar;1;12:30;X;Compte X ROHAFYA;FR;non;223;Vœux 2028;2028. Notre vœu tient en une ligne : que le mot « enveloppe » disparaisse peu à peu du vocabulaire des accueils. Bonne année aux patients, aux soignants et à tous ceux qui font tourner nos établissements de santé. #Cameroun
64;2027-12-28;Mar;1;18:00;X;Compte X personnel;FR;non;238;Vœux 2028;L'an dernier, ma résolution pour les directeurs était : mesurer. Cette année : expliquer. Un outil numérique échoue rarement pour des raisons techniques. Il échoue quand personne n'a expliqué aux patients à quoi il sert. Bonne année 2028.
64;2027-12-30;Jeu;2;08:00;LinkedIn;Profil LinkedIn personnel;FR;non;664;Vœux 2028;"Ce que je fournis à chaque établissement pour informer ses patients, parce que l'adoption commence par l'explication.

Une affiche pour l'accueil : « Vos résultats sur votre téléphone », avec les quatre étapes.

Un petit mode d'emploi à remettre avec la facture.

La phrase clé pour la caisse : « Avec le code en bas de votre facture, vous recevrez votre résultat directement sur votre téléphone, sans revenir. »

Mais une chose ne se fournit pas : la voix de l'établissement. Un patient fait confiance à son laboratoire, pas à un logiciel. C'est votre équipe qui fait la différence.

Bonne année 2028. Que l'année vous apporte la santé, et un peu moins de papier."
64;2027-12-30;Jeu;2;11:00;LinkedIn;Page LinkedIn ROHAFYA;FR;non;663;Vœux 2028;"Bonne année de la part de ROHAFYA.

Notre vœu pour 2028 : que le mot « enveloppe » s'efface peu à peu du vocabulaire des accueils au Cameroun.

Cette année, nous continuerons sur trois axes : atteindre davantage de régions, servir les cliniques et les réseaux d'établissements, et rendre la plateforme plus simple à expliquer aux patients.

Un outil numérique échoue rarement pour des raisons techniques. Il échoue quand personne n'explique à quoi il sert. C'est pourquoi chaque établissement partenaire reçoit des affiches, un court guide patient et les phrases clés pour l'accueil.

Aux patients, aux soignants et aux responsables d'établissement : bonne santé."
64;2027-12-30;Jeu;2;12:30;X;Compte X ROHAFYA;EN;non;238;Vœux 2028;Happy New Year from ROHAFYA. Our wish for 2028: that the word “envelope” slowly fades from front desks across Cameroon. Every partner facility gets posters, a patient guide and front-desk scripts, because adoption starts with explanation.
64;2027-12-30;Jeu;2;18:00;X;Compte X personnel;FR;non;223;Vœux 2028;Avec ROHAFYA, chaque établissement reçoit de quoi informer ses patients : une affiche, un mode d'emploi à remettre avec la facture, les phrases clés pour la caisse. Mais c'est la voix de l'établissement qui fait l'adoption.
65;2028-01-04;Mar;1;08:00;LinkedIn;Profil LinkedIn personnel;FR;oui;845;La feuille de route;"Je publie la feuille de route de ROHAFYA pour 2028. Je le fais parce qu'un établissement qui s'abonne a le droit de savoir où va le produit.

Premier chantier : l'anglais. ROHAFYA est aujourd'hui en français. Pour servir correctement le Nord-Ouest, le Sud-Ouest et les anglophones de toutes nos villes, l'interface doit exister dans les deux langues.

Deuxième chantier : l'import de comptes rendus PDF, pour les établissements dont le logiciel n'exporte rien. La fonction est développée ; elle sera ouverte quand le dictionnaire d'analyses aura été validé par des biologistes. Pas avant.

Troisième chantier : les réseaux, avec une vue d'ensemble pour les coordinations.

Ce que je ne promets pas : des dates. Je préfère livrer tard quelque chose de fiable que tôt quelque chose de fragile. Vos priorités peuvent changer l'ordre de cette liste."
65;2028-01-04;Mar;1;11:00;LinkedIn;Page LinkedIn ROHAFYA;FR;oui;499;La feuille de route;"Feuille de route 2028.

Un établissement qui s'abonne a le droit de savoir où va le produit. Voici nos trois chantiers.

L'anglais : pour servir correctement le Nord-Ouest, le Sud-Ouest et les anglophones de toutes nos villes, l'interface doit exister dans les deux langues.

L'import de comptes rendus PDF, pour les établissements dont le logiciel n'exporte rien.

Les outils pour les réseaux d'établissements.

Nous ne promettons pas de dates. Vos priorités peuvent changer l'ordre de cette liste."
65;2028-01-04;Mar;1;12:30;X;Compte X ROHAFYA;FR;oui;218;La feuille de route;Au programme de ROHAFYA en 2028 : l'interface en anglais, l'import de comptes rendus PDF pour les établissements sans export, et un meilleur accompagnement des réseaux. Dites-nous ce qui manque à cette liste. #Cameroun
65;2028-01-04;Mar;1;18:00;X;Compte X personnel;FR;oui;248;La feuille de route;Je publie la feuille de route de ROHAFYA pour 2028 : interface en anglais, import de comptes rendus PDF, outils pour les réseaux. Ce que je ne promets pas : des dates. Je préfère livrer tard quelque chose de fiable que tôt quelque chose de fragile.
65;2028-01-06;Jeu;2;08:00;LinkedIn;Profil LinkedIn personnel;FR;oui;671;La feuille de route;"Pourquoi l'import de comptes rendus PDF de ROHAFYA n'est pas encore ouvert, alors que la fonction est développée.

Parce qu'une valeur extraite d'un PDF doit être fiable, et que ma règle est stricte : une valeur fausse est pire qu'une valeur absente.

Un résultat de glycémie mal lu, un point décimal déplacé, une unité confondue : ce sont des erreurs qu'un patient peut prendre au sérieux.

C'est pourquoi deux garde-fous sont prévus. Le dictionnaire d'analyses doit d'abord être validé par des biologistes. Et chaque compte rendu importé devra être relu par l'établissement avant publication.

Je préfère ouvrir tard une fonction fiable que tôt une fonction dangereuse."
65;2028-01-06;Jeu;2;11:00;LinkedIn;Page LinkedIn ROHAFYA;FR;oui;492;La feuille de route;"Feuille de route 2028.

1. Interface en anglais, pour que les établissements et les patients anglophones utilisent ROHAFYA dans leur langue.

2. Import de comptes rendus PDF, avec relecture obligatoire par l'établissement avant publication, pour ceux dont le logiciel n'exporte pas de données.

3. Outils pour les réseaux d'établissements.

Cette liste est ouverte. Les établissements abonnés sont consultés avant chaque décision. Si vous voulez peser sur l'ordre des priorités, écrivez-nous."
65;2028-01-06;Jeu;2;12:30;X;Compte X ROHAFYA;EN;oui;200;La feuille de route;On ROHAFYA's 2028 roadmap: an English interface, PDF report import for facilities whose software cannot export, and better support for facility networks. Tell us what is missing. #Cameroon #HealthTech
65;2028-01-06;Jeu;2;18:00;X;Compte X personnel;FR;oui;218;La feuille de route;Pourquoi l'import PDF de ROHAFYA n'est pas encore ouvert : chaque valeur extraite doit être fiable. Ma règle : une valeur fausse est pire qu'une valeur absente. D'où une relecture humaine obligatoire avant publication.
66;2028-01-11;Mar;1;08:00;LinkedIn;Profil LinkedIn personnel;FR;non;828;Des données pas comme les autres;"Je consacre les prochaines semaines à un sujet qui ne fait pas rêver, mais qui décidera de la confiance dans la santé numérique chez nous : la protection des données.

Point de départ : toutes les données ne se valent pas. La loi camerounaise du 23 décembre 2024 range les données de santé parmi les données sensibles, avec les données biométriques ou génétiques. Leur traitement est encadré plus strictement que celui d'un simple fichier de clients.

Pour un laboratoire, cela veut dire qu'un résultat d'analyse ne se manipule pas comme un bon de commande. Il faut savoir qui y accède, pourquoi, et pouvoir le montrer.

Je ne suis pas juriste, et je renvoie toujours les établissements vers un conseil pour leur propre mise en conformité. Mon rôle est plus modeste : que l'outil que je fournis ne soit jamais le maillon faible."
66;2028-01-11;Mar;1;11:00;LinkedIn;Page LinkedIn ROHAFYA;FR;non;518;Des données pas comme les autres;"Toutes les données ne se valent pas.

Un numéro de téléphone est une donnée personnelle. Un résultat d'analyse est une donnée sensible.

La loi camerounaise du 23 décembre 2024 range les données de santé parmi les données sensibles, aux côtés des données biométriques ou génétiques. Leur traitement est encadré plus strictement.

Pour un laboratoire, cela veut dire savoir qui accède aux résultats, pourquoi, et pouvoir le montrer.

Dans les semaines qui viennent, nous détaillerons ce que cela implique, concrètement."
66;2028-01-11;Mar;1;12:30;X;Compte X ROHAFYA;FR;non;199;Des données pas comme les autres;Un numéro de téléphone est une donnée personnelle. Un résultat d'analyse est une donnée sensible. La loi camerounaise de 2024 fait la différence, et vos patients aussi. #DonnéesPersonnelles #Cameroun
66;2028-01-11;Mar;1;18:00;X;Compte X personnel;FR;non;256;Des données pas comme les autres;Je consacre les prochaines semaines à un sujet peu glamour mais décisif : la protection des données de santé. Point de départ : la loi camerounaise de 2024 range la santé parmi les données sensibles. Un résultat ne se manipule pas comme un bon de commande.
66;2028-01-13;Jeu;2;08:00;LinkedIn;Profil LinkedIn personnel;FR;non;686;Des données pas comme les autres;"Ce que la protection des données de santé implique pour un établissement, en cinq points que je résume sans jargon.

Savoir quelles données il détient, et où.
Limiter l'accès aux personnes qui en ont besoin.
Garder la trace des opérations sensibles.
Encadrer par contrat chaque prestataire qui touche à ces données.
Informer les patients et répondre à leurs demandes.

ROHAFYA apporte des réponses techniques à plusieurs de ces points : cloisonnement par établissement, connexion nominative, journal des opérations.

Mais je le redis : la mise en conformité d'ensemble reste l'affaire de chaque établissement, avec son conseil. Mon rôle est que l'outil ne soit jamais le maillon faible."
66;2028-01-13;Jeu;2;11:00;LinkedIn;Page LinkedIn ROHAFYA;FR;non;540;Des données pas comme les autres;"Données de santé : ce que cela implique pour un établissement.

Savoir quelles données il détient, et où.

Limiter l'accès aux personnes qui en ont besoin.

Garder la trace des opérations sensibles.

Encadrer par contrat chaque prestataire qui touche à ces données.

Informer les patients et répondre à leurs demandes.

ROHAFYA apporte des réponses techniques à plusieurs de ces points : cloisonnement, connexion nominative, journal des opérations. La mise en conformité d'ensemble reste l'affaire de chaque établissement, avec son conseil."
66;2028-01-13;Jeu;2;12:30;X;Compte X ROHAFYA;EN;non;173;Des données pas comme les autres;A phone number is personal data. A lab result is sensitive data. Cameroon's 2024 data protection law makes the difference, and so do your patients. #DataProtection #Cameroon
66;2028-01-13;Jeu;2;18:00;X;Compte X personnel;FR;non;242;Des données pas comme les autres;Dans ROHAFYA, l'accès à un résultat passe toujours par une connexion nominative : celle du patient, ou celle du médecin à qui il l'a partagé. Pas de lien public, pas de pièce jointe qui se transfère. C'est le minimum pour une donnée sensible.
67;2028-01-18;Mar;1;08:00;LinkedIn;Profil LinkedIn personnel;FR;non;815;Informer le patient;"La loi parle de consentement et d'information. Dans un accueil, cela se traduit par des choses très simples.

Le patient doit comprendre trois points. Pourquoi on lui demande son adresse e-mail : pour qu'il soit le seul à pouvoir ouvrir ses résultats. Qui voit ses résultats : lui, et le médecin avec qui il choisit de les partager. Ce qu'il peut faire s'il change d'avis : retirer l'établissement de son compte, ou continuer à venir chercher le papier.

Dans ROHAFYA, c'est le patient qui scanne le QR code et qui rattache lui-même son dossier. Ce geste volontaire est un bon point de départ, mais il ne dispense pas d'expliquer.

Mon conseil aux établissements : rédigez une note d'information d'une demi-page, affichez-la, et faites-la valider par votre conseil. C'est un petit effort qui évite de grands ennuis."
67;2028-01-18;Mar;1;11:00;LinkedIn;Page LinkedIn ROHAFYA;FR;non;516;Informer le patient;"Informer le patient avant de publier ses résultats en ligne.

Il doit comprendre trois points.

Pourquoi on lui demande son adresse e-mail : pour qu'il soit le seul à pouvoir ouvrir ses résultats.

Qui voit ses résultats : lui, et le médecin avec qui il choisit de les partager.

Ce qu'il peut faire s'il change d'avis : retirer l'établissement de son compte, ou continuer à venir chercher le papier.

Dans ROHAFYA, c'est le patient qui rattache lui-même son dossier. Ce geste volontaire ne dispense pas d'expliquer."
67;2028-01-18;Mar;1;12:30;X;Compte X ROHAFYA;FR;non;220;Informer le patient;Avant de publier un résultat en ligne, dites-le au patient : à quoi sert son e-mail, qui voit ses résultats, comment retirer son accès. Une affiche et une phrase suffisent. La confiance commence par là. #Cameroun #eSanté
67;2028-01-18;Mar;1;18:00;X;Compte X personnel;FR;non;244;Informer le patient;La loi parle d'information du patient. Dans un accueil, ça tient en trois points : pourquoi on demande son e-mail, qui voit ses résultats, et ce qu'il peut faire s'il change d'avis. Une affiche et une phrase suffisent. La confiance commence là.
67;2028-01-20;Jeu;2;08:00;LinkedIn;Profil LinkedIn personnel;FR;non;675;Informer le patient;"Trois supports d'information que je conseille à chaque établissement qui publie ses résultats en ligne.

Une affiche à l'accueil : « Vos résultats sont disponibles en ligne. Voici comment, et voici qui peut les voir. »

Une phrase à la caisse, en remettant la facture : « Le code en bas vous permet de recevoir vos résultats sur votre téléphone, si vous le souhaitez. »

Une note d'information plus complète, disponible sur demande.

Je fournis des modèles pour les trois. Mais je demande toujours qu'ils soient relus par le conseil juridique de l'établissement avant d'être affichés : ils engagent l'établissement, pas moi.

C'est un petit effort qui évite de grands ennuis."
67;2028-01-20;Jeu;2;11:00;LinkedIn;Page LinkedIn ROHAFYA;FR;non;524;Informer le patient;"Informer vos patients, concrètement.

Une affiche à l'accueil : « Vos résultats sont disponibles en ligne. Voici comment, et voici qui peut les voir. »

Une phrase à la caisse, en remettant la facture : « Le code en bas vous permet de recevoir vos résultats sur votre téléphone, si vous le souhaitez. »

Une note d'information plus complète, disponible sur demande.

Nous fournissons des modèles pour ces trois supports. Faites-les relire par votre conseil juridique avant de les afficher : ils engagent votre établissement."
67;2028-01-20;Jeu;2;12:30;X;Compte X ROHAFYA;EN;non;202;Informer le patient;Before publishing results online, tell the patient: what their email is for, who can see their results, and how to opt out. A poster and one sentence at the cashier's desk. Trust starts there. #Cameroon
67;2028-01-20;Jeu;2;18:00;X;Compte X personnel;FR;non;233;Informer le patient;Dans ROHAFYA, rien n'est rattaché à l'insu du patient : c'est lui qui scanne le QR code et confirme le rattachement. Et il peut retirer un établissement de son compte quand il veut. Le consentement, c'est d'abord un geste volontaire.
68;2028-01-25;Mar;1;08:00;LinkedIn;Profil LinkedIn personnel;FR;non;858;Protéger, c'est aussi savoir répondre;"À l'occasion de la Journée de la protection des données, je propose un exercice aux responsables d'établissement.

Imaginez qu'un patient se présente et pose quatre questions. Quelles informations avez-vous sur moi ? Qui y a eu accès ? Pouvez-vous corriger une erreur ? Pouvez-vous me retirer de votre système en ligne ?

Si vous savez répondre aux quatre, sans chercher pendant une semaine, vous êtes déjà en avance sur beaucoup.

Si vous ne savez pas, ce n'est pas une honte : presque personne n'a été préparé à ces questions. Mais elles viendront, parce que la loi donne désormais ces droits aux personnes.

Avec ROHAFYA, une partie des réponses est déjà là : la fiche du dossier, le journal des opérations, le retrait d'un rattachement. Le reste relève de l'organisation de l'établissement. Mieux vaut y réfléchir un jour calme qu'un jour de réclamation."
68;2028-01-25;Mar;1;11:00;LinkedIn;Page LinkedIn ROHAFYA;FR;non;509;Protéger, c'est aussi savoir répondre;"28 janvier, Journée de la protection des données.

Un test simple pour tout établissement de santé. Si un patient se présente demain et demande :

Quelles informations avez-vous sur moi ?
Qui y a eu accès ?
Pouvez-vous corriger une erreur ?
Pouvez-vous me retirer de votre système en ligne ?

Savez-vous répondre aux quatre, sans chercher pendant une semaine ?

Ces questions viendront, parce que la loi donne désormais ces droits aux personnes. Mieux vaut y réfléchir un jour calme qu'un jour de réclamation."
68;2028-01-25;Mar;1;12:30;X;Compte X ROHAFYA;FR;non;210;Protéger, c'est aussi savoir répondre;Vendredi 28 janvier, Journée de la protection des données. Un test simple pour tout établissement : si un patient demande demain qui a consulté son résultat, savez-vous répondre ? #DonnéesPersonnelles #Cameroun
68;2028-01-25;Mar;1;18:00;X;Compte X personnel;FR;non;241;Protéger, c'est aussi savoir répondre;Exercice pour la Journée de la protection des données : un patient vous demande quelles données vous avez sur lui, qui y a accédé, si vous pouvez corriger, si vous pouvez le retirer. Savez-vous répondre aux quatre sans chercher une semaine ?
68;2028-01-27;Jeu;2;08:00;LinkedIn;Profil LinkedIn personnel;FR;non;713;Protéger, c'est aussi savoir répondre;"Aux directeurs qui se demandent comment répondre aux quatre questions qu'un patient peut leur poser sur ses données : ROHAFYA fournit une partie des réponses.

« Quelles données avez-vous sur moi ? » La fiche du dossier dans l'espace d'administration.

« Qui y a eu accès ? » Le journal des opérations.

« Pouvez-vous corriger ? » La correction se fait dans votre logiciel, qui renvoie la donnée à jour à ROHAFYA.

« Pouvez-vous me retirer ? » Le retrait du rattachement, en un clic.

Le reste relève de l'organisation de l'établissement : qui reçoit la demande, dans quel délai, comment on la trace.

Je ne prétends pas faire ce travail à votre place. Je fais en sorte que l'outil ne vous complique pas la tâche."
68;2028-01-27;Jeu;2;11:00;LinkedIn;Page LinkedIn ROHAFYA;FR;non;672;Protéger, c'est aussi savoir répondre;"Journée de la protection des données, 28 janvier.

Un test simple pour tout établissement de santé. Si un patient entre demain et pose quatre questions, savez-vous répondre ?

Quelles données détenez-vous sur moi ? Qui y a eu accès ? Pouvez-vous corriger une erreur ? Pouvez-vous me retirer de votre système en ligne ?

La loi camerounaise sur la protection des données donne ces droits aux personnes. ROHAFYA aide pour une partie de la réponse : la fiche du dossier, le journal des opérations, et la possibilité de retirer le lien entre un dossier et un compte.

Le reste est une affaire d'organisation. Mieux vaut y réfléchir un jour calme que le jour d'une réclamation."
68;2028-01-27;Jeu;2;12:30;X;Compte X ROHAFYA;EN;non;238;Protéger, c'est aussi savoir répondre;Data Privacy Day test for any health facility: can you tell a patient what data you hold, who accessed it, whether you can correct it, and whether you can remove them? ROHAFYA's audit log and record view answer part of it. #DataPrivacyDay
68;2028-01-27;Jeu;2;18:00;X;Compte X personnel;FR;non;228;Protéger, c'est aussi savoir répondre;Quatre questions qu'un patient peut vous poser : quelles données avez-vous, qui y a accédé, pouvez-vous corriger, pouvez-vous me retirer ? Dans ROHAFYA, le dossier, le journal et le retrait de rattachement y répondent en partie.
69;2028-02-01;Mar;1;08:00;LinkedIn;Profil LinkedIn personnel;FR;non;819;Ne pas ajouter d'attente à l'attente;"Il y a des attentes qu'on ne peut pas raccourcir : le temps d'une analyse, d'une lecture, d'une validation. Elles font partie de la médecine.

Et il y a des attentes qui ne servent à rien : le compte rendu est prêt, signé, et il attend que quelqu'un vienne le prendre.

Pour une personne qui redoute un résultat, cette seconde attente est la plus injuste. Elle n'apporte rien, sinon de l'angoisse.

Je sais que la remise d'un résultat grave pose une vraie question : faut-il que le patient le lise seul sur son téléphone ? Chaque établissement doit en décider avec ses médecins, et certains choisiront de ne pas publier en ligne certains examens. ROHAFYA laisse ce choix : seul ce que l'établissement envoie est publié.

En cette semaine de la Journée mondiale contre le cancer, c'est la nuance que je voulais apporter."
69;2028-02-01;Mar;1;11:00;LinkedIn;Page LinkedIn ROHAFYA;FR;non;506;Ne pas ajouter d'attente à l'attente;"4 février, Journée mondiale contre le cancer.

Deux attentes ne se valent pas.

Celle de l'analyse, de la lecture, de la validation est nécessaire. Elle fait partie de la médecine.

Celle du trajet pour venir chercher un compte rendu déjà prêt ne l'est pas. Pour une personne qui redoute un résultat, elle n'apporte que de l'angoisse.

ROHAFYA supprime la seconde, pour les résultats que l'établissement choisit de publier.

Aux équipes d'oncologie, d'imagerie et de biologie : merci pour votre engagement."
69;2028-02-01;Mar;1;12:30;X;Compte X ROHAFYA;FR;non;217;Ne pas ajouter d'attente à l'attente;Vendredi 4 février, Journée mondiale contre le cancer. Quand on attend un compte rendu, chaque jour pèse. Le minimum qu'on doive aux patients : qu'un résultat prêt ne reste pas en attente d'un trajet. #Cameroun #Santé
69;2028-02-01;Mar;1;18:00;X;Compte X personnel;FR;non;249;Ne pas ajouter d'attente à l'attente;Il y a des attentes qu'on ne peut pas raccourcir : le temps d'une analyse, d'une lecture. Et des attentes qui ne servent à rien : un compte rendu prêt qui attend qu'on vienne le chercher. Pour qui redoute un résultat, la seconde est la plus injuste.
69;2028-02-03;Jeu;2;08:00;LinkedIn;Profil LinkedIn personnel;FR;non;593;Ne pas ajouter d'attente à l'attente;"Une question sérieuse qu'on me pose : faut-il qu'un patient lise seul, sur son téléphone, un résultat grave ?

Ma réponse : ce n'est pas à moi d'en décider. C'est à l'établissement et à ses médecins.

Dans ROHAFYA, seul ce que l'établissement envoie est publié. Certains examens peuvent rester hors ligne et être remis en consultation, avec le temps et les mots qu'il faut.

L'outil suit la politique médicale de l'établissement. Il ne l'impose pas.

Je préfère un outil qui laisse ce choix à ceux qui en ont la compétence, plutôt qu'un outil qui publie tout par défaut au nom de l'efficacité."
69;2028-02-03;Jeu;2;11:00;LinkedIn;Page LinkedIn ROHAFYA;FR;non;541;Ne pas ajouter d'attente à l'attente;"4 février, Journée mondiale contre le cancer.

Deux attentes ne se valent pas. Celle de l'analyse est nécessaire. Celle du trajet pour venir chercher un document déjà prêt ne l'est pas.

ROHAFYA supprime la seconde pour les résultats que l'établissement choisit de publier.

Et il respecte la première règle de la médecine : c'est l'équipe médicale qui décide comment un résultat sensible est annoncé. Rien n'est publié sans que l'établissement l'ait envoyé.

Aux équipes d'oncologie, d'imagerie et de biologie : merci pour votre engagement."
69;2028-02-03;Jeu;2;12:30;X;Compte X ROHAFYA;EN;non;195;Ne pas ajouter d'attente à l'attente;World Cancer Day is this week. When you are waiting for a report, every day weighs. The least we owe patients: a result that is ready should not be waiting for a trip across town. #WorldCancerDay
69;2028-02-03;Jeu;2;18:00;X;Compte X personnel;FR;non;236;Ne pas ajouter d'attente à l'attente;Avec ROHAFYA, l'établissement décide de ce qu'il publie. Certains examens peuvent rester hors ligne et être remis en consultation. L'outil suit la politique médicale de l'établissement, il ne l'impose pas. #JournéeMondialeContreLeCancer
70;2028-02-08;Mar;1;08:00;LinkedIn;Profil LinkedIn personnel;FR;non;844;Les métiers de la santé numérique;"On me demande parfois comment on « entre dans la e-santé ». Ma réponse déçoit ceux qui attendent un langage de programmation.

Le code est la partie la plus facile. Ce qui manque le plus, ce sont des gens qui comprennent à la fois un accueil d'hôpital et un écran.

Un technicien de laboratoire qui sait expliquer ce qu'est une valeur de référence. Une secrétaire médicale qui sait dire pourquoi un formulaire est mal conçu. Un juriste qui connaît la loi sur les données personnelles. Un commercial qui sait écouter un directeur pendant une heure sans sortir sa brochure.

En cette Fête de la Jeunesse, mon message aux étudiants : ne choisissez pas entre la santé et le numérique. Les deux ont besoin de traducteurs, et c'est un métier d'avenir chez nous.

Si vous cherchez un sujet de stage ou de mémoire dans ce domaine, ma porte est ouverte."
70;2028-02-08;Mar;1;11:00;LinkedIn;Page LinkedIn ROHAFYA;FR;non;497;Les métiers de la santé numérique;"11 février, Fête de la Jeunesse.

La santé numérique a besoin de développeurs. Elle a surtout besoin de traducteurs : des personnes qui comprennent à la fois un accueil d'hôpital et un écran.

Un technicien de laboratoire qui sait expliquer une valeur de référence. Une secrétaire médicale qui sait dire pourquoi un formulaire est mal conçu. Un juriste qui connaît la loi sur les données personnelles.

Aux étudiants : ne choisissez pas entre la santé et le numérique. Les deux ont besoin de vous."
70;2028-02-08;Mar;1;12:30;X;Compte X ROHAFYA;FR;non;232;Les métiers de la santé numérique;Vendredi 11 février, Fête de la Jeunesse. La santé numérique a besoin de développeurs, mais aussi de biologistes qui valident des dictionnaires, de juristes, de formateurs, de gens de terrain. Il y a de la place. #Cameroun #Jeunesse
70;2028-02-08;Mar;1;18:00;X;Compte X personnel;FR;non;236;Les métiers de la santé numérique;On me demande comment « entrer dans la e-santé ». Ma réponse déçoit : le code est la partie la plus facile. Ce qui manque, ce sont des gens qui comprennent à la fois un accueil d'hôpital et un écran. Bonne Fête de la Jeunesse. #Jeunesse
70;2028-02-10;Jeu;2;08:00;LinkedIn;Profil LinkedIn personnel;FR;non;663;Les métiers de la santé numérique;"Aux étudiants en biologie médicale, en imagerie, en informatique ou en droit qui me lisent : la démonstration de ROHAFYA est gratuite et ouverte.

Regardez comment un résultat est présenté au patient. Demandez-vous ce que vous feriez autrement. Les meilleures critiques que j'ai reçues venaient souvent de personnes qui ne connaissaient pas le produit.

Si vous préparez un mémoire ou cherchez un sujet de stage sur la santé numérique au Cameroun, écrivez-moi. Je réponds aux demandes d'entretien.

ROHAFYA est un projet camerounais, construit ici. J'aimerais que d'autres projets naissent, portés par votre génération, qui connaît nos usages mieux que quiconque."
70;2028-02-10;Jeu;2;11:00;LinkedIn;Page LinkedIn ROHAFYA;FR;non;553;Les métiers de la santé numérique;"Fête de la Jeunesse : la santé numérique recrute des profils variés.

Il faut des développeurs, bien sûr. Mais aussi des biologistes pour valider les référentiels d'analyses, des juristes pour la protection des données, des formateurs pour les équipes d'accueil, des personnes de terrain pour écouter les établissements.

ROHAFYA est un projet camerounais, construit ici. Si vous êtes étudiant ou jeune diplômé et que le sujet vous intéresse, écrivez-nous : nous répondons aux demandes d'entretien pour les mémoires et aux propositions de collaboration."
70;2028-02-10;Jeu;2;12:30;X;Compte X ROHAFYA;EN;non;199;Les métiers de la santé numérique;Youth Day, 11 February. Digital health needs developers, and also lab scientists, lawyers, trainers and people who know how a hospital front desk really works. There is room for all. #Cameroon #Youth
70;2028-02-10;Jeu;2;18:00;X;Compte X personnel;FR;non;247;Les métiers de la santé numérique;Étudiants en biologie, imagerie, informatique ou droit : la démo de ROHAFYA est ouverte. Regardez comment un résultat est présenté, et dites-moi ce que vous feriez autrement. Les meilleures critiques viennent souvent de là. [LIEN]
71;2028-02-15;Mar;1;08:00;LinkedIn;Profil LinkedIn personnel;FR;non;881;Qui est responsable de quoi;"Une question que les directeurs posent rarement, et qu'ils devraient poser à tous leurs fournisseurs : « En cas de problème avec les données, qui est responsable ? »

La loi distingue deux rôles. Le responsable du traitement décide pourquoi et comment les données sont utilisées : ici, l'établissement de santé. Le sous-traitant agit pour son compte et sur ses instructions : ici, ROHAFYA.

Cette distinction a des conséquences. L'établissement doit encadrer son sous-traitant par un contrat. Le sous-traitant doit protéger les données, n'en faire que ce qui est prévu, et prévenir en cas d'incident.

Je remets donc à chaque établissement un accord écrit sur ces points, en plus du contrat commercial. Si un fournisseur de logiciel de santé ne vous propose rien de tel, demandez-le-lui.

Ce n'est pas de la paperasse. C'est ce qui vous protège le jour où quelque chose tourne mal."
71;2028-02-15;Mar;1;11:00;LinkedIn;Page LinkedIn ROHAFYA;FR;non;527;Qui est responsable de quoi;"Qui est responsable de quoi ?

Quand un laboratoire utilise ROHAFYA, c'est lui qui décide ce qui est publié et pour qui : il est responsable du traitement.

ROHAFYA agit pour son compte et sur ses instructions : c'est un sous-traitant.

Cette distinction a des conséquences. L'établissement encadre son sous-traitant par un contrat. Le sous-traitant protège les données, n'en fait que ce qui est prévu, et prévient en cas d'incident.

Ce n'est pas de la paperasse. C'est ce qui vous protège le jour où quelque chose tourne mal."
71;2028-02-15;Mar;1;12:30;X;Compte X ROHAFYA;FR;non;243;Qui est responsable de quoi;Quand un laboratoire utilise ROHAFYA, c'est lui qui décide ce qui est publié et pour qui : il est responsable du traitement. ROHAFYA agit sur ses instructions, comme sous-traitant. Deux rôles, à écrire noir sur blanc dans un contrat. #Cameroun
71;2028-02-15;Mar;1;18:00;X;Compte X personnel;FR;non;254;Qui est responsable de quoi;Une question que les directeurs posent rarement à leurs fournisseurs : « En cas de problème avec les données, qui est responsable ? » La loi distingue le responsable du traitement (l'établissement) et le sous-traitant (ROHAFYA). À écrire dans un contrat.
71;2028-02-17;Jeu;2;08:00;LinkedIn;Profil LinkedIn personnel;FR;non;625;Qui est responsable de quoi;"Avec chaque établissement, je signe deux documents, et j'encourage toujours à les faire relire.

Le contrat de service : ce qui est fourni, à quel prix, avec quelle assistance.

L'accord sur les données : quelles données sont traitées, dans quel but, où elles sont hébergées, qui y accède, combien de temps elles sont gardées, comment un incident est notifié, et ce qui se passe à la fin du contrat.

Si un fournisseur de logiciel de santé ne vous propose pas un tel accord, demandez-le-lui.

Et faites relire par votre conseil. Un fournisseur sérieux n'a rien à craindre d'une relecture. S'il s'en inquiète, c'est un signal."
71;2028-02-17;Jeu;2;11:00;LinkedIn;Page LinkedIn ROHAFYA;FR;non;517;Qui est responsable de quoi;"Le contrat, pièce maîtresse de la confiance.

Avec chaque établissement, ROHAFYA signe deux documents.

Le contrat de service : ce qui est fourni, à quel prix, avec quelle assistance.

L'accord sur les données : les rôles de chacun, les données concernées, les mesures de protection, l'hébergement, la notification en cas d'incident, la restitution ou la suppression en fin de contrat.

Nous vous encourageons à faire relire ces documents par votre conseil. Un fournisseur sérieux n'a rien à craindre d'une relecture."
71;2028-02-17;Jeu;2;12:30;X;Compte X ROHAFYA;EN;non;200;Qui est responsable de quoi;When a lab uses ROHAFYA, the lab decides what is published and to whom: it is the data controller. ROHAFYA acts on its instructions, as a processor. Two roles, to be written into a contract. #Cameroon
71;2028-02-17;Jeu;2;18:00;X;Compte X personnel;FR;non;226;Qui est responsable de quoi;Ce que précise l'accord sur les données que je signe avec chaque établissement : quelles données, dans quel but, où elles sont hébergées, qui y accède, combien de temps elles sont gardées, et ce qui se passe en fin de contrat.
72;2028-02-22;Mar;1;08:00;LinkedIn;Profil LinkedIn personnel;FR;non;831;Et si quelque chose tourne mal;"Je me méfie des éditeurs qui disent « chez nous, c'est sécurisé ». Personne ne peut promettre zéro incident. Ce qu'on peut promettre, c'est une façon de réagir.

Voici la mienne, écrite avant d'en avoir besoin.

Si une clé d'accès est compromise : elle est renouvelée immédiatement, l'ancienne cesse de fonctionner dans la seconde, et le journal permet de voir ce qui a été fait avec.

Si un compte se comporte de façon anormale : il peut être désactivé sur-le-champ.

Si un incident touche les données d'un établissement : il est prévenu par moi, rapidement, avec les faits connus, ce qui est en cours et ce qui reste à établir.

La loi demande de notifier les violations de données. Mais je ne le ferais pas seulement parce que la loi le demande. Un établissement qui apprend un incident par la rumeur ne refait jamais confiance."
72;2028-02-22;Mar;1;11:00;LinkedIn;Page LinkedIn ROHAFYA;FR;non;537;Et si quelque chose tourne mal;"Aucun système n'est à l'abri d'un incident. Ce qui compte, c'est la suite.

Chez ROHAFYA, la réponse est écrite avant d'en avoir besoin.

Une clé d'accès compromise est renouvelée immédiatement, et l'ancienne cesse de fonctionner dans la seconde.

Un compte au comportement anormal peut être désactivé sur-le-champ.

Si un incident touche les données d'un établissement, il est prévenu par nous, rapidement, avec les faits connus et ce qui est en cours.

Un établissement qui apprend un incident par la rumeur ne refait jamais confiance."
72;2028-02-22;Mar;1;12:30;X;Compte X ROHAFYA;FR;non;228;Et si quelque chose tourne mal;Aucun système n'est à l'abri d'un incident. La vraie question : que se passe-t-il ensuite ? Chez ROHAFYA : on coupe l'accès concerné, on prévient l'établissement, on explique par écrit. Sans attendre que cela se sache. #Cameroun
72;2028-02-22;Mar;1;18:00;X;Compte X personnel;FR;non;228;Et si quelque chose tourne mal;Je me méfie des éditeurs qui disent « chez nous, c'est sécurisé ». Personne ne peut promettre zéro incident. Ce qu'on peut promettre, c'est une façon de réagir. La mienne est écrite avant d'en avoir besoin. Détails sur LinkedIn.
72;2028-02-24;Jeu;2;08:00;LinkedIn;Profil LinkedIn personnel;FR;non;715;Et si quelque chose tourne mal;"Trois réflexes prévus dans ROHAFYA en cas de doute. Je les partage pour que chaque établissement les connaisse avant d'en avoir besoin.

Renouveler la clé d'API : l'ancienne cesse aussitôt de fonctionner. Si un prestataire part ou qu'une clé a circulé, c'est la première chose à faire.

Désactiver un compte qui se comporte de façon anormale.

Consulter le journal pour savoir exactement ce qui s'est passé, et quand.

La loi camerounaise demande de notifier les violations de données. Mais je ne préviendrais pas un établissement seulement parce que la loi l'exige. Je le ferais parce que c'est la seule façon de garder sa confiance.

Votre prestataire informatique vous a-t-il déjà expliqué ses propres réflexes ?"
72;2028-02-24;Jeu;2;11:00;LinkedIn;Page LinkedIn ROHAFYA;FR;non;641;Et si quelque chose tourne mal;"Aucun système n'est à l'abri d'un incident. Ce qui compte, c'est ce qui se passe ensuite.

Chez ROHAFYA, la réponse est écrite avant d'en avoir besoin.

Si une clé d'API est exposée, elle est renouvelée sur-le-champ, et l'ancienne cesse aussitôt de fonctionner.

Si un compte se comporte de façon anormale, il peut être désactivé immédiatement.

Si un incident touche les données d'un établissement, celui-ci l'apprend d'abord de nous, avec les faits connus, ce qui est en cours et ce qui reste à établir.

La loi camerounaise impose de notifier les violations de données. Au-delà de la loi, c'est simplement ainsi que la confiance se garde."
72;2028-02-24;Jeu;2;12:30;X;Compte X ROHAFYA;EN;non;233;Et si quelque chose tourne mal;Three reflexes built into ROHAFYA when something looks wrong: rotate the API key (the old one stops working at once), disable the account, check the audit log to see exactly what happened. Ask your provider for theirs. #CyberSecurity
72;2028-02-24;Jeu;2;18:00;X;Compte X personnel;FR;non;228;Et si quelque chose tourne mal;Trois réflexes prévus dans ROHAFYA en cas de doute : renouveler la clé d'API (l'ancienne meurt aussitôt), désactiver un compte, consulter le journal pour savoir exactement ce qui s'est passé. Votre prestataire a-t-il les siens ?
73;2028-02-29;Mar;1;08:00;LinkedIn;Profil LinkedIn personnel;FR;non;826;Les droits du patient;"On conçoit souvent les logiciels de santé pour les établissements, puisque ce sont eux qui paient. Le patient vient après.

J'ai essayé de faire l'inverse sur un point : le contrôle. Dans ROHAFYA, c'est le patient qui tient les commandes de ce qui le concerne.

Il rattache lui-même son dossier, par un geste volontaire. Il décide de partager un résultat avec un médecin, et peut revenir sur cette décision. Il peut retirer un établissement de son compte : les résultats de cet établissement disparaissent alors de son compte, sans que rien ne soit effacé chez l'établissement.

Ces droits ne sont pas des options cachées. Ils sont dans le menu, à portée de main.

Cela me vaut parfois une remarque : « Et si le patient retire tout ? » Eh bien, il en a le droit. Un service qu'on garde par contrainte n'est pas un bon service."
73;2028-02-29;Mar;1;11:00;LinkedIn;Page LinkedIn ROHAFYA;FR;non;496;Les droits du patient;"Dans ROHAFYA, le patient garde la main.

Il rattache lui-même son dossier, par un geste volontaire.
Il choisit le médecin avec qui il partage un résultat, et peut revenir sur cette décision.
Il peut retirer un établissement de son compte : les résultats de cet établissement disparaissent de son compte, sans que rien ne soit effacé chez l'établissement.

Ces droits ne sont pas des options cachées. Ils sont dans le menu, à portée de main.

Pour un établissement, c'est un argument de confiance."
73;2028-02-29;Mar;1;12:30;X;Compte X ROHAFYA;FR;non;229;Les droits du patient;Dans ROHAFYA, le patient garde la main : il rattache lui-même son dossier, choisit le médecin avec qui il partage, modifie ou retire ce partage, et peut retirer un établissement de son compte. C'est son dossier. #Cameroun #eSanté
73;2028-02-29;Mar;1;18:00;X;Compte X personnel;FR;non;244;Les droits du patient;On conçoit souvent les logiciels de santé pour les établissements, puisque ce sont eux qui paient. Sur un point, j'ai fait l'inverse : le contrôle. Dans ROHAFYA, c'est le patient qui tient les commandes de ce qui le concerne. C'est son dossier.
73;2028-03-02;Jeu;2;08:00;LinkedIn;Profil LinkedIn personnel;FR;non;637;Les droits du patient;"On me fait parfois une remarque inquiète : « Et si le patient retire tout de son compte ? »

Eh bien, il en a le droit.

Dans son compte ROHAFYA, la rubrique « Mes établissements » liste les établissements rattachés, avec leur état, rattaché ou en attente. Un bouton pour en ajouter un par son code court. Un bouton pour en retirer un.

Le patient peut aussi partager un résultat avec un médecin, puis retirer ce partage. Et mettre à jour ses informations personnelles.

Je crois qu'un service qu'on garde par contrainte n'est pas un bon service. Un patient qui sait qu'il peut partir à tout moment est un patient qui reste en confiance."
73;2028-03-02;Jeu;2;11:00;LinkedIn;Page LinkedIn ROHAFYA;FR;non;483;Les droits du patient;"Ce que le patient peut faire dans son compte ROHAFYA.

Rattacher un dossier, en scannant un QR code ou en saisissant un code court.

Consulter ses résultats et ses factures, établissement par établissement.

Partager un résultat avec un médecin, modifier ou retirer ce partage.

Retirer un établissement de son compte.

Mettre à jour ses informations personnelles.

Pour un établissement, proposer un outil qui respecte ces droits est un argument de confiance auprès de ses patients."
73;2028-03-02;Jeu;2;12:30;X;Compte X ROHAFYA;EN;non;209;Les droits du patient;In ROHAFYA, the patient stays in control: they link their own record, choose which doctor to share with, edit or withdraw that share, and can remove a facility from their account. It is their record. #Cameroon
73;2028-03-02;Jeu;2;18:00;X;Compte X personnel;FR;non;233;Les droits du patient;« Mes établissements », dans le compte ROHAFYA du patient : la liste des établissements rattachés, leur état, un bouton pour en ajouter un, un bouton pour en retirer un. Un service qu'on garde par contrainte n'est pas un bon service.
74;2028-03-07;Mar;1;08:00;LinkedIn;Profil LinkedIn personnel;FR;non;826;Du temps rendu;"L'an dernier, le 8 mars, je parlais de celles qui font tourner les établissements sans figurer sur les organigrammes. Cette année, je veux parler de ce qu'on leur doit : du temps.

Dans beaucoup d'établissements, une part de la journée de l'accueil part dans des tâches que personne n'a choisies : chercher une enveloppe, rappeler un patient, recopier un numéro.

Ce temps-là n'est pas du soin, ni de l'écoute. C'est de la friction.

Quand un établissement adopte la remise en ligne des résultats, la question à se poser n'est pas « combien de postes peut-on supprimer ? ». C'est « que fait-on du temps rendu ? ». Mieux accueillir. Mieux expliquer. Rentrer chez soi à l'heure.

Cette semaine marque aussi la Journée mondiale du rein. Les bilans rénaux se répètent et se comparent : une raison de plus de ne pas les éparpiller."
74;2028-03-07;Mar;1;11:00;LinkedIn;Page LinkedIn ROHAFYA;FR;non;517;Du temps rendu;"8 mars, Journée internationale des droits des femmes.

Dans beaucoup d'établissements, une part de la journée de l'accueil part dans des tâches que personne n'a choisies : chercher une enveloppe, rappeler un patient, recopier un numéro.

Ce n'est ni du soin, ni de l'écoute. C'est de la friction.

Quand un établissement adopte la remise en ligne des résultats, la bonne question n'est pas « combien de postes ? ». C'est « que fait-on du temps rendu ? ». Mieux accueillir. Mieux expliquer. Rentrer chez soi à l'heure."
74;2028-03-07;Mar;1;12:30;X;Compte X ROHAFYA;FR;non;236;Du temps rendu;Mercredi 8 mars. Demandez aux femmes qui tiennent les accueils et les laboratoires ce qu'elles feraient d'une heure de plus par jour. Un bon outil se juge à cette heure-là. Cette semaine aussi : Journée mondiale du rein (9 mars). #8Mars
74;2028-03-07;Mar;1;18:00;X;Compte X personnel;FR;non;232;Du temps rendu;L'an dernier, le 8 mars, je parlais de celles qui font tourner nos établissements. Cette année, de ce qu'on leur doit : du temps. La question n'est pas « combien de postes supprimer ? », mais « que fait-on du temps rendu ? ». #8Mars
74;2028-03-09;Jeu;2;08:00;LinkedIn;Profil LinkedIn personnel;FR;non;656;Du temps rendu;"Un indicateur que je demande à chaque établissement de suivre après la mise en service de ROHAFYA : le nombre d'appels quotidiens à l'accueil pour savoir si un résultat est prêt.

C'est l'indicateur le plus simple, et celui qui parle le plus aux équipes. S'il baisse, c'est du temps rendu, concrètement, aux personnes qui décrochent le téléphone.

J'en ai fait un engagement : chaque fonction de ROHAFYA doit retirer plus de travail qu'elle n'en ajoute. Si ce n'est pas le cas chez vous, je veux le savoir.

Cette semaine, c'est aussi la Journée mondiale du rein. Les bilans rénaux se répètent et se comparent : une raison de plus de ne pas les éparpiller."
74;2028-03-09;Jeu;2;11:00;LinkedIn;Page LinkedIn ROHAFYA;FR;non;509;Du temps rendu;"Journée internationale des droits des femmes.

Dans les accueils et les laboratoires du Cameroun, les femmes sont majoritaires, et leur charge de travail est rarement mesurée.

ROHAFYA s'engage sur un principe : chaque fonction doit retirer plus de travail qu'elle n'en ajoute.

Moins d'enveloppes à préparer, moins d'appels à prendre, moins de recherches dans les archives.

À toutes les professionnelles de santé : bonne journée du 8 mars. Et si l'outil ne tient pas cette promesse chez vous, dites-le-nous."
74;2028-03-09;Jeu;2;12:30;X;Compte X ROHAFYA;EN;non;183;Du temps rendu;8 March. Ask the women who run front desks and labs what they would do with one more hour a day. A good tool is measured by that hour. Also this week: World Kidney Day. #IWD #Cameroon
74;2028-03-09;Jeu;2;18:00;X;Compte X personnel;FR;non;225;Du temps rendu;Un indicateur simple à suivre après la mise en service de ROHAFYA : les appels quotidiens à l'accueil pour savoir si un résultat est prêt. S'il baisse, c'est du temps rendu à l'équipe. Bonne journée du 8 mars à toutes. #8Mars
75;2028-03-14;Mar;1;08:00;LinkedIn;Profil LinkedIn personnel;FR;non;817;Vos données restent chez vous;"Une crainte légitime avant de s'abonner à un service en ligne : « Et si je veux partir ? Et si le fournisseur disparaît ? »

Pour ROHAFYA, la réponse tient à l'architecture. Vos résultats naissent dans votre logiciel de laboratoire ou de gestion. Ils y restent. ROHAFYA n'en reçoit qu'une copie, pour une seule tâche : la remettre au patient.

Vous ne dépendez donc pas de ROHAFYA pour travailler. Si le service s'arrête, vous continuez à produire, valider et imprimer vos résultats comme avant.

Et si vous décidez de partir, votre espace peut être supprimé : données reçues, rattachements, QR codes. Les comptes des patients, eux, leur appartiennent et restent les leurs.

Je préfère qu'un établissement reste parce qu'il y trouve son compte, pas parce qu'il est prisonnier. La réversibilité fait partie du contrat."
75;2028-03-14;Mar;1;11:00;LinkedIn;Page LinkedIn ROHAFYA;FR;non;461;Vos données restent chez vous;"Vos données restent chez vous.

Vos résultats naissent dans votre logiciel de laboratoire ou de gestion. Ils y restent.

ROHAFYA n'en reçoit qu'une copie, pour une seule tâche : la remettre au patient.

Vous ne dépendez donc pas de ROHAFYA pour travailler. Si le service s'arrête, vous continuez à produire, valider et imprimer vos résultats comme avant.

Nous préférons qu'un établissement reste parce qu'il y trouve son compte, pas parce qu'il est prisonnier."
75;2028-03-14;Mar;1;12:30;X;Compte X ROHAFYA;FR;non;227;Vos données restent chez vous;Ce que vous envoyez à ROHAFYA vient de votre logiciel, et y reste. ROHAFYA en reçoit une copie pour la remettre au patient. Si vous arrêtez demain, vous n'avez rien perdu : vos données sont toujours chez vous. #Cameroun #eSanté
75;2028-03-14;Mar;1;18:00;X;Compte X personnel;FR;non;258;Vos données restent chez vous;Une crainte légitime avant de s'abonner : « Et si je veux partir ? Et si le fournisseur disparaît ? » Avec ROHAFYA, vos résultats naissent dans votre logiciel et y restent. Vous ne dépendez pas de moi pour travailler. La réversibilité fait partie du contrat.
75;2028-03-16;Jeu;2;08:00;LinkedIn;Profil LinkedIn personnel;FR;non;711;Vos données restent chez vous;"Ce qui se passe, concrètement, si un établissement décide de quitter ROHAFYA. Je le détaille parce qu'on me le demande rarement, et qu'on devrait.

Vos données d'origine sont dans votre logiciel. Elles n'en ont jamais bougé.

ROHAFYA détient une copie des résultats et factures que vous avez choisi de publier. À la fin du contrat, cette copie est supprimée, avec les rattachements et les QR codes de votre établissement. La suppression est inscrite au journal.

Les comptes des patients, eux, leur appartiennent et restent les leurs.

Aucun engagement de durée ne vous retient au-delà de la période payée.

Un fournisseur qui rend le départ facile est un fournisseur qui compte sur la qualité pour vous garder."
75;2028-03-16;Jeu;2;11:00;LinkedIn;Page LinkedIn ROHAFYA;FR;non;503;Vos données restent chez vous;"Réversibilité : ce qui se passe si vous arrêtez.

Vos données d'origine sont dans votre logiciel. Elles n'en ont jamais bougé.

ROHAFYA détient une copie des résultats et factures que vous avez choisi de publier.

À la fin du contrat, cette copie est supprimée, avec les rattachements et les QR codes de votre établissement.

Les comptes des patients restent les leurs.

Ces points figurent dans l'accord que nous signons avec vous. Aucun engagement de durée ne vous retient au-delà de la période payée."
75;2028-03-16;Jeu;2;12:30;X;Compte X ROHAFYA;EN;non;207;Vos données restent chez vous;What you send to ROHAFYA comes from your own software, and stays there. ROHAFYA receives a copy to deliver to the patient. If you leave tomorrow, you have lost nothing: your data is still with you. #Cameroon
75;2028-03-16;Jeu;2;18:00;X;Compte X personnel;FR;non;248;Vos données restent chez vous;Si un établissement quitte ROHAFYA, son espace est supprimé : données reçues, rattachements, QR codes. La suppression est inscrite au journal. Les patients gardent leur compte, qui leur appartient. Je préfère retenir par la qualité que par contrat.
76;2028-03-21;Mar;1;08:00;LinkedIn;Profil LinkedIn personnel;FR;non;763;Le suivi, une affaire de continuité;"Les maladies qui demandent un traitement long ont un ennemi commun : l'usure. Le patient se lasse des trajets, des attentes, des contrôles. Un jour, il ne revient pas.

Les programmes de santé le savent et se battent pour garder le lien.

Je n'ai aucune compétence médicale sur ces sujets. J'observe seulement, de ma place, qu'une partie de cette usure tient à la logistique : venir pour un prélèvement, revenir pour le résultat, revenir pour la consultation.

Chaque trajet supprimé est une occasion de moins de décrocher.

En cette semaine de lutte contre la tuberculose, c'est tout ce que je peux apporter : l'idée que la simplicité du circuit est, elle aussi, une forme de soin. Aux équipes de terrain qui accompagnent ces patients pendant des mois : respect."
76;2028-03-21;Mar;1;11:00;LinkedIn;Page LinkedIn ROHAFYA;FR;non;458;Le suivi, une affaire de continuité;"24 mars, Journée mondiale de lutte contre la tuberculose.

Un traitement long se gagne par la régularité : des contrôles répétés, des résultats qui arrivent, un patient qui ne décroche pas.

Une partie de ce qui use les patients tient à la logistique : venir pour le prélèvement, revenir pour le résultat, revenir pour la consultation.

ROHAFYA supprime le trajet du résultat.

Aux équipes de terrain qui accompagnent ces patients pendant des mois : respect."
76;2028-03-21;Mar;1;12:30;X;Compte X ROHAFYA;FR;non;214;Le suivi, une affaire de continuité;Vendredi 24 mars, Journée mondiale de lutte contre la tuberculose. Un traitement long se gagne par la régularité : des contrôles répétés, des résultats qui arrivent, un patient qui ne décroche pas. #Cameroun #Santé
76;2028-03-21;Mar;1;18:00;X;Compte X personnel;FR;non;259;Le suivi, une affaire de continuité;Les traitements longs ont un ennemi commun : l'usure. Le patient se lasse des trajets, et un jour il ne revient pas. Je n'ai aucune compétence médicale, mais je vois qu'une part de cette usure est logistique. Chaque trajet supprimé compte. #JournéeTuberculose
76;2028-03-23;Jeu;2;08:00;LinkedIn;Profil LinkedIn personnel;FR;non;633;Le suivi, une affaire de continuité;"Une chose que j'aime montrer dans ROHAFYA aux équipes qui suivent des patients au long cours : la série.

Dans le compte du patient, les contrôles successifs se rangent par date. Le patient voit qu'il avance dans son suivi. Le médecin retrouve la série sans demander les anciennes feuilles.

Ce n'est pas un outil médical. C'est un outil de continuité.

Pour un patient qui suit un traitement de plusieurs mois, voir ses contrôles s'accumuler a aussi une valeur symbolique : le chemin parcouru est visible.

Je n'en tire aucune conclusion médicale. J'observe seulement que la simplicité du circuit est, elle aussi, une forme de soin."
76;2028-03-23;Jeu;2;11:00;LinkedIn;Page LinkedIn ROHAFYA;FR;non;644;Le suivi, une affaire de continuité;"Journée mondiale de lutte contre la tuberculose, 24 mars.

Les traitements longs se gagnent par la régularité : des contrôles répétés, des résultats qui arrivent, des patients qui restent engagés.

Une partie de ce qui use les patients tient à la logistique : un trajet pour le prélèvement, un autre pour le résultat, un autre pour la consultation.

ROHAFYA supprime le trajet du résultat. Les contrôles de suivi apparaissent dans le compte du patient, par ordre de date, prêts à être montrés au médecin.

C'est une contribution modeste à côté du travail des équipes de terrain qui accompagnent ces patients pendant des mois. À elles : respect."
76;2028-03-23;Jeu;2;12:30;X;Compte X ROHAFYA;EN;non;249;Le suivi, une affaire de continuité;World TB Day. Long treatments are won through consistency. ROHAFYA removes one trip: follow-up results appear in the patient's account in date order, ready to show the doctor. Respect to the field teams who walk with patients for months. #WorldTBDay
76;2028-03-23;Jeu;2;18:00;X;Compte X personnel;FR;non;252;Le suivi, une affaire de continuité;Dans le compte ROHAFYA du patient, les contrôles successifs se rangent par date. Il voit qu'il avance dans son suivi, et le médecin retrouve la série sans demander les anciennes feuilles. Un outil de continuité, pas de médecine. [LIEN]
77;2028-03-28;Mar;1;08:00;LinkedIn;Profil LinkedIn personnel;FR;non;836;Ce que ROHAFYA ne fait pas;"Je refuse régulièrement des demandes, et je crois que c'est sain.

« Pouvez-vous ajouter la prise de rendez-vous ? » « Et la téléconsultation ? » « Et la gestion du stock de réactifs ? » Chaque demande est légitime. Chacune est un autre métier.

ROHAFYA fait une chose : remettre au patient ses résultats et ses factures, depuis n'importe quel établissement, et lui permettre de les partager avec son médecin.

Il ne remplace pas le logiciel du laboratoire. Il ne pose aucun diagnostic. Il ne stocke pas les images de radiologie. Il n'envoie pas de SMS.

Je préfère le dire avant la signature qu'après. Un établissement déçu par une promesse floue ne recommande personne. Un établissement qui a eu exactement ce qu'on lui avait annoncé en parle autour de lui.

Faire peu et le faire bien : c'est une stratégie, pas un manque d'ambition."
77;2028-03-28;Mar;1;11:00;LinkedIn;Page LinkedIn ROHAFYA;FR;non;555;Ce que ROHAFYA ne fait pas;"Ce que ROHAFYA ne fait pas, et pourquoi nous le disons.

ROHAFYA ne fait pas de téléconsultation. Il ne prend pas de rendez-vous. Il ne remplace pas votre logiciel de laboratoire. Il ne stocke pas les images de radiologie. Il n'interprète aucun résultat.

Il fait une chose : remettre au patient ses résultats et ses factures, depuis n'importe quel établissement, et lui permettre de les partager avec son médecin.

Nous préférons le dire avant la signature qu'après. Un établissement qui a eu exactement ce qu'on lui avait annoncé en parle autour de lui."
77;2028-03-28;Mar;1;12:30;X;Compte X ROHAFYA;FR;non;229;Ce que ROHAFYA ne fait pas;Soyons clairs. ROHAFYA ne fait pas de téléconsultation, ne prend pas de rendez-vous, ne remplace pas votre logiciel de laboratoire et n'interprète aucun résultat. Il remet les résultats et les factures. Il le fait bien. #Cameroun
77;2028-03-28;Mar;1;18:00;X;Compte X personnel;FR;non;238;Ce que ROHAFYA ne fait pas;Je refuse régulièrement des demandes. Rendez-vous ? Téléconsultation ? Gestion des réactifs ? Chacune est légitime, chacune est un autre métier. ROHAFYA remet les résultats et les factures. Faire peu et le faire bien, c'est une stratégie.
77;2028-03-30;Jeu;2;08:00;LinkedIn;Profil LinkedIn personnel;FR;non;604;Ce que ROHAFYA ne fait pas;"Je présente souvent ROHAFYA comme « le dernier mètre » du résultat.

Votre logiciel produit et valide les résultats. Votre système d'imagerie garde les images. Votre caisse émet les factures.

ROHAFYA se charge de ce qui reste : remettre le résultat au patient, puis, s'il le décide, au médecin. Avec le rattachement par QR code, l'administration par établissement et le journal des opérations.

Ce positionnement est volontaire. Il me permet de ne rien remplacer, donc de ne rien casser.

Si vous cherchez un outil pour un autre besoin, je vous le dirai franchement, et je vous orienterai si je le peux."
77;2028-03-30;Jeu;2;11:00;LinkedIn;Page LinkedIn ROHAFYA;FR;non;540;Ce que ROHAFYA ne fait pas;"Ce que ROHAFYA fait, et ce qu'il ne fait pas.

Il fait : la remise en ligne des résultats de laboratoire, d'imagerie et d'exploration, et des factures ; le rattachement par QR code ; le partage avec un médecin ; l'administration par établissement ; le journal des opérations.

Il ne fait pas : la téléconsultation, la prise de rendez-vous, la gestion du laboratoire, l'archivage des images, l'interprétation médicale.

Si vous cherchez un outil pour ces besoins, nous vous le dirons franchement, et nous vous orienterons si nous le pouvons."
77;2028-03-30;Jeu;2;12:30;X;Compte X ROHAFYA;EN;non;204;Ce que ROHAFYA ne fait pas;To be clear: ROHAFYA does not do teleconsultation, book appointments, replace your lab software or interpret results. It delivers results and invoices to patients. It does that well. #Cameroon #HealthTech
77;2028-03-30;Jeu;2;18:00;X;Compte X personnel;FR;non;240;Ce que ROHAFYA ne fait pas;ROHAFYA complète ce que vous avez déjà. Votre logiciel produit les résultats, votre système d'imagerie garde les images. ROHAFYA se charge du dernier mètre : remettre le résultat au patient, puis au médecin. Rien à remplacer, rien à casser.
78;2028-04-04;Mar;1;08:00;LinkedIn;Profil LinkedIn personnel;FR;oui;609;Dix-huit mois;"Dix-huit mois. Le point, comme promis, avec les chiffres.

Établissements utilisateurs : [NOMBRE], dans [NOMBRE] villes. Patients rattachés : [NOMBRE]. Résultats publiés : [NOMBRE].

Le changement le plus important depuis le dernier bilan : [VOTRE CONSTAT].

L'erreur que je ne referais pas : [VOTRE LEÇON].

Ce que les établissements me demandent le plus aujourd'hui : [LEUR DEMANDE].

En cette Journée mondiale de la santé, je mesure le chemin. Il est plus lent que je ne l'espérais, et plus solide que je ne le craignais.

Aux établissements qui nous font confiance : merci. Aux autres : venez leur parler."
78;2028-04-04;Mar;1;11:00;LinkedIn;Page LinkedIn ROHAFYA;FR;oui;389;Dix-huit mois;"ROHAFYA a dix-huit mois.

Établissements utilisateurs : [NOMBRE], dans [NOMBRE] villes.
Patients rattachés : [NOMBRE].
Résultats publiés : [NOMBRE].

Le changement le plus important depuis le dernier bilan : [VOTRE CONSTAT].

Ce que les établissements nous demandent le plus aujourd'hui : [LEUR DEMANDE].

Aux établissements qui nous font confiance : merci. Aux autres : venez leur parler."
78;2028-04-04;Mar;1;12:30;X;Compte X ROHAFYA;FR;oui;215;Dix-huit mois;Cette semaine, Journée mondiale de la santé (7 avril). Dix-huit mois de ROHAFYA, et une certitude renforcée : la confiance se gagne établissement par établissement, résultat après résultat. #JournéeMondialeDeLaSanté
78;2028-04-04;Mar;1;18:00;X;Compte X personnel;FR;oui;229;Dix-huit mois;Dix-huit mois de ROHAFYA. Établissements utilisateurs : [NOMBRE], dans [NOMBRE] villes. Patients rattachés : [NOMBRE]. L'erreur que je ne referais pas : [VOTRE LEÇON]. Plus lent que je l'espérais, plus solide que je le craignais.
78;2028-04-06;Jeu;2;08:00;LinkedIn;Profil LinkedIn personnel;FR;non;628;Dix-huit mois;"Journée mondiale de la santé, le 7 avril.

Un système de santé se renforce par de grands programmes. Il se renforce aussi par des améliorations modestes, répétées partout : un résultat qui arrive, un examen qu'on ne refait pas, un patient qui n'a pas à revenir.

C'est à cette échelle que je travaille avec ROHAFYA, établissement par établissement.

Ma proposition n'a pas changé depuis le premier jour : 60 jours d'essai accompagné, un bilan chiffré, aucune obligation à la sortie. Les établissements décident sur leurs propres résultats.

Aux professionnels de santé du Cameroun : bonne Journée mondiale de la santé, et merci."
78;2028-04-06;Jeu;2;11:00;LinkedIn;Page LinkedIn ROHAFYA;FR;non;477;Dix-huit mois;"Journée mondiale de la santé, 7 avril.

Un système de santé se renforce par de grands programmes, et aussi par des améliorations modestes, répétées partout : un résultat qui arrive, un examen qu'on ne refait pas, un patient qui n'a pas à revenir.

C'est à cette échelle que ROHAFYA travaille, avec les laboratoires, les centres d'imagerie, les cliniques et les hôpitaux qui le souhaitent.

Aux professionnels de santé du Cameroun : bonne journée mondiale de la santé, et merci."
78;2028-04-06;Jeu;2;12:30;X;Compte X ROHAFYA;EN;non;180;Dix-huit mois;World Health Day is this week. Eighteen months of ROHAFYA, and one conviction confirmed: trust is earned one facility at a time, one result after another. #WorldHealthDay #Cameroon
78;2028-04-06;Jeu;2;18:00;X;Compte X personnel;FR;non;215;Dix-huit mois;Ma proposition n'a pas changé depuis le premier jour : 60 jours d'essai accompagné, un bilan chiffré, aucune obligation à la sortie. Les établissements décident sur leurs propres résultats. #JournéeMondialeDeLaSanté
79;2028-04-11;Mar;1;08:00;LinkedIn;Profil LinkedIn personnel;FR;oui;784;Les comptes rendus PDF;"Beaucoup de laboratoires me disent : « Notre logiciel n'exporte rien. Il imprime, c'est tout. » Pour eux, j'ai travaillé sur une autre porte d'entrée : le compte rendu PDF.

Le principe : l'établissement dépose le PDF. ROHAFYA y repère les analyses, les valeurs, les unités et les normes. Puis une personne de l'établissement relit, le PDF d'origine d'un côté, les valeurs extraites de l'autre, corrige si besoin, et publie.

J'insiste sur la relecture, parce que c'est le cœur du dispositif. Aucune valeur n'est publiée automatiquement. Si le système a un doute, une ligne qu'il ne reconnaît pas ou une valeur improbable, il le signale et attend.

C'est plus lent qu'une publication automatique. C'est voulu. En santé, je préfère une minute de relecture à une erreur chez un patient."
79;2028-04-11;Mar;1;11:00;LinkedIn;Page LinkedIn ROHAFYA;FR;oui;536;Les comptes rendus PDF;"Votre logiciel ne produit que des PDF ? ROHAFYA sait les lire.

Beaucoup de laboratoires utilisent un logiciel qui imprime, sans rien exporter. Pour eux, une autre porte d'entrée : le compte rendu PDF.

L'établissement dépose le PDF. ROHAFYA y repère les analyses, les valeurs, les unités et les normes. Puis une personne de l'établissement relit, le PDF d'origine d'un côté, les valeurs extraites de l'autre, corrige si besoin, et publie.

Aucune valeur n'est publiée automatiquement. Au moindre doute, le système le signale et attend."
79;2028-04-11;Mar;1;12:30;X;Compte X ROHAFYA;FR;oui;228;Les comptes rendus PDF;Votre logiciel ne sait produire que des PDF ? ROHAFYA sait les lire : il en extrait les valeurs, votre équipe les relit à côté du document d'origine, puis publie. Rien ne part chez le patient sans relecture humaine. #Laboratoire
79;2028-04-11;Mar;1;18:00;X;Compte X personnel;FR;oui;237;Les comptes rendus PDF;« Notre logiciel n'exporte rien, il imprime, c'est tout. » Pour ces laboratoires, j'ai travaillé une autre porte d'entrée : le compte rendu PDF. ROHAFYA en extrait les valeurs, l'équipe relit, puis publie. Aucune publication automatique.
79;2028-04-13;Jeu;2;08:00;LinkedIn;Profil LinkedIn personnel;FR;oui;633;Les comptes rendus PDF;"Je veux décrire précisément l'import PDF de ROHAFYA, parce que la relecture en est le cœur.

Premier temps : l'établissement dépose le compte rendu, fichier PDF ou document scanné.

Deuxième temps : ROHAFYA en extrait les analyses, valeurs, unités et normes, et liste tout point douteux.

Troisième temps : l'équipe relit, le PDF d'origine affiché à côté, corrige si nécessaire, puis publie. Le document d'origine est conservé.

C'est plus lent qu'une publication automatique. C'est voulu.

En santé, je préfère une minute de relecture à une erreur chez un patient. Un nombre de fichiers par période est prévu dans chaque abonnement."
79;2028-04-13;Jeu;2;11:00;LinkedIn;Page LinkedIn ROHAFYA;FR;oui;525;Les comptes rendus PDF;"Pour les établissements dont le logiciel n'exporte pas de données : l'import de comptes rendus PDF.

1. Vous déposez le compte rendu, fichier PDF ou document scanné.

2. ROHAFYA en extrait les analyses, valeurs, unités et normes.

3. Votre équipe relit, le PDF d'origine affiché à côté, et corrige si nécessaire.

4. Vous publiez. Le résultat apparaît dans le compte du patient.

Aucune publication automatique : chaque compte rendu passe par une relecture. Un nombre de fichiers par période est prévu dans chaque abonnement."
79;2028-04-13;Jeu;2;12:30;X;Compte X ROHAFYA;EN;oui;208;Les comptes rendus PDF;Your software only produces PDFs? ROHAFYA can read them: it extracts the values, your team reviews them next to the original document, then publishes. Nothing reaches a patient without human review. #Cameroon
79;2028-04-13;Jeu;2;18:00;X;Compte X personnel;FR;oui;242;Les comptes rendus PDF;L'import PDF de ROHAFYA en trois temps : dépôt du fichier, relecture des valeurs extraites à côté du PDF d'origine, publication. Le document d'origine est conservé. Tout point douteux est listé avant confirmation. Rien ne part sans relecture.
80;2028-04-18;Mar;1;08:00;LinkedIn;Profil LinkedIn personnel;FR;non;813;Une valeur fausse est pire qu'une valeur absente;"Lire automatiquement un compte rendu d'analyses paraît simple. C'est un piège.

Deux laboratoires impriment la même hémoglobine de deux façons : l'un en tableau avec une virgule, l'autre en liste avec un point, les normes avant ou après la valeur, l'unité en grammes par décilitre ou par litre. Une virgule perdue, et 10,9 devient 109.

J'ai donc posé une règle au départ : une valeur fausse est pire qu'une valeur absente.

Elle se traduit par des contrôles systématiques. La valeur lue doit exister telle quelle dans le document. Elle doit être plausible pour l'analyse concernée. Le signalement « hors norme » est recalculé à partir des normes. Et si un seul contrôle échoue, le document entier attend une relecture.

On ne publie pas un bilan à moitié : un médecin lirait un résultat incomplet sans le savoir."
80;2028-04-18;Mar;1;11:00;LinkedIn;Page LinkedIn ROHAFYA;FR;non;505;Une valeur fausse est pire qu'une valeur absente;"Une valeur fausse est pire qu'une valeur absente.

C'est la règle qui guide ROHAFYA quand il lit un compte rendu d'analyses.

Deux laboratoires impriment la même hémoglobine de deux façons : l'un en tableau avec une virgule, l'autre en liste avec un point, les normes avant ou après la valeur. Une virgule perdue, et 10,9 devient 109.

Au moindre doute, le document part en relecture au lieu d'être publié. Et on ne publie jamais un bilan à moitié : un médecin lirait un résultat incomplet sans le savoir."
80;2028-04-18;Mar;1;12:30;X;Compte X ROHAFYA;FR;non;201;Une valeur fausse est pire qu'une valeur absente;La règle qui guide ROHAFYA quand il lit un compte rendu : une valeur fausse est pire qu'une valeur absente. Au moindre doute, le document part en relecture au lieu d'être publié. #Laboratoire #Cameroun
80;2028-04-18;Mar;1;18:00;X;Compte X personnel;FR;non;238;Une valeur fausse est pire qu'une valeur absente;Lire automatiquement un compte rendu paraît simple. C'est un piège. Deux laboratoires impriment la même hémoglobine de deux façons. Une virgule perdue, et 10,9 devient 109. D'où ma règle : une valeur fausse est pire qu'une valeur absente.
80;2028-04-20;Jeu;2;08:00;LinkedIn;Profil LinkedIn personnel;FR;non;679;Une valeur fausse est pire qu'une valeur absente;"Les contrôles que ROHAFYA applique à un compte rendu lu automatiquement. Je les détaille pour les biologistes qui me demandent comment je garantis la fiabilité.

L'analyse doit être connue du dictionnaire.
La valeur doit être numérique, et exister telle quelle dans le document d'origine.
Elle doit être plausible pour l'analyse concernée.
Le signalement « hors norme » est recalculé à partir des normes, pas recopié.
Le dossier et la date doivent être identifiés.

Si un seul contrôle échoue, le document entier attend une relecture humaine.

Biologistes, quelle erreur de transcription redoutez-vous le plus ? Je suis preneur de vos cas difficiles pour renforcer ces contrôles."
80;2028-04-20;Jeu;2;11:00;LinkedIn;Page LinkedIn ROHAFYA;FR;non;651;Une valeur fausse est pire qu'une valeur absente;"« Une valeur fausse est pire qu'une valeur absente. »

Cette règle gouverne la façon dont ROHAFYA lit un compte rendu de laboratoire.

Deux laboratoires impriment la même hémoglobine de deux façons : un tableau avec une virgule, une liste avec un point, les normes avant ou après la valeur. Une virgule perdue transforme 10,9 en 109.

Chaque valeur extraite est donc contrôlée : elle doit figurer telle quelle dans le document d'origine, être plausible pour l'analyse, et correspondre au signalement hors norme recalculé. Si un seul contrôle échoue, tout le compte rendu attend une relecture humaine.

Nous ne publions jamais un compte rendu à moitié."
80;2028-04-20;Jeu;2;12:30;X;Compte X ROHAFYA;EN;non;241;Une valeur fausse est pire qu'une valeur absente;How ROHAFYA reads a lab report: every extracted value must appear as printed in the original, be plausible for the test, and match the recalculated out-of-range flag. One failed check and the whole report waits for human review. #LabMedicine
80;2028-04-20;Jeu;2;18:00;X;Compte X personnel;FR;non;258;Une valeur fausse est pire qu'une valeur absente;Contrôles appliqués par ROHAFYA à un compte rendu lu automatiquement : analyse connue, valeur numérique, valeur présente dans le document d'origine, valeur plausible, hors norme recalculé, dossier et date identifiés. Un seul échec, et tout part en relecture.
81;2028-04-25;Mar;1;08:00;LinkedIn;Profil LinkedIn personnel;FR;non;776;Le résultat le plus attendu;"L'an dernier, à cette date, je parlais de la goutte épaisse comme de l'examen qui rythme la vie des familles. Cette année, je pense aux parents.

Quand un enfant a de la fièvre, on ne raisonne pas en termes de « parcours de soins ». On veut savoir, vite. Chaque heure compte, et chaque trajet en plus est une épreuve.

Je redis la limite, parce qu'elle est importante : une urgence se traite sur place, avec un soignant, et aucun outil en ligne ne doit retarder cela.

Mais beaucoup d'examens ne sont pas des urgences. Ce sont des contrôles, des bilans demandés pour le lendemain. Pour ceux-là, attendre à la maison, auprès de l'enfant, vaut mieux qu'attendre sur un banc.

En cette journée mondiale, une pensée pour les familles, et pour les techniciens qui lisent les lames."
81;2028-04-25;Mar;1;11:00;LinkedIn;Page LinkedIn ROHAFYA;FR;non;540;Le résultat le plus attendu;"25 avril, Journée mondiale de lutte contre le paludisme.

Quand un enfant a de la fièvre, chaque heure compte, et chaque trajet en plus est une épreuve pour les parents.

Une urgence se traite sur place, avec un soignant. Aucun outil en ligne ne doit retarder cela.

Mais beaucoup d'examens ne sont pas des urgences : des contrôles, des bilans demandés pour le lendemain. Pour ceux-là, attendre à la maison, auprès de l'enfant, vaut mieux qu'attendre sur un banc.

Une pensée pour les familles, et pour les techniciens qui lisent les lames."
81;2028-04-25;Mar;1;12:30;X;Compte X ROHAFYA;FR;non;215;Le résultat le plus attendu;Mardi 25 avril, Journée mondiale de lutte contre le paludisme. Pour un parent, quelques heures d'attente d'un résultat paraissent une éternité. Le minimum : ne pas y ajouter le trajet du retour. #Paludisme #Cameroun
81;2028-04-25;Mar;1;18:00;X;Compte X personnel;FR;non;258;Le résultat le plus attendu;L'an dernier, je parlais de la goutte épaisse. Cette année, je pense aux parents. Quand un enfant a de la fièvre, on veut savoir, vite. L'urgence se traite sur place, avec un soignant. Mais pour un contrôle, attendre auprès de l'enfant vaut mieux qu'un banc.
81;2028-04-27;Jeu;2;08:00;LinkedIn;Profil LinkedIn personnel;FR;non;639;Le résultat le plus attendu;"Aux laboratoires, une observation que je fais souvent en regardant leur activité : ce sont fréquemment les mêmes patients qui reviennent pour les mêmes examens.

Un contrôle prescrit la veille. Un bilan de suivi. Une recherche répétée.

Pour ces patients-là, le second déplacement est le plus pénible et le moins utile. Avec ROHAFYA, le résultat arrive dans leur compte dès la validation. Ils le montrent ensuite au soignant, sur leur téléphone.

C'est un service que les patients remarquent, et dont ils parlent autour d'eux. Dans un quartier, le laboratoire qui évite un trajet aux parents d'un enfant malade se fait vite une réputation."
81;2028-04-27;Jeu;2;11:00;LinkedIn;Page LinkedIn ROHAFYA;FR;non;438;Le résultat le plus attendu;"25 avril, Journée mondiale de lutte contre le paludisme.

Les urgences se traitent sur place, avec les soignants. ROHAFYA ne s'y substitue pas.

Pour tous les autres examens, contrôles et bilans, la remise en ligne évite aux familles un trajet et une attente.

Laboratoires : ce sont souvent les mêmes patients qui reviennent pour les mêmes examens. Leur éviter le second déplacement est un service qu'ils remarquent, et dont ils parlent."
81;2028-04-27;Jeu;2;12:30;X;Compte X ROHAFYA;EN;non;178;Le résultat le plus attendu;World Malaria Day, 25 April. For a parent, a few hours waiting for a result feel like forever. The least we can do is not add the trip back to the lab. #WorldMalariaDay #Cameroon
81;2028-04-27;Jeu;2;18:00;X;Compte X personnel;FR;non;261;Le résultat le plus attendu;Pour un contrôle prescrit la veille, le parent n'a pas à revenir au laboratoire : le résultat arrive dans son compte ROHAFYA dès la validation, et il le montre au soignant sur son téléphone. L'urgence, elle, se traite toujours sur place. [LIEN]
82;2028-05-02;Mar;1;08:00;LinkedIn;Profil LinkedIn personnel;FR;non;745;Le métier d'accueillir;"On dit « l'accueil » comme on dirait « l'entrée ». C'est pourtant l'un des postes les plus exigeants d'un établissement de santé.

La personne à l'accueil voit arriver l'inquiétude, la fatigue, parfois la colère. Elle doit comprendre vite, répondre juste, et rester aimable à la soixantième personne de la journée.

C'est un métier de relation. Or une grande partie de son temps est absorbée par de la manutention : classer, chercher, tendre un papier.

Ce que j'attends de la remise en ligne des résultats, c'est un accueil rendu à sa vraie fonction.

En ce 1er mai, je voudrais que les directeurs se posent une question : que ferait votre accueil du temps qu'il passe aujourd'hui à chercher des enveloppes ? Bonne fête à tous les travailleurs."
82;2028-05-02;Mar;1;11:00;LinkedIn;Page LinkedIn ROHAFYA;FR;non;488;Le métier d'accueillir;"1er mai, Fête du Travail.

Accueillir dans un établissement de santé est un métier à part entière : rassurer, orienter, expliquer. La personne à l'accueil voit arriver l'inquiétude, la fatigue, parfois la colère.

Or une grande partie de son temps est absorbée par de la manutention : classer, chercher, tendre un papier.

Ce que nous attendons de la remise en ligne des résultats, c'est un accueil rendu à sa vraie fonction : la relation.

Bonne fête à tous les travailleurs de la santé."
82;2028-05-02;Mar;1;12:30;X;Compte X ROHAFYA;FR;non;226;Le métier d'accueillir;1er mai. Accueillir dans un établissement de santé est un métier à part entière : rassurer, orienter, expliquer. Il mérite mieux que de servir de guichet de retrait pour des enveloppes. Bonne Fête du Travail. #1erMai #Cameroun
82;2028-05-02;Mar;1;18:00;X;Compte X personnel;FR;non;254;Le métier d'accueillir;On dit « l'accueil » comme on dirait « l'entrée ». C'est pourtant l'un des postes les plus exigeants : voir arriver l'inquiétude, la fatigue, la colère, et rester aimable à la soixantième personne. C'est un métier de relation, pas de manutention. #1erMai
82;2028-05-04;Jeu;2;08:00;LinkedIn;Profil LinkedIn personnel;FR;non;637;Le métier d'accueillir;"Le numérique en santé a parfois mauvaise presse auprès des équipes d'accueil. On craint qu'il supprime des postes, ou qu'il ajoute des tâches.

Ma position est claire : ROHAFYA retire des tâches répétitives, pas des personnes.

L'accueil garde toute sa place. C'est lui qui remet le QR code, vérifie une identité, explique le service au patient.

Ce qui change, c'est la nature du travail. Le temps qu'on ne passe plus à chercher une enveloppe, on peut le passer à expliquer une préparation d'examen, orienter un patient perdu, rassurer une personne inquiète.

Moins de papier, plus de relation. C'est le gain que je promets, et le seul."
82;2028-05-04;Jeu;2;11:00;LinkedIn;Page LinkedIn ROHAFYA;FR;non;490;Le métier d'accueillir;"Fête du Travail.

Le numérique en santé a parfois mauvaise presse auprès des équipes : on craint qu'il supprime des postes ou qu'il ajoute des tâches.

Notre position est claire. ROHAFYA retire des tâches répétitives, pas des personnes. L'accueil garde toute sa place : c'est lui qui remet le QR code, vérifie une identité, explique le service.

Ce qui change, c'est la nature du travail : moins de papier, plus de relation.

Bonne Fête du Travail à toutes les équipes de santé du Cameroun."
82;2028-05-04;Jeu;2;12:30;X;Compte X ROHAFYA;EN;non;197;Le métier d'accueillir;Labour Day. Welcoming people in a healthcare facility is a profession in its own right: reassure, guide, explain. It deserves better than being a pick-up counter for envelopes. #LabourDay #Cameroon
82;2028-05-04;Jeu;2;18:00;X;Compte X personnel;FR;non;237;Le métier d'accueillir;Le temps que l'accueil ne passe plus à chercher une enveloppe, il le passe à expliquer une préparation d'examen, orienter un patient perdu, rassurer une personne inquiète. Voilà le seul gain que je promets. Bonne Fête du Travail. #1erMai
83;2028-05-09;Mar;1;08:00;LinkedIn;Profil LinkedIn personnel;FR;non;719;Les soignants et l'information;"Dans les services, une plainte revient souvent chez les soignants : on passe plus de temps à chercher l'information qu'à s'en servir.

Je ne suis pas soignant, mais je crois cette phrase vraie dans beaucoup d'endroits.

Le résultat du laboratoire est une de ces informations qu'on cherche. Il est prêt, quelque part. Il faut aller le prendre, ou attendre qu'on l'apporte.

Je sais que ROHAFYA, tel qu'il existe aujourd'hui, sert d'abord les patients qui viennent de l'extérieur. Les circuits internes d'un hôpital sont une autre affaire, plus complexe.

Mais le principe est le même partout : l'information doit aller vers le soignant, pas l'inverse. En cette semaine du 12 mai, merci aux infirmières et aux infirmiers."
83;2028-05-09;Mar;1;11:00;LinkedIn;Page LinkedIn ROHAFYA;FR;non;528;Les soignants et l'information;"12 mai, Journée internationale des infirmières et infirmiers.

Dans les services, une plainte revient souvent : on passe plus de temps à chercher l'information qu'à s'en servir.

Le résultat du laboratoire est une de ces informations qu'on cherche. Il est prêt, quelque part. Il faut aller le prendre, ou attendre qu'on l'apporte.

Le principe devrait être le même partout : l'information va vers le soignant, pas l'inverse.

À toutes les infirmières et à tous les infirmiers du Cameroun : merci pour votre engagement quotidien."
83;2028-05-09;Mar;1;12:30;X;Compte X ROHAFYA;FR;non;218;Les soignants et l'information;Vendredi 12 mai, Journée internationale des infirmières et infirmiers. Un soignant bien informé soigne mieux. Le résultat qui arrive à l'heure fait partie de ses outils de travail, au même titre que le reste. #Cameroun
83;2028-05-09;Mar;1;18:00;X;Compte X personnel;FR;non;246;Les soignants et l'information;Une plainte que j'entends souvent chez les soignants : on passe plus de temps à chercher l'information qu'à s'en servir. Le principe devrait être partout le même : l'information va vers le soignant, pas l'inverse. Merci aux infirmiers, le 12 mai.
83;2028-05-11;Jeu;2;08:00;LinkedIn;Profil LinkedIn personnel;FR;non;671;Les soignants et l'information;"Je veux être honnête sur le périmètre actuel de ROHAFYA.

Aujourd'hui, il sert d'abord les patients qui viennent de l'extérieur : ils font leur examen, repartent, et retrouvent leur résultat dans leur compte. Ils peuvent ensuite le partager avec leur médecin.

Le médecin voit alors le nom du patient, la date de validation, les valeurs, les normes et l'établissement d'origine. Tout ce qu'il faut pour préparer la consultation.

Les circuits internes d'un hôpital, entre le laboratoire et les services, sont une autre affaire, plus complexe. Je ne prétends pas les avoir résolus.

Je préfère dire clairement où s'arrête l'outil plutôt que laisser croire qu'il fait tout."
83;2028-05-11;Jeu;2;11:00;LinkedIn;Page LinkedIn ROHAFYA;FR;non;517;Les soignants et l'information;"Aux infirmières et aux infirmiers, à l'occasion de leur journée internationale du 12 mai.

Les soignants ont besoin d'une information fiable, au bon moment. Chaque résultat qui arrive sans qu'on ait à le chercher est du temps rendu au soin.

ROHAFYA y contribue pour les patients suivis en consultation : le résultat publié est partagé par le patient avec son médecin, qui le lit avant ou pendant la consultation.

À toutes les infirmières et à tous les infirmiers du Cameroun : merci pour votre engagement quotidien."
83;2028-05-11;Jeu;2;12:30;X;Compte X ROHAFYA;EN;non;175;Les soignants et l'information;International Nurses Day is this week. A well-informed caregiver gives better care. A result that arrives on time is one of their working tools, like any other. #IND #Cameroon
83;2028-05-11;Jeu;2;18:00;X;Compte X personnel;FR;non;243;Les soignants et l'information;Le médecin qui reçoit un résultat partagé dans ROHAFYA voit le nom du patient, la date de validation, les valeurs, les normes et l'établissement d'origine. Tout pour préparer la consultation, sans courir au laboratoire. [LIEN]
84;2028-05-16;Mar;1;08:00;LinkedIn;Profil LinkedIn personnel;FR;oui;749;Deux langues, un même service;"Le 20 mai, on célèbre un pays qui a choisi de vivre avec deux langues officielles. Dans le numérique, ce choix est trop souvent oublié : on construit en français, et l'anglais attend.

Je plaide coupable. ROHAFYA a été construit en français, parce que j'ai commencé par Douala et Yaoundé.

Mais un outil de santé qui se veut national ne peut pas rester monolingue. Un patient de Bamenda ou de Buea doit lire son compte dans sa langue. Une secrétaire de Limbé doit être formée dans la sienne.

Où en est-on : [ÉTAT D'AVANCEMENT DE L'INTERFACE EN ANGLAIS].

Je publie déjà en anglais une partie de mes messages ici. Ce n'est pas suffisant, et je le sais. Cette semaine aussi, Journée mondiale de l'hypertension, le 17 mai. Bonne fête nationale à tous."
84;2028-05-16;Mar;1;11:00;LinkedIn;Page LinkedIn ROHAFYA;FR;oui;482;Deux langues, un même service;"20 mai, Fête nationale.

Le Cameroun a choisi de vivre avec deux langues officielles. Dans le numérique, ce choix est trop souvent oublié : on construit en français, et l'anglais attend.

ROHAFYA a commencé en français, à Douala et Yaoundé. Mais un patient de Bamenda ou de Buea doit lire son compte dans sa langue, et une secrétaire de Limbé doit être formée dans la sienne.

Où en est l'interface en anglais : [ÉTAT D'AVANCEMENT DE L'INTERFACE EN ANGLAIS].

Bonne fête de l'Unité."
84;2028-05-16;Mar;1;12:30;X;Compte X ROHAFYA;FR;oui;228;Deux langues, un même service;Samedi 20 mai, Fête nationale. Français, anglais : un patient doit pouvoir lire ses résultats et utiliser son compte dans la langue où il se sent chez lui. C'est notre chantier de l'année. Bonne fête de l'Unité. #20Mai #Cameroun
84;2028-05-16;Mar;1;18:00;X;Compte X personnel;FR;oui;239;Deux langues, un même service;Le 20 mai, on célèbre un pays qui a choisi deux langues officielles. Je plaide coupable : ROHAFYA a été construit en français. Un outil de santé qui se veut national ne peut pas rester monolingue. Où on en est : [ÉTAT D'AVANCEMENT]. #20Mai
84;2028-05-18;Jeu;2;08:00;LinkedIn;Profil LinkedIn personnel;FR;oui;748;Deux langues, un même service;"Aux patients et soignants anglophones qui me suivent : j'ai besoin de vous.

Traduire une application de santé ne se résume pas à traduire des mots. « Rattacher un dossier », « valeurs de référence », « compte rendu » : chaque terme a son usage dans les établissements du Nord-Ouest et du Sud-Ouest, et je ne veux pas imposer une traduction de bureau.

Où en est l'interface en anglais : [ÉTAT D'AVANCEMENT DE L'INTERFACE EN ANGLAIS].

Si vous dirigez un établissement anglophone, ou si vous y travaillez, et que vous acceptez de relire quelques écrans, écrivez-moi. Votre regard vaudra mieux que n'importe quel dictionnaire.

Cette semaine, c'est aussi la Journée mondiale de l'hypertension. Les bilans de suivi se comparent : gardez-les ensemble."
84;2028-05-18;Jeu;2;11:00;LinkedIn;Page LinkedIn ROHAFYA;FR;oui;570;Deux langues, un même service;"Fête nationale, 20 mai.

Le Cameroun a choisi de vivre avec deux langues officielles. Les outils numériques l'oublient trop souvent : construits en français d'abord, en anglais plus tard.

ROHAFYA a commencé en français, à Douala et Yaoundé. Une plateforme de santé qui veut servir tout le pays ne peut pas rester monolingue.

Où nous en sommes : [ÉTAT D'AVANCEMENT DE L'INTERFACE EN ANGLAIS].

Vous dirigez un établissement dans le Nord-Ouest ou le Sud-Ouest et voulez nous aider à trouver les bons mots ? Votre contribution nous serait précieuse. Bonne fête nationale."
84;2028-05-18;Jeu;2;12:30;X;Compte X ROHAFYA;EN;oui;224;Deux langues, un même service;Cameroon has two official languages, and ROHAFYA started in French. A national health platform cannot stay monolingual. Where we stand: [STATUS OF THE ENGLISH INTERFACE]. Help us get the wording right. #NationalDay #Cameroon
84;2028-05-18;Jeu;2;18:00;X;Compte X personnel;FR;oui;232;Deux langues, un même service;Patients et soignants anglophones : quels mots d'une application de santé vous posent le plus de difficultés ? Je cherche des relecteurs pour l'interface anglaise de ROHAFYA, pour éviter une traduction de bureau. Écrivez-moi. #20Mai
85;2028-05-23;Mar;1;08:00;LinkedIn;Profil LinkedIn personnel;FR;non;755;Dix laboratoires, un seul écran;"Chaque laboratoire a sa mise en page. L'un met les normes à droite, l'autre en dessous. L'un signale les anomalies par un astérisque, l'autre en gras.

Un médecin qui lit trente résultats par jour doit, à chaque feuille, retrouver ses repères. C'est une fatigue discrète, et une source d'erreurs.

Dans ROHAFYA, les résultats partagés par les patients sont présentés de manière uniforme : même ordre, mêmes colonnes, même signalement des valeurs hors norme, quel que soit l'établissement d'origine.

Ce n'est pas un détail d'ergonomie. C'est du temps de lecture gagné, et de l'attention rendue à ce qui compte.

Je cherche des médecins prêts à me dire ce qui manque à cet écran. Dix minutes de votre regard valent mieux que dix heures de mes suppositions."
85;2028-05-23;Mar;1;11:00;LinkedIn;Page LinkedIn ROHAFYA;FR;non;494;Dix laboratoires, un seul écran;"Aux médecins : une lecture uniforme des résultats.

Chaque laboratoire a sa mise en page. L'un met les normes à droite, l'autre en dessous. L'un signale les anomalies par un astérisque, l'autre en gras.

Dans ROHAFYA, les résultats partagés par vos patients ont tous la même présentation : nom de l'analyse, valeur, unité, valeurs de référence, repère pour les valeurs hors norme, nom du validateur, établissement d'origine.

Du temps de lecture gagné, et de l'attention rendue à ce qui compte."
85;2028-05-23;Mar;1;12:30;X;Compte X ROHAFYA;FR;non;240;Dix laboratoires, un seul écran;Médecins : dans une semaine de consultations, de combien de laboratoires différents viennent les résultats que vous lisez ? Dans ROHAFYA, ceux que vos patients vous partagent arrivent sur un seul écran, présentés de la même façon. #Médecine
85;2028-05-23;Mar;1;18:00;X;Compte X personnel;FR;non;253;Dix laboratoires, un seul écran;Chaque laboratoire a sa mise en page : normes à droite ou en dessous, anomalies en gras ou avec un astérisque. Un médecin qui lit trente résultats par jour doit retrouver ses repères à chaque feuille. C'est une fatigue discrète, et une source d'erreurs.
85;2028-05-25;Jeu;2;08:00;LinkedIn;Profil LinkedIn personnel;FR;non;668;Dix laboratoires, un seul écran;"Médecins, une question franche : dans une semaine de consultations, de combien de laboratoires différents viennent les résultats que vous lisez ?

Dans ROHAFYA, ceux que vos patients vous partagent arrivent sur un seul écran, présentés de la même façon, quel que soit l'établissement d'origine.

J'ai conçu cet écran à partir de ce que j'imaginais utile. C'est précisément le problème : je ne suis pas médecin.

Je cherche donc des praticiens prêts à me dire ce qui y manque, ce qui y est de trop, ce qui les ralentit. Dix minutes de votre regard valent mieux que dix heures de mes suppositions.

Si vous acceptez, écrivez-moi : je vous montre l'écran et je note tout."
85;2028-05-25;Jeu;2;11:00;LinkedIn;Page LinkedIn ROHAFYA;FR;non;504;Dix laboratoires, un seul écran;"Aux médecins : une lecture uniforme des résultats.

Vos patients font leurs examens dans de nombreux établissements, chacun avec sa mise en page.

Dans ROHAFYA, les résultats qu'ils vous partagent ont tous la même présentation : nom de l'analyse, valeur, unité, valeurs de référence, repère pour les valeurs hors norme, nom du validateur, établissement d'origine.

Vous gagnez du temps de lecture. Vos patients arrivent avec un dossier complet.

Pour voir cet écran, écrivez-nous : dix minutes suffisent."
85;2028-05-25;Jeu;2;12:30;X;Compte X ROHAFYA;EN;non;190;Dix laboratoires, un seul écran;Doctors: how many different labs do your patients' results come from in a week? In ROHAFYA, the ones they share with you appear on one screen, laid out the same way. #Cameroon #DigitalHealth
85;2028-05-25;Jeu;2;18:00;X;Compte X personnel;FR;non;238;Dix laboratoires, un seul écran;Dans ROHAFYA, tous les résultats de laboratoire sont présentés de la même façon : analyse, valeur, unité, normes, signalement hors norme. Quel que soit le laboratoire. Médecins, dites-moi ce qui manque à cet écran. [LIEN]
86;2028-05-30;Mar;1;08:00;LinkedIn;Profil LinkedIn personnel;FR;non;865;Informaticiens, devenez partenaires;"Je n'ai aucune intention de concurrencer les éditeurs de logiciels de laboratoire ou de gestion de clinique. Au contraire : j'ai besoin d'eux.

ROHAFYA ne produit pas les résultats. Il les reçoit. Chaque logiciel capable de lui envoyer des données rend ROHAFYA utile à tous les établissements qui l'utilisent.

Pour un éditeur ou un prestataire informatique, le calcul est simple. Vos clients vous demandent un portail patient. Le construire vous-même coûte des mois. Le brancher sur ROHAFYA coûte quelques jours, et vous gardez votre client.

Je propose aux informaticiens un accord clair : une documentation complète, un établissement de test, mon aide pendant l'intégration, et une rémunération pour chaque établissement que vous amenez.

Si vous installez ou maintenez des logiciels dans des établissements de santé, vous êtes mes meilleurs alliés. Écrivez-moi."
86;2028-05-30;Mar;1;11:00;LinkedIn;Page LinkedIn ROHAFYA;FR;non;474;Informaticiens, devenez partenaires;"Aux informaticiens et éditeurs de logiciels de santé du Cameroun.

Vos clients vous demandent un portail patient. Le construire vous-même coûte des mois.

Le brancher sur ROHAFYA coûte quelques jours, et vous gardez votre client.

ROHAFYA ne produit pas les résultats et ne concurrence pas votre logiciel. Il reçoit ce que votre logiciel envoie, et le remet aux patients.

Chaque logiciel branché rend la remise en ligne accessible à tous les établissements qui l'utilisent."
86;2028-05-30;Mar;1;12:30;X;Compte X ROHAFYA;FR;non;226;Informaticiens, devenez partenaires;Vous êtes informaticien ou éditeur d'un logiciel de laboratoire ou de clinique au Cameroun ? Brancher votre logiciel à ROHAFYA prend quelques jours et donne à vos clients la remise en ligne des résultats. Parlons-en. #Cameroun
86;2028-05-30;Mar;1;18:00;X;Compte X personnel;FR;non;239;Informaticiens, devenez partenaires;Je n'ai aucune intention de concurrencer les éditeurs de logiciels de laboratoire. J'ai besoin d'eux. Chaque logiciel capable d'envoyer des données à ROHAFYA le rend utile à tous ses clients. Informaticiens, vous êtes mes meilleurs alliés.
86;2028-06-01;Jeu;2;08:00;LinkedIn;Profil LinkedIn personnel;FR;non;659;Informaticiens, devenez partenaires;"Le programme partenaires de ROHAFYA pour les informaticiens et les éditeurs, en clair.

Ce que je fournis : la documentation de l'API, un établissement de test, un jeu de données fictives, et mon aide pendant l'intégration.

Ce que vous y gagnez : un service de plus pour vos clients, sans construire de portail, et une commission sur chaque établissement que vous apportez.

Techniquement, c'est simple : une clé d'API, cinq points d'accès (patients, laboratoire, imagerie, exploration, factures), et une réponse claire à chaque envoi.

Si vous installez ou maintenez des logiciels dans des laboratoires, des centres d'imagerie ou des cliniques, écrivez-moi."
86;2028-06-01;Jeu;2;11:00;LinkedIn;Page LinkedIn ROHAFYA;FR;non;552;Informaticiens, devenez partenaires;"Programme partenaires pour les informaticiens et les éditeurs.

Vous maintenez des logiciels dans des laboratoires, des centres d'imagerie ou des cliniques ? Vos clients peuvent proposer la remise en ligne des résultats sans que vous ayez à construire un portail.

Ce que nous fournissons : la documentation de l'API, un établissement de test, un jeu de données fictives, un accompagnement pendant l'intégration.

Ce que vous y gagnez : un service de plus pour vos clients, et une commission sur chaque établissement apporté.

Contact en message privé."
86;2028-06-01;Jeu;2;12:30;X;Compte X ROHAFYA;EN;non;206;Informaticiens, devenez partenaires;Are you an IT integrator or the publisher of lab or clinic software in Cameroon? Connecting your system to ROHAFYA takes days and gives your clients online result delivery. Let's talk. #Cameroon #HealthTech
86;2028-06-01;Jeu;2;18:00;X;Compte X personnel;FR;non;238;Informaticiens, devenez partenaires;Pour brancher un logiciel à ROHAFYA : une clé d'API, cinq points d'accès (patients, laboratoire, imagerie, exploration, factures), un jeu de test, et une réponse claire à chaque envoi : créé, mis à jour, total. Informaticiens, parlons-en.
87;2028-06-06;Mar;1;08:00;LinkedIn;Profil LinkedIn personnel;FR;non;797;Tester avant de s'engager;"Je n'aime pas les logiciels qu'on ne peut pas essayer avant d'acheter. J'ai donc fait en sorte que même l'intégration technique puisse s'essayer.

Concrètement, un informaticien reçoit une clé pour un établissement de test, un jeu de données inventées et deux petits scripts. Il les lance. Il voit apparaître des patients fictifs, des résultats de laboratoire, des comptes rendus d'imagerie, des factures.

Le jeu est conçu pour montrer les cas intéressants : un résultat masqué parce que la facture est impayée, un autre visible parce qu'elle est réglée, un troisième expiré.

En une heure, il sait ce qu'il aura à faire avec le vrai logiciel de l'établissement, et combien de temps cela prendra.

Une intégration qui se teste en une heure rassure plus qu'un cahier des charges de quarante pages."
87;2028-06-06;Mar;1;11:00;LinkedIn;Page LinkedIn ROHAFYA;FR;non;508;Tester avant de s'engager;"Essayer l'intégration avant de s'engager.

Un informaticien reçoit une clé pour un établissement de test, un jeu de données inventées et deux petits scripts. Il les lance. Il voit apparaître des patients fictifs, des résultats de laboratoire, des comptes rendus d'imagerie, des factures.

En une heure, il sait ce qu'il aura à faire avec le vrai logiciel de l'établissement, et combien de temps cela prendra.

Une intégration qui se teste en une heure rassure plus qu'un cahier des charges de quarante pages."
87;2028-06-06;Mar;1;12:30;X;Compte X ROHAFYA;FR;non;236;Tester avant de s'engager;Informaticiens : ROHAFYA fournit un jeu de données fictives et deux scripts d'envoi. En moins d'une heure, vous voyez sept dossiers, des résultats, des factures payées et impayées apparaître dans un établissement de test. #API #Cameroun
87;2028-06-06;Mar;1;18:00;X;Compte X personnel;FR;non;234;Tester avant de s'engager;Je n'aime pas les logiciels qu'on ne peut pas essayer avant d'acheter. Alors même l'intégration de ROHAFYA s'essaie : une clé de test, des données inventées, deux scripts. En une heure, l'informaticien sait ce qu'il aura à faire. #API
87;2028-06-08;Jeu;2;08:00;LinkedIn;Profil LinkedIn personnel;FR;non;641;Tester avant de s'engager;"Le jeu de test de ROHAFYA a été conçu pour montrer les cas intéressants, pas seulement le cas idéal.

Un résultat masqué, parce que la facture associée est impayée.
Un résultat visible, parce que la facture est réglée.
Un résultat marqué « expiré », parce que la période d'accès est écoulée.

Il existe au format ROHAFYA et au format HL7 FHIR R4.

Et relancer les scripts ne crée aucun doublon : c'est le comportement attendu en production, et l'informaticien peut le vérifier lui-même dans l'espace d'administration.

Je préfère qu'un informaticien découvre ces règles en une heure de test plutôt qu'au premier appel d'un patient mécontent."
87;2028-06-08;Jeu;2;11:00;LinkedIn;Page LinkedIn ROHAFYA;FR;non;505;Tester avant de s'engager;"Essayer l'intégration en une heure.

Nous remettons à votre informaticien : une clé d'API pour un établissement de test, un jeu de données fictives au format ROHAFYA et au format HL7 FHIR R4, et deux scripts d'envoi.

Il vérifie dans l'espace d'administration que les dossiers, les résultats et les factures sont bien arrivés.

Relancer les scripts ne crée aucun doublon : c'est le comportement attendu en production.

Demandez l'accès de test en message privé, en indiquant le logiciel que vous utilisez."
87;2028-06-08;Jeu;2;12:30;X;Compte X ROHAFYA;EN;non;188;Tester avant de s'engager;IT teams: ROHAFYA ships a fictional data set and two upload scripts. In under an hour you see seven records, results, and paid and unpaid invoices appear in a test facility. #API #Cameroon
87;2028-06-08;Jeu;2;18:00;X;Compte X personnel;FR;non;244;Tester avant de s'engager;Le jeu de test de ROHAFYA montre trois comportements : résultat masqué quand la facture est impayée, visible quand elle est réglée, « expiré » quand la période d'accès est écoulée. Et relancer l'envoi ne crée aucun doublon. À vérifier soi-même.
88;2028-06-13;Mar;1;08:00;LinkedIn;Profil LinkedIn personnel;FR;non;729;Donner, et savoir;"Donner son sang est l'un des gestes les plus généreux qui soient, et l'un des plus discrets.

Je ne connais pas l'organisation des centres de transfusion, et je ne prétends pas que ROHAFYA y ait sa place aujourd'hui. Je veux seulement saluer les donneurs, et dire ce que ce geste m'inspire.

Autour de chaque acte de santé, il y a de l'information : des analyses, des comptes rendus, des justificatifs. On s'occupe beaucoup de l'acte, et trop peu de ce qui en reste.

Or c'est ce qui reste qui permet le suivi, la confiance, et parfois de sauver du temps la fois suivante.

En cette Journée mondiale du donneur de sang, merci aux donneurs réguliers, à ceux qui donnent pour un proche, et aux équipes qui organisent les collectes."
88;2028-06-13;Mar;1;11:00;LinkedIn;Page LinkedIn ROHAFYA;FR;non;445;Donner, et savoir;"14 juin, Journée mondiale du donneur de sang.

Merci à celles et ceux qui donnent, régulièrement ou pour un proche. Merci aux équipes qui organisent les collectes.

Autour de chaque acte de santé, il y a de l'information : des analyses, des comptes rendus, des justificatifs. On s'occupe beaucoup de l'acte, et trop peu de ce qui en reste.

Or c'est ce qui reste qui permet le suivi, la confiance, et parfois de gagner du temps la fois suivante."
88;2028-06-13;Mar;1;12:30;X;Compte X ROHAFYA;FR;non;228;Donner, et savoir;Mercredi 14 juin, Journée mondiale du donneur de sang. Merci à celles et ceux qui donnent. Les analyses qui accompagnent un don méritent le même respect que le geste : remises à la bonne personne, en toute discrétion. #DonDeSang
88;2028-06-13;Mar;1;18:00;X;Compte X personnel;FR;non;244;Donner, et savoir;Journée mondiale du donneur de sang le 14 juin. Merci à ceux qui donnent. Autour de chaque acte de santé, il y a de l'information : analyses, comptes rendus, justificatifs. On s'occupe beaucoup de l'acte, trop peu de ce qui en reste. #DonDeSang
88;2028-06-15;Jeu;2;08:00;LinkedIn;Profil LinkedIn personnel;FR;non;692;Donner, et savoir;"Un principe de ROHAFYA que je rappelle souvent : la discrétion fait partie du service, pas des options.

Un résultat publié n'est visible que par la personne connectée à son compte, et par le médecin à qui elle a choisi de le partager. Personne d'autre.

Ce principe vaut pour tous les examens. Il prend un relief particulier pour les analyses dont on ne parle pas volontiers, celles qu'on fait discrètement, sans en informer son entourage.

Je ne connais pas l'organisation des centres de transfusion, et je ne prétends pas que ROHAFYA y ait sa place aujourd'hui. Mais en cette journée du donneur, je voulais redire que chaque résultat mérite la même discrétion que le geste qui l'a précédé."
88;2028-06-15;Jeu;2;11:00;LinkedIn;Page LinkedIn ROHAFYA;FR;non;628;Donner, et savoir;"Journée mondiale du donneur de sang, 14 juin.

À toutes celles et tous ceux qui donnent leur sang, régulièrement ou pour un proche : merci. Et merci aux équipes qui organisent les collectes.

Autour de chaque acte de soin, il y a de l'information : des analyses, des comptes rendus, des reçus. Nous prêtons beaucoup d'attention à l'acte, et trop peu à ce qui en reste.

C'est pourtant ce qui reste qui rend le suivi possible.

Le rôle de ROHAFYA est modeste : faire en sorte que les résultats publiés par un établissement arrivent à la bonne personne, en toute discrétion, et restent disponibles quand on en a de nouveau besoin."
88;2028-06-15;Jeu;2;12:30;X;Compte X ROHAFYA;EN;non;235;Donner, et savoir;World Blood Donor Day. Thank you to everyone who gives. In ROHAFYA, a published result is visible only to the patient and to the doctor they choose to share it with. Discretion is part of the service, not an option. #WorldBloodDonorDay
88;2028-06-15;Jeu;2;18:00;X;Compte X personnel;FR;non;225;Donner, et savoir;Un résultat publié dans ROHAFYA n'est visible que par la personne connectée à son compte, et par le médecin à qui elle l'a partagé. La discrétion fait partie du service, pas des options. Merci aux donneurs de sang. #DonDeSang
89;2028-06-20;Mar;1;08:00;LinkedIn;Profil LinkedIn personnel;FR;non;838;Vivre avec, et tout garder;"La drépanocytose touche de nombreuses familles au Cameroun. Je ne suis pas médecin et je ne dirai rien de la maladie elle-même.

Je parlerai de ce que je connais : les papiers.

Une personne suivie depuis l'enfance accumule des centaines de documents. Bilans, comptes rendus d'hospitalisation, ordonnances. Ils sont rangés par un parent, dans un classeur ou un sac, puis transmis à l'enfant devenu adulte.

Ce classeur est un trésor. Il raconte ce qui a été essayé, ce qui a marché, ce qu'il ne faut pas refaire. Et il est à la merci d'un déménagement, d'une inondation, d'un oubli.

ROHAFYA ne remplace pas ce classeur du jour au lendemain. Mais chaque nouveau bilan publié dans le compte du patient est un document de moins à perdre.

En cette journée mondiale, une pensée pour les familles et pour les associations qui les soutiennent."
89;2028-06-20;Mar;1;11:00;LinkedIn;Page LinkedIn ROHAFYA;FR;non;505;Vivre avec, et tout garder;"19 juin, Journée mondiale de la drépanocytose.

Une personne suivie depuis l'enfance accumule des centaines de documents : bilans, comptes rendus d'hospitalisation, ordonnances. Un parent les range dans un classeur, puis les transmet à l'enfant devenu adulte.

Ce classeur raconte ce qui a été essayé, ce qui a marché, ce qu'il ne faut pas refaire. Et il est à la merci d'un déménagement, d'une inondation, d'un oubli.

Chaque nouveau bilan publié dans un compte ROHAFYA est un document de moins à perdre."
89;2028-06-20;Mar;1;12:30;X;Compte X ROHAFYA;FR;non;216;Vivre avec, et tout garder;19 juin, Journée mondiale de la drépanocytose. Pour les familles concernées, les bilans s'accumulent dès l'enfance. Les garder tous, en ordre, c'est donner à chaque nouveau médecin l'histoire complète. #Drépanocytose
89;2028-06-20;Mar;1;18:00;X;Compte X personnel;FR;non;248;Vivre avec, et tout garder;Pour la Journée de la drépanocytose, je ne parlerai pas de la maladie : je ne suis pas médecin. Je parlerai des papiers. Ce classeur tenu par un parent depuis l'enfance est un trésor, à la merci d'un déménagement ou d'une inondation. #Drépanocytose
89;2028-06-22;Jeu;2;08:00;LinkedIn;Profil LinkedIn personnel;FR;non;665;Vivre avec, et tout garder;"Aux associations de patients qui accompagnent les familles touchées par la drépanocytose ou d'autres maladies chroniques : je suis à votre disposition.

Si vous souhaitez expliquer à vos membres comment fonctionne un compte ROHAFYA, je peux venir le présenter, ou vous fournir de quoi le faire vous-mêmes.

Chaque résultat publié porte sa date, l'établissement et le nom du validateur. Mis bout à bout, ils forment une chronologie que le patient emporte avec lui, d'un médecin à l'autre.

ROHAFYA ne remplace pas le classeur familial du jour au lendemain. Mais il commence à le doubler, examen après examen.

Une pensée pour les familles, en cette journée mondiale."
89;2028-06-22;Jeu;2;11:00;LinkedIn;Page LinkedIn ROHAFYA;FR;non;499;Vivre avec, et tout garder;"19 juin, Journée mondiale de la drépanocytose.

Vivre avec une maladie chronique, c'est constituer un dossier tout au long de sa vie, souvent à la charge de la famille.

ROHAFYA aide à ne plus perdre les nouveaux résultats : chaque bilan publié par un établissement utilisateur se range dans le compte du patient, daté et identifié.

Aux associations de patients : si vous souhaitez expliquer à vos membres comment fonctionne un compte ROHAFYA, nous sommes à votre disposition pour une présentation."
89;2028-06-22;Jeu;2;12:30;X;Compte X ROHAFYA;EN;non;180;Vivre avec, et tout garder;World Sickle Cell Day, 19 June. For affected families, test results pile up from childhood. Keeping them all, in order, gives every new doctor the full story. #SickleCell #Cameroon
89;2028-06-22;Jeu;2;18:00;X;Compte X personnel;FR;non;263;Vivre avec, et tout garder;Chaque résultat publié dans ROHAFYA porte sa date, l'établissement et le nom du validateur. Mis bout à bout, ils forment une chronologie que le patient emporte d'un médecin à l'autre. Une pensée pour les familles concernées. [LIEN] #Drépanocytose
90;2028-06-27;Mar;1;08:00;LinkedIn;Profil LinkedIn personnel;FR;non;848;Dans les écoles de formation;"Les écoles de formation médico-sanitaire préparent des milliers de jeunes à des métiers qui changent. On y apprend à prélever, à analyser, à valider. On y apprend moins ce qui se passe après.

Or la remise du résultat est une étape du métier. Savoir à qui on le remet, comment on vérifie une identité, ce qu'on a le droit de dire au téléphone, ce que la loi impose : tout cela s'enseigne.

Je propose aux enseignants d'utiliser la démonstration de ROHAFYA comme support. Elle est gratuite, elle ne contient que des données fictives, et elle montre concrètement ce qu'un patient voit.

Je peux aussi venir en parler, bénévolement, le temps d'un cours : comment est construite une plateforme de résultats, quelles questions de confidentialité elle pose, quelles erreurs éviter.

Former les professionnels de demain à ces sujets est un intérêt commun."
90;2028-06-27;Mar;1;11:00;LinkedIn;Page LinkedIn ROHAFYA;FR;non;506;Dans les écoles de formation;"Aux écoles de formation médico-sanitaire et aux facultés.

La remise d'un résultat est une étape du métier, avec ses règles : identité du patient, confidentialité, traçabilité, protection des données.

Nous proposons aux enseignants d'utiliser la démonstration de ROHAFYA comme support de cours. Elle est gratuite, ne contient que des données fictives, et montre concrètement ce qu'un patient voit.

Nous pouvons aussi intervenir bénévolement dans un cours ou un séminaire. Contactez-nous en message privé."
90;2028-06-27;Mar;1;12:30;X;Compte X ROHAFYA;FR;non;231;Dans les écoles de formation;Enseignants en biologie médicale, en imagerie, en soins infirmiers : vos étudiants travailleront avec des résultats publiés en ligne. La démonstration de ROHAFYA est gratuite et peut servir de support de cours. #Formation #Cameroun
90;2028-06-27;Mar;1;18:00;X;Compte X personnel;FR;non;250;Dans les écoles de formation;On apprend dans les écoles à prélever, analyser, valider. On apprend moins ce qui se passe après : à qui remettre un résultat, comment vérifier une identité, ce qu'on peut dire au téléphone. Tout cela s'enseigne. Enseignants, je peux venir en parler.
90;2028-06-29;Jeu;2;08:00;LinkedIn;Profil LinkedIn personnel;FR;non;646;Dans les écoles de formation;"Aux enseignants : la démonstration de ROHAFYA peut servir en classe. Voici pourquoi elle s'y prête bien.

Elle ne contient que des données inventées : on peut la projeter sans aucun risque pour la confidentialité.

Elle ne demande aucune inscription : les étudiants peuvent l'ouvrir sur leur téléphone pendant le cours.

Elle montre une chose rarement enseignée : ce que voit le patient une fois le résultat validé. Les normes, le signalement hors norme, le nom du validateur, le partage avec un médecin.

Je peux aussi intervenir, bénévolement, sur la santé numérique au Cameroun et la protection des données de santé.

Enseignants, écrivez-moi."
90;2028-06-29;Jeu;2;11:00;LinkedIn;Page LinkedIn ROHAFYA;FR;non;569;Dans les écoles de formation;"Aux écoles de formation médico-sanitaire et aux facultés.

La remise des résultats est une étape du métier, avec ses règles : identité du patient, confidentialité, traçabilité, protection des données.

La démonstration de ROHAFYA peut servir de support pédagogique, gratuitement : elle montre ce que voit un patient, sans aucune donnée réelle.

Nous pouvons aussi intervenir bénévolement dans un cours ou un séminaire, sur la santé numérique au Cameroun et la protection des données de santé.

Enseignants et responsables pédagogiques : contactez-nous en message privé."
90;2028-06-29;Jeu;2;12:30;X;Compte X ROHAFYA;EN;non;197;Dans les écoles de formation;Teachers in lab science, imaging and nursing: your students will work with results published online. ROHAFYA's demo is free, uses fictional data only, and can be used in class. #Cameroon #Education
90;2028-06-29;Jeu;2;18:00;X;Compte X personnel;FR;non;249;Dans les écoles de formation;La démo de ROHAFYA ne contient que des données inventées et ne demande aucune inscription. Elle peut être projetée en cours pour illustrer la remise d'un résultat et les règles de confidentialité. Enseignants, servez-vous-en. [LIEN]
91;2028-07-04;Mar;1;08:00;LinkedIn;Profil LinkedIn personnel;FR;oui;731;Ce que disent les chiffres;"Je continue à publier les chiffres de ROHAFYA, trimestre après trimestre.

Établissements utilisateurs : [NOMBRE]. Patients rattachés : [NOMBRE]. Résultats publiés ce trimestre : [NOMBRE]. Part des patients qui se rattachent après avoir reçu un QR code : [POURCENTAGE].

Ce dernier chiffre est celui que je regarde le plus. Il dit si le service est réellement utilisé, ou seulement installé.

Dans l'établissement où il est le plus élevé, voici ce qui fait la différence : [VOTRE CONSTAT].

Dans celui où il est le plus bas, voici ce que nous essayons : [VOTRE ACTION].

Je ne publie pas ces chiffres pour impressionner. Je les publie parce qu'un établissement qui hésite a le droit de savoir ce que les autres obtiennent vraiment."
91;2028-07-04;Mar;1;11:00;LinkedIn;Page LinkedIn ROHAFYA;FR;oui;391;Ce que disent les chiffres;"ROHAFYA, ce trimestre.

Établissements utilisateurs : [NOMBRE].
Patients rattachés : [NOMBRE].
Résultats publiés : [NOMBRE].
Part des patients qui se rattachent après avoir reçu un QR code : [POURCENTAGE].

Ce dernier chiffre dit si le service est réellement utilisé, ou seulement installé.

Derrière chaque résultat publié, un déplacement évité. Merci aux équipes qui rendent cela possible."
91;2028-07-04;Mar;1;12:30;X;Compte X ROHAFYA;FR;oui;210;Ce que disent les chiffres;Ce trimestre sur ROHAFYA : [NOMBRE] établissements, [NOMBRE] patients rattachés, [NOMBRE] résultats publiés. Derrière chaque chiffre, un déplacement évité. Merci aux équipes qui rendent cela possible. #Cameroun
91;2028-07-04;Mar;1;18:00;X;Compte X personnel;FR;oui;251;Ce que disent les chiffres;Je continue à publier les chiffres de ROHAFYA. Ce trimestre : [NOMBRE] établissements, [NOMBRE] patients rattachés, [NOMBRE] résultats publiés. Le chiffre que je regarde le plus : la part des patients qui se rattachent après un QR code. [POURCENTAGE].
91;2028-07-06;Jeu;2;08:00;LinkedIn;Profil LinkedIn personnel;FR;non;720;Ce que disent les chiffres;"Le conseil que je donne à tout établissement dont les patients se rattachent peu, après plusieurs semaines de ROHAFYA.

Regardez trois indicateurs dans votre tableau de bord. Les QR codes actifs : combien ont été remis et pas encore utilisés. Les rattachements : combien de patients ont relié leur dossier. Les données reçues : combien de résultats ont été publiés.

Si les QR codes sont remis mais peu utilisés, le problème n'est presque jamais technique. Il est dans l'explication.

Une phrase prononcée à la caisse en remettant la facture change tout : « Avec ce code, vous recevez votre résultat sur votre téléphone, sans revenir. Voulez-vous que je vous montre ? »

Je vous aide à revoir cela lors du point mensuel."
91;2028-07-06;Jeu;2;11:00;LinkedIn;Page LinkedIn ROHAFYA;FR;non;495;Ce que disent les chiffres;"Comment savoir si ROHAFYA est réellement utilisé dans votre établissement ?

Trois indicateurs, visibles dans votre tableau de bord.

Les QR codes actifs : combien ont été remis et pas encore utilisés.

Les rattachements : combien de patients ont relié leur dossier à leur compte.

Les données reçues : combien de résultats et de factures ont été publiés.

Si les QR codes sont remis mais peu utilisés, c'est l'explication à l'accueil qu'il faut revoir. Nous vous y aidons lors du point mensuel."
91;2028-07-06;Jeu;2;12:30;X;Compte X ROHAFYA;EN;non;204;Ce que disent les chiffres;The metric that matters after go-live: the share of patients who link their record after receiving a QR code. It depends mostly on one thing: the sentence said at the cashier's desk. #Cameroon #HealthTech
91;2028-07-06;Jeu;2;18:00;X;Compte X personnel;FR;non;220;Ce que disent les chiffres;L'indicateur qui compte après une mise en service : la part des patients qui rattachent leur dossier après avoir reçu un QR code. Elle dépend surtout d'une chose : la phrase prononcée à la caisse en remettant la facture.
92;2028-07-11;Mar;1;08:00;LinkedIn;Profil LinkedIn personnel;FR;non;819;Pourquoi un abonnement;"« Pourquoi ne pas nous vendre le logiciel une fois pour toutes ? » La question est fréquente, et elle est de bon sens. Chez nous, on préfère souvent acheter que louer.

Voici ma réponse honnête. Un logiciel acheté une fois est un logiciel abandonné le lendemain : personne n'est payé pour le maintenir, le corriger, le sécuriser. Dans la santé, c'est dangereux.

Un abonnement finance ce qui ne se voit pas : l'hébergement, les sauvegardes, les correctifs de sécurité, l'assistance, la formation des nouvelles recrues.

Il aligne aussi nos intérêts. Si ROHAFYA cesse de vous être utile, vous arrêtez de payer. Je n'ai donc qu'une façon de gagner ma vie : rester utile, mois après mois.

À l'inverse, un vendeur payé d'avance n'a plus de raison de décrocher le téléphone. Je préfère devoir mériter chaque renouvellement."
92;2028-07-11;Mar;1;11:00;LinkedIn;Page LinkedIn ROHAFYA;FR;non;502;Pourquoi un abonnement;"Pourquoi ROHAFYA se paie par abonnement.

Chez nous, on préfère souvent acheter que louer. La question est de bon sens.

Mais un logiciel acheté une fois est un logiciel abandonné le lendemain : personne n'est payé pour le maintenir, le corriger, le sécuriser. Dans la santé, c'est un risque.

Un abonnement finance ce qui ne se voit pas : l'hébergement, les sauvegardes, les correctifs de sécurité, l'assistance.

Et il aligne nos intérêts : si ROHAFYA cesse de vous être utile, vous arrêtez de payer."
92;2028-07-11;Mar;1;12:30;X;Compte X ROHAFYA;FR;non;226;Pourquoi un abonnement;Pourquoi ROHAFYA se paie par abonnement et non à l'achat ? Parce qu'un service en ligne vit : hébergement, mises à jour, assistance, sécurité. Vous payez tant qu'il vous sert, vous arrêtez quand il ne vous sert plus. #Cameroun
92;2028-07-11;Mar;1;18:00;X;Compte X personnel;FR;non;251;Pourquoi un abonnement;« Pourquoi ne pas nous vendre le logiciel une fois pour toutes ? » Parce qu'un logiciel acheté une fois est abandonné le lendemain : personne n'est payé pour le maintenir. En santé, c'est dangereux. Et l'abonnement m'oblige à rester utile chaque mois.
92;2028-07-13;Jeu;2;08:00;LinkedIn;Profil LinkedIn personnel;FR;non;614;Pourquoi un abonnement;"Ce que comprend l'abonnement ROHAFYA, sans petites lignes : l'hébergement, les mises à jour, l'assistance, et la formation des nouvelles personnes de l'accueil.

Pas de licence par poste. Pas de matériel à acheter. Pas de frais cachés.

Je tiens à ce modèle pour une raison qui me concerne directement : il m'oblige à mériter chaque renouvellement. Un vendeur payé d'avance n'a plus de raison de décrocher le téléphone. Moi, si.

Directeurs, je suis curieux de votre préférence : payer une fois et vous débrouiller ensuite, ou payer chaque mois avec l'assistance comprise ? Vos réponses m'aident à ajuster l'offre."
92;2028-07-13;Jeu;2;11:00;LinkedIn;Page LinkedIn ROHAFYA;FR;non;602;Pourquoi un abonnement;"Pourquoi ROHAFYA est un abonnement, et non un achat unique.

Un logiciel acheté une fois est un logiciel abandonné le lendemain : personne n'est payé pour le maintenir, le corriger ou le sécuriser. Dans la santé, c'est un risque.

Un abonnement finance ce que vous ne voyez pas : l'hébergement, les mises à jour de sécurité, l'assistance, la formation des nouvelles personnes de l'accueil.

Il aligne aussi nos intérêts. Si ROHAFYA cesse d'être utile, vous arrêtez de payer.

Pas de licence par poste, pas de matériel, pas de frais cachés. Écrivez-nous pour un devis adapté à votre volume de résultats."
92;2028-07-13;Jeu;2;12:30;X;Compte X ROHAFYA;EN;non;243;Pourquoi un abonnement;Why ROHAFYA is a subscription: software bought once is abandoned the next day. A subscription pays for hosting, security updates, support and training. If it stops being useful, you stop paying. No per-seat licence, no hidden fees. #HealthTech
92;2028-07-13;Jeu;2;18:00;X;Compte X personnel;FR;non;233;Pourquoi un abonnement;L'abonnement ROHAFYA comprend l'hébergement, les mises à jour, l'assistance et la formation des nouvelles recrues de l'accueil. Pas de licence par poste, pas de matériel, pas de frais cachés. Et je dois mériter chaque renouvellement.
93;2028-07-18;Mar;1;08:00;LinkedIn;Profil LinkedIn personnel;FR;non;802;Changer de logiciel sans perdre vos patients;"Tout établissement change un jour de logiciel de gestion. C'est toujours un moment difficile : nouvelles habitudes, données à reprendre, patients déroutés.

Quand le portail patient est une fonction du logiciel, il disparaît avec lui. Les patients perdent leurs accès, il faut tout recommencer.

Avec ROHAFYA, le portail est indépendant. Il reçoit les données de n'importe quel logiciel capable de les lui envoyer. Le jour où vous changez de système, vous branchez le nouveau, et rien ne bouge du côté des patients : même compte, même adresse, même façon de se connecter.

C'est un avantage discret, qui pèse lourd pour les directeurs ayant déjà vécu une migration.

L'indépendance entre vos outils est une assurance. Elle vous laisse libre de choisir le meilleur logiciel sans tenir compte du portail."
93;2028-07-18;Mar;1;11:00;LinkedIn;Page LinkedIn ROHAFYA;FR;non;519;Changer de logiciel sans perdre vos patients;"Changer de logiciel sans perdre vos patients.

Tout établissement change un jour de logiciel de gestion. C'est toujours un moment difficile : nouvelles habitudes, données à reprendre, patients déroutés.

Quand le portail patient est une fonction du logiciel, il disparaît avec lui.

Avec ROHAFYA, le portail est indépendant. Le jour où vous changez de système, vous branchez le nouveau, et rien ne bouge du côté des patients : même compte, même façon de se connecter.

L'indépendance entre vos outils est une assurance."
93;2028-07-18;Mar;1;12:30;X;Compte X ROHAFYA;FR;non;210;Changer de logiciel sans perdre vos patients;Vous changez de logiciel de laboratoire ? Vos patients, eux, gardent leur compte ROHAFYA. Le nouveau logiciel se branche à son tour, et les résultats continuent d'arriver au même endroit. #Laboratoire #Cameroun
93;2028-07-18;Mar;1;18:00;X;Compte X personnel;FR;non;234;Changer de logiciel sans perdre vos patients;Tout établissement change un jour de logiciel. Quand le portail patient est une fonction du logiciel, il disparaît avec lui. Avec ROHAFYA, le portail est indépendant : on branche le nouveau système, et rien ne bouge pour les patients.
93;2028-07-20;Jeu;2;08:00;LinkedIn;Profil LinkedIn personnel;FR;non;656;Changer de logiciel sans perdre vos patients;"Aux directeurs qui préparent un changement de logiciel de laboratoire ou de gestion : parlons-en avant, pas après.

ROHAFYA ne dépend d'aucun logiciel en particulier. Tout système capable d'envoyer des données au format ROHAFYA ou au standard HL7 FHIR R4 peut s'y brancher.

Une migration est donc le meilleur moment pour brancher ROHAFYA : votre informaticien travaille déjà sur les flux de données, et vos patients ne verront qu'une seule nouveauté au lieu de deux.

Et si vous changez à nouveau dans cinq ans, vos patients garderont leur compte.

Cet avantage pèse lourd pour ceux qui ont déjà vécu une migration douloureuse. Les autres le découvriront."
93;2028-07-20;Jeu;2;11:00;LinkedIn;Page LinkedIn ROHAFYA;FR;non;481;Changer de logiciel sans perdre vos patients;"Un portail patient indépendant de votre logiciel.

Si le portail est intégré à votre logiciel de gestion, il disparaît le jour où vous en changez.

ROHAFYA est distinct : il reçoit les données de tout logiciel capable de les envoyer, au format ROHAFYA ou au standard HL7 FHIR R4.

En cas de migration, vos patients ne voient aucune différence. Leur compte reste le même.

Si vous préparez un changement de système, parlons-en avant : c'est le meilleur moment pour brancher ROHAFYA."
93;2028-07-20;Jeu;2;12:30;X;Compte X ROHAFYA;EN;non;190;Changer de logiciel sans perdre vos patients;Changing your lab software? Your patients keep their ROHAFYA account. The new system plugs in, and results keep arriving in the same place. Independence between tools is insurance. #Cameroon
93;2028-07-20;Jeu;2;18:00;X;Compte X personnel;FR;non;221;Changer de logiciel sans perdre vos patients;ROHAFYA ne dépend d'aucun logiciel de laboratoire. Tout système capable d'envoyer du JSON ROHAFYA ou du HL7 FHIR R4 s'y branche. Vous changez de logiciel ? Vos patients gardent leur compte. Vous restez libre de vos choix.
94;2028-07-25;Mar;1;08:00;LinkedIn;Profil LinkedIn personnel;FR;non;783;Dépister, transmettre, suivre;"L'an dernier, j'écrivais qu'un dépistage réussi n'est pas un prélèvement, mais un résultat lu par un médecin. J'ajoute cette année un troisième temps : le suivi.

Pour certaines maladies, le premier résultat n'est qu'un début. Viennent ensuite des contrôles, sur des mois ou des années. Le patient devient, de fait, le gardien de son propre dossier.

C'est une responsabilité lourde, qu'on lui laisse sans outil. On lui tend des feuilles, et on lui dit de les garder.

Je trouve cela étonnant, à une époque où le même patient a dans son téléphone l'historique de tous ses transferts d'argent, sans avoir rien classé lui-même.

Si l'on sait garder la trace d'un paiement de 500 francs, on doit pouvoir garder celle d'un examen médical. C'est une question de volonté, pas de technique."
94;2028-07-25;Mar;1;11:00;LinkedIn;Page LinkedIn ROHAFYA;FR;non;536;Dépister, transmettre, suivre;"28 juillet, Journée mondiale contre l'hépatite.

Pour certaines maladies, le premier résultat n'est qu'un début. Viennent ensuite des contrôles, sur des mois ou des années. Le patient devient le gardien de son propre dossier.

C'est une lourde responsabilité, qu'on lui laisse souvent sans outil : on lui tend des feuilles, et on lui dit de les garder.

Le même patient retrouve pourtant dans son téléphone l'historique de tous ses transferts d'argent.

Garder la trace d'un examen médical est une question de volonté, pas de technique."
94;2028-07-25;Mar;1;12:30;X;Compte X ROHAFYA;FR;non;195;Dépister, transmettre, suivre;Vendredi 28 juillet, Journée mondiale contre l'hépatite. Un dépistage est utile quand il mène à un suivi. Et le suivi commence par un résultat que le patient possède vraiment. #Hépatite #Cameroun
94;2028-07-25;Mar;1;18:00;X;Compte X personnel;FR;non;248;Dépister, transmettre, suivre;Dans son téléphone, chacun retrouve l'historique de tous ses transferts d'argent, sans avoir rien classé. Mais on tend au patient des feuilles d'examen en lui disant de les garder. Si l'on sait tracer 500 francs, on peut tracer un examen. #Hépatite
94;2028-07-27;Jeu;2;08:00;LinkedIn;Profil LinkedIn personnel;FR;non;675;Dépister, transmettre, suivre;"Dépister, transmettre, suivre. Trois temps, et le patient est le seul à les traverser tous.

L'an dernier, j'insistais sur le deuxième : un dépistage réussi est un résultat lu par un médecin. Cette année, je pense au troisième.

Avec ROHAFYA, les résultats publiés par les établissements utilisateurs restent dans le compte du patient, datés, prêts à être partagés avec le médecin qui le suit. Le fil ne se perd pas d'un contrôle à l'autre.

Aux laboratoires engagés dans le dépistage : la remise en ligne est un moyen simple de vous assurer que vos résultats ne s'arrêtent pas au guichet.

Une pensée pour les équipes de terrain, en cette Journée mondiale contre l'hépatite."
94;2028-07-27;Jeu;2;11:00;LinkedIn;Page LinkedIn ROHAFYA;FR;non;484;Dépister, transmettre, suivre;"28 juillet, Journée mondiale contre l'hépatite.

Dépister, transmettre le résultat, organiser le suivi : trois temps, et le patient est le seul à les traverser tous.

ROHAFYA l'aide à tenir le fil : les résultats publiés par les établissements utilisateurs restent dans son compte, datés, prêts à être partagés avec le médecin qui le suit.

Laboratoires engagés dans le dépistage : la remise en ligne est un moyen simple de vous assurer que vos résultats ne s'arrêtent pas au guichet."
94;2028-07-27;Jeu;2;12:30;X;Compte X ROHAFYA;EN;non;166;Dépister, transmettre, suivre;World Hepatitis Day is this week. Screening helps when it leads to follow-up, and follow-up starts with a result the patient truly holds. #WorldHepatitisDay #Cameroon
94;2028-07-27;Jeu;2;18:00;X;Compte X personnel;FR;non;233;Dépister, transmettre, suivre;Dans son téléphone, chacun retrouve l'historique de ses transferts d'argent. Il devrait y retrouver aussi celui de ses examens médicaux. C'est exactement le rôle que je veux donner au compte ROHAFYA. [LIEN] #Hépatite
95;2028-08-01;Mar;1;08:00;LinkedIn;Profil LinkedIn personnel;FR;non;814;Cinq erreurs à éviter;"En presque deux ans à parler de santé numérique avec des établissements, voici les cinq erreurs qui me paraissent les plus coûteuses. Elles valent pour ROHAFYA comme pour n'importe quel autre outil.

Un : tout lancer en même temps. Mieux vaut un service, deux mois, puis le reste.

Deux : décider sans l'accueil. Ce sont eux qui feront vivre l'outil, ou qui le laisseront mourir.

Trois : ne rien mesurer avant. Sans point de départ, impossible de savoir si l'on a progressé.

Quatre : ne pas expliquer aux patients. Un QR code sans un mot d'explication finit à la poubelle avec la facture.

Cinq : négliger le contrat sur les données. Le jour d'un incident, c'est le seul document qui compte.

Aucune de ces erreurs n'est technique. Toutes sont humaines. C'est une bonne nouvelle : elles se corrigent sans budget."
95;2028-08-01;Mar;1;11:00;LinkedIn;Page LinkedIn ROHAFYA;FR;non;511;Cinq erreurs à éviter;"Cinq erreurs qui font échouer un projet numérique en santé.

Tout lancer en même temps, au lieu d'un service pendant deux mois.
Décider sans l'accueil, qui fera vivre l'outil ou le laissera mourir.
Ne rien mesurer avant, et ne jamais savoir si l'on a progressé.
Ne pas expliquer aux patients : un QR code sans un mot finit à la poubelle avec la facture.
Négliger le contrat sur les données, seul document qui compte le jour d'un incident.

Aucune de ces erreurs n'est technique. Toutes se corrigent sans budget."
95;2028-08-01;Mar;1;12:30;X;Compte X ROHAFYA;FR;non;218;Cinq erreurs à éviter;Cinq erreurs qui font échouer un projet numérique en santé : vouloir tout faire d'un coup, oublier l'accueil, ne rien mesurer avant, ne pas expliquer aux patients, signer sans contrat sur les données. #Cameroun #eSanté
95;2028-08-01;Mar;1;18:00;X;Compte X personnel;FR;non;259;Cinq erreurs à éviter;Après presque deux ans à parler de santé numérique, cinq erreurs qui me paraissent les plus coûteuses : tout lancer d'un coup, décider sans l'accueil, ne rien mesurer, ne pas expliquer aux patients, négliger le contrat sur les données. Aucune n'est technique.
95;2028-08-03;Jeu;2;08:00;LinkedIn;Profil LinkedIn personnel;FR;non;641;Cinq erreurs à éviter;"La liste de contrôle que j'applique à chaque mise en service de ROHAFYA. Je la partage parce qu'elle vaut pour n'importe quel outil numérique en santé.

Un périmètre de départ limité : un service, ou une catégorie de patients.
L'accueil associé dès la décision.
Trois mesures avant le démarrage : résultats non retirés, appels quotidiens, temps de recherche.
Une information claire aux patients : affiche, phrase à la caisse, mode d'emploi.
Un accord écrit sur les données, qui précise les rôles de chacun.

Cette liste est remise à chaque établissement avant tout engagement. Utilisez-la, même si vous choisissez un autre outil que le mien."
95;2028-08-03;Jeu;2;11:00;LinkedIn;Page LinkedIn ROHAFYA;FR;non;518;Cinq erreurs à éviter;"Réussir un projet de remise en ligne des résultats : notre liste de contrôle.

Un périmètre de départ limité : un service ou une catégorie de patients.

L'accueil associé dès la décision.

Trois mesures avant le démarrage : résultats non retirés, appels quotidiens, temps de recherche.

Une information claire aux patients : affiche, phrase à la caisse, mode d'emploi.

Un contrat qui précise les rôles sur les données.

Nous appliquons cette liste à chaque mise en service. Elle vous est remise avant tout engagement."
95;2028-08-03;Jeu;2;12:30;X;Compte X ROHAFYA;EN;non;203;Cinq erreurs à éviter;Five mistakes that sink digital health projects: doing everything at once, forgetting the front desk, measuring nothing beforehand, not explaining to patients, signing without a data agreement. #Cameroon
95;2028-08-03;Jeu;2;18:00;X;Compte X personnel;FR;non;239;Cinq erreurs à éviter;Ma liste avant de lancer un outil numérique dans un établissement : un périmètre limité, l'accueil associé, trois chiffres de départ, l'information aux patients, l'accord sur les données. Elle vaut pour ROHAFYA comme pour tout autre outil.
96;2028-08-08;Mar;1;08:00;LinkedIn;Profil LinkedIn personnel;FR;non;816;Les questions des patients;"Je réponds aujourd'hui aux questions que les patients posent le plus. Si vous travaillez à l'accueil d'un établissement, vous pouvez vous en servir.

« Est-ce payant ? » Non. Le compte est gratuit pour le patient. C'est l'établissement qui s'abonne.

« Dois-je installer quelque chose ? » Non. ROHAFYA s'ouvre dans le navigateur du téléphone.

« J'ai changé de téléphone. » Aucune importance : le compte est lié à l'adresse e-mail, pas à l'appareil.

« Je n'ai pas reçu le code. » Regardez dans les courriers indésirables, puis redemandez-en un.

« Je ne vois pas mon résultat. » Soit il n'est pas encore publié, soit le dossier n'est pas encore rattaché, soit l'établissement a fixé une règle, par exemple une facture à régler.

« Puis-je arrêter ? » Oui, à tout moment, en retirant l'établissement de votre compte."
96;2028-08-08;Mar;1;11:00;LinkedIn;Page LinkedIn ROHAFYA;FR;non;527;Les questions des patients;"Les questions que posent les patients, et nos réponses.

Est-ce payant ? Non. Le compte est gratuit pour le patient ; c'est l'établissement qui s'abonne.

Faut-il installer une application ? Non. ROHAFYA s'ouvre dans le navigateur du téléphone.

J'ai changé de téléphone. Aucune importance : le compte est lié à votre adresse e-mail, pas à l'appareil.

Je n'ai pas reçu le code. Regardez dans les courriers indésirables, puis redemandez-en un.

Puis-je arrêter ? Oui, à tout moment, en retirant l'établissement de votre compte."
96;2028-08-08;Mar;1;12:30;X;Compte X ROHAFYA;FR;non;221;Les questions des patients;Questions de patients : « Est-ce gratuit pour moi ? » Oui. « Faut-il une application ? » Non, un navigateur suffit. « Et si je change de téléphone ? » Votre compte tient à votre e-mail, pas à l'appareil. #Cameroun #eSanté
96;2028-08-08;Mar;1;18:00;X;Compte X personnel;FR;non;242;Les questions des patients;Les questions que les patients me posent le plus : « C'est payant ? » Non, c'est l'établissement qui s'abonne. « Faut-il installer une application ? » Non. « J'ai changé de téléphone ? » Aucune importance, le compte suit votre e-mail. #eSanté
96;2028-08-10;Jeu;2;08:00;LinkedIn;Profil LinkedIn personnel;FR;non;644;Les questions des patients;"La question de patient que je préfère, parce qu'elle a plusieurs réponses : « Je ne vois pas mon résultat. »

Première cause possible : il n'est pas encore publié. Le laboratoire ne l'a pas encore validé ou envoyé.

Deuxième cause : le dossier n'est pas encore rattaché au compte. Il faut scanner le QR code, ou attendre la validation de l'accueil.

Troisième cause : une règle de l'établissement s'applique. Une facture à régler, ou une durée d'accès écoulée.

Aux équipes d'accueil : avec ces trois questions, vous résolvez presque tous les cas en une minute.

Et aux patients : si aucune ne s'applique, dites-le à l'accueil, ou écrivez-nous."
96;2028-08-10;Jeu;2;11:00;LinkedIn;Page LinkedIn ROHAFYA;FR;non;610;Les questions des patients;"Les patients posent souvent les mêmes questions. Voici les réponses.

Est-ce gratuit ? Oui. Le compte est gratuit pour le patient ; c'est l'établissement qui paie l'abonnement.

Faut-il une application ? Non. ROHAFYA s'ouvre dans le navigateur du téléphone.

Et si je change de téléphone ? Le compte est lié à l'adresse e-mail, pas à l'appareil.

Je ne vois pas mon résultat. Soit il n'est pas encore publié, soit le dossier n'est pas encore rattaché, soit l'établissement applique une règle, comme une facture impayée.

Puis-je me désinscrire ? Oui, à tout moment, en retirant l'établissement de votre compte."
96;2028-08-10;Jeu;2;12:30;X;Compte X ROHAFYA;EN;non;245;Les questions des patients;Patient FAQ: Is it free? Yes, the facility pays. Do I need an app? No, it opens in your browser. New phone? Your account follows your email. Can't see a result? Not published yet, record not linked yet, or a facility rule applies. #DigitalHealth
96;2028-08-10;Jeu;2;18:00;X;Compte X personnel;FR;non;241;Les questions des patients;« Je ne vois pas mon résultat dans ROHAFYA. » Trois causes possibles : il n'est pas encore publié, le dossier n'est pas encore rattaché, ou une règle de l'établissement s'applique (facture à régler, durée d'accès écoulée). Une minute suffit.
97;2028-08-15;Mar;1;08:00;LinkedIn;Profil LinkedIn personnel;FR;non;801;Les questions des directeurs;"Après les questions des patients, celles des directeurs. Je les entends à chaque rendez-vous, alors autant y répondre publiquement.

« Faut-il remplacer mon logiciel ? » Non, ROHAFYA s'y branche.

« Qui voit mes données ? » Vous, vos patients pour ce qui les concerne, et les médecins avec qui ils partagent. Pas les autres établissements.

« Que se passe-t-il si je ne paie plus ? » Le service s'arrête, vos données d'origine restent dans votre logiciel.

« Combien de temps pour démarrer ? » De quelques jours à quelques semaines, selon votre logiciel et votre informaticien.

« Mes patients vont-ils s'en servir ? » C'est la vraie question, et la seule réponse honnête est : essayons 60 jours, et regardons.

« Pourquoi vous, plutôt qu'un grand éditeur ? » Parce que je décroche quand vous appelez."
97;2028-08-15;Mar;1;11:00;LinkedIn;Page LinkedIn ROHAFYA;FR;non;528;Les questions des directeurs;"Les six questions que posent les directeurs d'établissement.

Faut-il changer de logiciel ? Non, ROHAFYA s'y branche.

Les autres établissements voient-ils nos patients ? Non.

Peut-on arrêter ? Oui, sans pénalité, à la fin de la période payée.

Que deviennent nos données si l'on arrête ? Votre espace est supprimé ; vos données d'origine sont restées dans votre logiciel.

Combien de temps pour démarrer ? De quelques jours à quelques semaines.

Nos patients s'en serviront-ils ? L'essai de 60 jours est fait pour le vérifier."
97;2028-08-15;Mar;1;12:30;X;Compte X ROHAFYA;FR;non;241;Les questions des directeurs;Questions de directeurs : « Dois-je changer de logiciel ? » Non. « Mes concurrents verront-ils mes patients ? » Non. « Puis-je arrêter ? » Oui, sans pénalité. « Combien de temps pour démarrer ? » Quelques jours à quelques semaines. #Cameroun
97;2028-08-15;Mar;1;18:00;X;Compte X personnel;FR;non;248;Les questions des directeurs;Les questions que les directeurs me posent à chaque rendez-vous. « Faut-il remplacer mon logiciel ? » Non. « Mes concurrents verront-ils mes patients ? » Non. « Pourquoi vous, plutôt qu'un grand éditeur ? » Parce que je décroche quand vous appelez.
97;2028-08-17;Jeu;2;08:00;LinkedIn;Profil LinkedIn personnel;FR;non;637;Les questions des directeurs;"La question de directeur à laquelle je refuse de répondre par une promesse : « Mes patients vont-ils vraiment utiliser ROHAFYA ? »

Je n'en sais rien. Personne n'en sait rien à l'avance, pour un établissement donné.

Cela dépend de vos patients, de votre quartier, de votre accueil, et surtout de la façon dont le service leur est présenté.

La seule réponse honnête tient en 60 jours d'essai et un chiffre : la part des patients qui rattachent leur dossier après avoir reçu le QR code.

Si ce chiffre est bon, vous continuez. S'il ne l'est pas, on cherche pourquoi ensemble, ou vous arrêtez. Dans les deux cas, vous décidez sur un fait."
97;2028-08-17;Jeu;2;11:00;LinkedIn;Page LinkedIn ROHAFYA;FR;non;543;Les questions des directeurs;"Les six questions que posent les directeurs d'établissement.

Faut-il changer de logiciel ? Non.

Les autres établissements voient-ils nos patients ? Non.

Peut-on arrêter ? Oui, sans pénalité, à la fin de la période payée.

Que deviennent nos données si l'on arrête ? Votre espace est supprimé ; vos données d'origine sont restées dans votre logiciel.

Combien de temps pour démarrer ? De quelques jours à quelques semaines.

Nos patients s'en serviront-ils ? L'essai de 60 jours est fait pour le vérifier.

Une autre question ? Écrivez-nous."
97;2028-08-17;Jeu;2;12:30;X;Compte X ROHAFYA;EN;non;200;Les questions des directeurs;"Questions from facility managers: ""Do we replace our software?"" No. ""Will competitors see our patients?"" No. ""Can we stop?"" Yes, no penalty. ""Will patients use it?"" A 60-day trial will tell. #Cameroon"
97;2028-08-17;Jeu;2;18:00;X;Compte X personnel;FR;non;220;Les questions des directeurs;« Mes patients vont-ils vraiment utiliser ROHAFYA ? » Je refuse d'y répondre par une promesse. La seule réponse honnête : 60 jours d'essai, et la part des patients qui rattachent leur dossier après avoir reçu le QR code.
98;2028-08-22;Mar;1;08:00;LinkedIn;Profil LinkedIn personnel;FR;non;795;Les questions des informaticiens;"Troisième série de questions, celles des informaticiens. Ce sont souvent eux qui font pencher la décision, et ils ont raison d'être exigeants.

« Quel format ? » Du JSON simple, ou le standard HL7 FHIR R4.

« Comment s'authentifie-t-on ? » Par une clé propre à l'établissement, transmise dans un en-tête, toujours en HTTPS.

« Que se passe-t-il si j'envoie deux fois la même chose ? » L'élément est mis à jour. Aucun doublon.

« Peut-on retirer un envoi erroné ? » Oui, par son code.

« Y a-t-il un environnement de test ? » Oui, avec un jeu de données fictives et des scripts prêts à lancer.

« Et si la clé fuit ? » On la renouvelle, l'ancienne meurt aussitôt.

Ce que j'apprécie chez les informaticiens : ils ne croient pas les brochures. Ils testent. C'est exactement ce que je leur propose."
98;2028-08-22;Mar;1;11:00;LinkedIn;Page LinkedIn ROHAFYA;FR;non;544;Les questions des informaticiens;"Les questions des informaticiens, et nos réponses.

Quel format ? Du JSON simple, ou le standard HL7 FHIR R4.

Comment s'authentifie-t-on ? Par une clé propre à l'établissement, transmise dans un en-tête, toujours en HTTPS.

Et si l'on envoie deux fois la même chose ? L'élément est mis à jour. Aucun doublon.

Peut-on retirer un envoi erroné ? Oui, par son code.

Y a-t-il un environnement de test ? Oui, avec des données fictives et des scripts prêts à lancer.

Et si la clé fuit ? On la renouvelle ; l'ancienne cesse aussitôt de fonctionner."
98;2028-08-22;Mar;1;12:30;X;Compte X ROHAFYA;FR;non;217;Les questions des informaticiens;Questions d'informaticiens : format ? JSON ou FHIR R4. Authentification ? Une clé d'API dans un en-tête. Doublons ? Aucun, les envois sont répétables. Environnement de test ? Oui, avec données fictives. #API #Cameroun
98;2028-08-22;Mar;1;18:00;X;Compte X personnel;FR;non;256;Les questions des informaticiens;Les informaticiens font souvent pencher la décision, et ils ont raison d'être exigeants. Ce que j'apprécie chez eux : ils ne croient pas les brochures, ils testent. C'est exactement ce que je leur propose : un environnement de test et des données fictives.
98;2028-08-24;Jeu;2;08:00;LinkedIn;Profil LinkedIn personnel;FR;non;638;Les questions des informaticiens;"Un détail technique que les informaticiens apprécient dans ROHAFYA : chaque envoi de données reçoit une réponse claire.

Trois compteurs : éléments créés, éléments mis à jour, total. L'informaticien sait immédiatement ce qui a été pris en compte, sans avoir à vérifier à la main dans l'espace d'administration.

Si un élément a été envoyé par erreur, il se retire par son code.

Et comme les envois sont répétables, un script qui plante au milieu peut être relancé sans risque de doublon.

Ce ne sont pas des fonctions spectaculaires. Ce sont celles qui font qu'une intégration tient dans le temps, sans appel au secours un vendredi soir."
98;2028-08-24;Jeu;2;11:00;LinkedIn;Page LinkedIn ROHAFYA;FR;non;520;Les questions des informaticiens;"L'intégration technique, en six réponses.

Formats acceptés : JSON au format ROHAFYA, ou HL7 FHIR R4.

Authentification : clé d'API par établissement, dans un en-tête HTTP, en HTTPS.

Envois répétables : un élément renvoyé est mis à jour, jamais dupliqué.

Correction : un envoi erroné se retire par son code.

Test : un établissement de test, un jeu de données fictives, deux scripts d'envoi.

Sécurité : la clé se renouvelle à tout moment, l'ancienne cesse aussitôt de fonctionner.

Documentation complète sur demande."
98;2028-08-24;Jeu;2;12:30;X;Compte X ROHAFYA;EN;non;180;Les questions des informaticiens;Questions from IT teams: Format? JSON or FHIR R4. Auth? An API key in a header. Duplicates? None, uploads are idempotent. Test environment? Yes, with fictional data. #API #Cameroon
98;2028-08-24;Jeu;2;18:00;X;Compte X personnel;FR;non;234;Les questions des informaticiens;À chaque envoi de données, ROHAFYA répond par trois compteurs : créés, mis à jour, total. L'informaticien sait aussitôt ce qui a été pris en compte. Un envoi erroné se retire par son code. Pas d'appel au secours le vendredi soir. #API
99;2028-08-29;Mar;1;08:00;LinkedIn;Profil LinkedIn personnel;FR;non;743;Préparer la rentrée;"L'an dernier, à la rentrée, j'écrivais qu'il ne faut jamais démarrer un outil en pleine période de pointe. Je le maintiens, avec un complément : il faut le démarrer juste avant.

Les semaines calmes de fin août sont idéales. L'équipe a le temps d'apprendre, les premiers patients servent de rodage, et quand la vague arrive, les gestes sont acquis.

Un établissement qui attend d'être débordé pour chercher une solution ne la mettra jamais en place : il sera trop occupé à être débordé.

C'est un travers très humain, et je le connais bien. On répare le toit quand il pleut, alors qu'il fallait le faire au soleil.

Si vous avez noté l'an dernier que la rentrée avait été difficile pour votre accueil, cette semaine est la bonne pour m'écrire."
99;2028-08-29;Mar;1;11:00;LinkedIn;Page LinkedIn ROHAFYA;FR;non;500;Préparer la rentrée;"La rentrée approche. C'est maintenant qu'il faut se préparer.

Chaque année, septembre apporte son lot de bilans, de certificats et de visites d'aptitude, et des files plus longues.

Les semaines calmes de fin août sont idéales pour démarrer la remise en ligne des résultats. L'équipe a le temps d'apprendre, les premiers patients servent de rodage, et quand la vague arrive, les gestes sont acquis.

Un établissement qui attend d'être débordé pour chercher une solution ne la mettra jamais en place."
99;2028-08-29;Mar;1;12:30;X;Compte X ROHAFYA;FR;non;227;Préparer la rentrée;Dans une semaine, la rentrée : bilans, certificats, visites d'aptitude. Si votre accueil a souffert l'an dernier, c'est maintenant qu'il faut préparer la remise en ligne des résultats, pas le jour de la ruée. #Rentrée #Cameroun
99;2028-08-29;Mar;1;18:00;X;Compte X personnel;FR;non;255;Préparer la rentrée;L'an dernier, j'écrivais qu'il ne faut jamais démarrer un outil en pleine rentrée. J'ajoute : il faut le démarrer juste avant. Un établissement qui attend d'être débordé ne trouvera jamais le temps. On répare le toit au soleil, pas sous la pluie. #Rentrée
99;2028-08-31;Jeu;2;08:00;LinkedIn;Profil LinkedIn personnel;FR;non;686;Préparer la rentrée;"Combien de temps faut-il pour mettre ROHAFYA en service avant une période de pointe ? Une à deux semaines, si le logiciel de l'établissement sait envoyer des données.

La première semaine : brancher le logiciel, faire les essais avec des données fictives, former l'accueil.

La seconde : servir les premiers patients, corriger ce qui doit l'être, ajuster la phrase prononcée à la caisse.

Quand la vague de la rentrée arrive, l'accueil connaît déjà les gestes, et les patients ne reviennent que si un original est exigé.

Si vous avez noté l'an dernier que la rentrée avait été difficile pour votre accueil, cette semaine est la bonne pour m'écrire. La semaine prochaine sera trop tard."
99;2028-08-31;Jeu;2;11:00;LinkedIn;Page LinkedIn ROHAFYA;FR;non;439;Préparer la rentrée;"La rentrée approche : préparez votre accueil.

Chaque année, septembre apporte son lot de bilans et de certificats, et des files plus longues.

Les établissements qui publient leurs résultats en ligne abordent cette période plus sereinement : les patients ne reviennent que si un original est exigé.

Il est encore temps de démarrer avant la vague, à condition de commencer cette semaine. Écrivez-nous pour une mise en service accompagnée."
99;2028-08-31;Jeu;2;12:30;X;Compte X ROHAFYA;EN;non;196;Préparer la rentrée;Back-to-school rush is a week away: check-ups, certificates, fitness visits. If your front desk struggled last year, now is the time to set up online results, not on the day of the rush. #Cameroon
99;2028-08-31;Jeu;2;18:00;X;Compte X personnel;FR;non;239;Préparer la rentrée;Mettre ROHAFYA en service avant une période de pointe : une à deux semaines suffisent si le logiciel sait envoyer des données. Les premiers patients servent de rodage, la vague arrive ensuite. Cette semaine, c'est encore possible. #Rentrée
100;2028-09-05;Mar;1;08:00;LinkedIn;Profil LinkedIn personnel;FR;oui;761;Recommander ROHAFYA;"Les rendez-vous les plus utiles viennent rarement d'une publication ou d'un appel à froid. Ils viennent d'une phrase : « Appelle-le de ma part. »

Dans la santé, au Cameroun comme ailleurs, la confiance circule de personne à personne. Un biologiste écoute un autre biologiste. Un directeur de clinique écoute un confrère.

J'en tire une conséquence simple : mon meilleur commercial, c'est un établissement satisfait.

Je formalise donc ce qui se faisait déjà. Tout établissement abonné qui en recommande un autre reçoit un mois d'abonnement offert quand le nouveau s'abonne.

Mais je demande une chose en échange : ne recommandez ROHAFYA que si vous en êtes vraiment content. Une recommandation de complaisance me coûterait plus cher qu'elle ne me rapporterait."
100;2028-09-05;Mar;1;11:00;LinkedIn;Page LinkedIn ROHAFYA;FR;oui;444;Recommander ROHAFYA;"Dans la santé, la confiance circule de personne à personne.

Un biologiste écoute un autre biologiste. Un directeur de clinique écoute un confrère.

C'est pourquoi nous formalisons la recommandation. Tout établissement abonné qui recommande ROHAFYA à un autre reçoit un mois d'abonnement offert dès que le nouvel établissement s'abonne.

Nous ne demandons qu'une chose en retour : ne recommandez ROHAFYA que si vous en êtes vraiment satisfaits."
100;2028-09-05;Mar;1;12:30;X;Compte X ROHAFYA;FR;oui;231;Recommander ROHAFYA;Vous utilisez ROHAFYA et vous en êtes satisfait ? Recommandez-le à un confrère : s'il s'abonne, un mois d'abonnement vous est offert. La meilleure publicité d'un outil de santé, c'est un directeur qui en parle à un autre. #Cameroun
100;2028-09-05;Mar;1;18:00;X;Compte X personnel;FR;oui;244;Recommander ROHAFYA;Mes rendez-vous les plus utiles ne viennent ni d'une publication ni d'un appel à froid. Ils viennent d'une phrase : « Appelle-le de ma part. » D'où le parrainage : un mois offert à l'établissement qui recommande, dès que le recommandé s'abonne.
100;2028-09-07;Jeu;2;08:00;LinkedIn;Profil LinkedIn personnel;FR;oui;610;Recommander ROHAFYA;"Le parrainage de ROHAFYA, en détail.

Un établissement abonné recommande ROHAFYA à un confrère. Dès que ce confrère s'abonne, l'établissement qui l'a recommandé reçoit un mois d'abonnement offert.

Il n'y a pas de limite au nombre de recommandations.

Je tiens à une condition, qui n'est écrite nulle part mais à laquelle je crois : ne recommandez que si vous êtes content. Une recommandation de complaisance me coûterait plus cher qu'elle ne me rapporterait.

Si vous connaissez un confrère qui se débat avec des résultats non retirés, une mise en relation est la plus belle aide que vous puissiez m'apporter."
100;2028-09-07;Jeu;2;11:00;LinkedIn;Page LinkedIn ROHAFYA;FR;oui;650;Recommander ROHAFYA;"Dans la santé, la confiance circule de personne à personne. Un directeur de laboratoire écoute un autre directeur de laboratoire.

C'est pourquoi nous avons formalisé le parrainage. Tout établissement abonné qui recommande ROHAFYA à un autre reçoit un mois d'abonnement offert dès que le nouvel établissement s'abonne. Le nombre de recommandations n'est pas limité.

Nous demandons une seule chose en retour : ne recommandez ROHAFYA que si vous en êtes réellement satisfaits.

Vous utilisez ROHAFYA et connaissez un confrère qui peine avec les résultats non retirés ? Une mise en relation est l'aide la plus précieuse que vous puissiez nous apporter."
100;2028-09-07;Jeu;2;12:30;X;Compte X ROHAFYA;EN;oui;231;Recommander ROHAFYA;ROHAFYA referral programme: any subscribing facility that recommends us to another gets one free month once the new facility signs up. No limit. One condition: only recommend us if you are genuinely satisfied. #HealthTech #Cameroon
100;2028-09-07;Jeu;2;18:00;X;Compte X personnel;FR;oui;223;Recommander ROHAFYA;Parrainage ROHAFYA : un mois d'abonnement offert à l'établissement qui recommande, dès que l'établissement recommandé s'abonne. Aucune limite. Une seule condition morale : ne recommandez que si vous êtes vraiment satisfait.
101;2028-09-12;Mar;1;08:00;LinkedIn;Profil LinkedIn personnel;FR;non;786;Sécurité des patients : identifier, toujours;"Dans tous les référentiels de sécurité des soins, la première règle est la même : identifier correctement le patient.

On l'applique au lit du malade et au prélèvement. On l'applique moins à la remise du résultat, comme si l'erreur y était moins grave.

Elle ne l'est pas. Un résultat remis à la mauvaise personne, ce sont deux patients mal informés, et une confidentialité rompue.

L'an dernier, j'expliquais comment ROHAFYA rend cette erreur plus difficile. J'ajoute cette année un point d'organisation : le numéro de dossier.

Tout repose sur lui. S'il est bien attribué à l'enregistrement, tout ce qui suit est fiable. S'il est mal saisi, aucun outil ne rattrape l'erreur.

La sécurité numérique commence donc par un geste très classique : bien enregistrer le patient à son arrivée."
101;2028-09-12;Mar;1;11:00;LinkedIn;Page LinkedIn ROHAFYA;FR;non;526;Sécurité des patients : identifier, toujours;"17 septembre, Journée mondiale de la sécurité des patients.

Première règle de sécurité, partout : s'assurer que l'on parle de la bonne personne.

On l'applique au soin et au prélèvement. On l'applique moins à la remise du résultat, comme si l'erreur y était moins grave.

Elle ne l'est pas. Un résultat remis à la mauvaise personne, ce sont deux patients mal informés et une confidentialité rompue.

ROHAFYA rend cette erreur plus difficile à commettre. Mais tout commence par un enregistrement soigné à l'arrivée du patient."
101;2028-09-12;Mar;1;12:30;X;Compte X ROHAFYA;FR;non;222;Sécurité des patients : identifier, toujours;Journée mondiale de la sécurité des patients, ce dimanche 17 septembre. Première règle, partout : s'assurer que l'on parle de la bonne personne. Elle vaut pour un soin, un prélèvement, et la remise d'un résultat. #Cameroun
101;2028-09-12;Mar;1;18:00;X;Compte X personnel;FR;non;261;Sécurité des patients : identifier, toujours;Dans tous les référentiels de sécurité des soins, la première règle est la même : identifier correctement le patient. On l'applique au lit du malade et au prélèvement. Moins à la remise du résultat. Pourtant l'erreur y est tout aussi grave. #SécuritéDesPatients
101;2028-09-14;Jeu;2;08:00;LinkedIn;Profil LinkedIn personnel;FR;non;664;Sécurité des patients : identifier, toujours;"Un point d'organisation que je rappelle à chaque établissement, parce qu'aucun logiciel ne peut le rattraper : le numéro de dossier.

Dans ROHAFYA, tout part de lui. Les résultats, les factures et le QR code y sont attachés. Le rattachement au compte du patient passe par un code à usage unique, et l'établissement valide quand l'identité doit être vérifiée.

Si le numéro de dossier est bien attribué à l'enregistrement, tout ce qui suit est fiable. S'il est mal saisi, ou si deux patients partagent par erreur le même, aucun outil ne rattrape l'erreur.

La sécurité numérique commence donc par un geste très classique : bien enregistrer le patient à son arrivée."
101;2028-09-14;Jeu;2;11:00;LinkedIn;Page LinkedIn ROHAFYA;FR;non;560;Sécurité des patients : identifier, toujours;"Sécurité des patients : la journée mondiale du 17 septembre met l'identification au premier plan.

Identifier correctement le patient est la première règle de sécurité, y compris au moment de lui remettre un résultat.

Dans ROHAFYA, chaque résultat est attaché à un numéro de dossier ; le rattachement au compte du patient passe par un code à usage unique ; l'établissement valide quand l'identité doit être vérifiée.

Ces règles appuient la vigilance des équipes. Elles ne la remplacent pas : tout commence par un enregistrement soigné à l'arrivée du patient."
101;2028-09-14;Jeu;2;12:30;X;Compte X ROHAFYA;EN;non;185;Sécurité des patients : identifier, toujours;World Patient Safety Day is this week. Rule one, everywhere: make sure you have the right person. It applies to care, to sampling, and to handing over a result. #PatientSafety #Cameroon
101;2028-09-14;Jeu;2;18:00;X;Compte X personnel;FR;non;225;Sécurité des patients : identifier, toujours;Dans ROHAFYA, tout part du numéro de dossier attribué par l'établissement : résultats, factures et QR code y sont attachés. Un enregistrement soigné à l'arrivée du patient reste la première des sécurités. #SécuritéDesPatients
102;2028-09-19;Mar;1;08:00;LinkedIn;Profil LinkedIn personnel;FR;oui;631;Ce que deux ans de terrain apprennent;"Dans deux semaines, ROHAFYA aura deux ans. Avant le bilan chiffré, ce que ces deux années m'ont appris, à moi.

Sur la vente : [VOTRE LEÇON SUR LA VENTE].

Sur les établissements : [VOTRE LEÇON SUR LES ÉTABLISSEMENTS].

Sur les patients : [VOTRE LEÇON SUR LES PATIENTS].

Sur moi-même : vendre seul oblige à tout faire, et donc à choisir ce qu'on ne fera pas. C'est la discipline la plus difficile, et la plus utile.

Si je devais donner un seul conseil à quelqu'un qui lance un produit de santé au Cameroun, ce serait celui-ci : passez plus de temps dans les accueils que derrière votre écran. Tout ce qui compte s'apprend là-bas."
102;2028-09-19;Mar;1;11:00;LinkedIn;Page LinkedIn ROHAFYA;FR;oui;425;Ce que deux ans de terrain apprennent;"Deux ans de terrain, deux leçons.

La première année nous a appris qu'une démonstration vaut dix arguments.

La deuxième nous a appris qu'un établissement satisfait vaut dix démonstrations.

Ce que nous en retenons sur les établissements : [VOTRE LEÇON SUR LES ÉTABLISSEMENTS].

Ce que nous en retenons sur les patients : [VOTRE LEÇON SUR LES PATIENTS].

Tout ce qui compte s'apprend dans les accueils, pas derrière un écran."
102;2028-09-19;Mar;1;12:30;X;Compte X ROHAFYA;FR;oui;169;Ce que deux ans de terrain apprennent;Deux ans à présenter ROHAFYA, une leçon par an. An 1 : une démonstration vaut dix arguments. An 2 : un établissement satisfait vaut dix démonstrations. #Cameroun #eSanté
102;2028-09-19;Mar;1;18:00;X;Compte X personnel;FR;oui;234;Ce que deux ans de terrain apprennent;Dans deux semaines, ROHAFYA aura deux ans. Ce que j'ai appris sur la vente : [VOTRE LEÇON SUR LA VENTE]. Sur les patients : [VOTRE LEÇON SUR LES PATIENTS]. Mon conseil : passez plus de temps dans les accueils que derrière votre écran.
102;2028-09-21;Jeu;2;08:00;LinkedIn;Profil LinkedIn personnel;FR;non;713;Ce que deux ans de terrain apprennent;"Ce que deux ans de terrain m'ont appris sur la remise en ligne des résultats, quel que soit l'outil.

Elle réussit quand l'accueil est associé dès le début.

Elle réussit quand les patients reçoivent une explication, pas seulement un code.

Elle réussit quand l'établissement mesure avant et après.

Elle échoue quand on la lance dans la précipitation, ou quand elle est vécue comme une décision venue d'en haut.

Ces enseignements sont intégrés à ma méthode de mise en service. Je les partage volontiers avec tout établissement qui le demande, qu'il choisisse ROHAFYA ou non.

Le conseil que je donne à tous : commencez petit, mesurez, expliquez, et ne généralisez que lorsque l'accueil vous dit que cela marche."
102;2028-09-21;Jeu;2;11:00;LinkedIn;Page LinkedIn ROHAFYA;FR;non;528;Ce que deux ans de terrain apprennent;"Ce que deux ans de terrain nous ont appris sur la remise en ligne des résultats.

Elle réussit quand l'accueil est associé dès le début.

Elle réussit quand les patients reçoivent une explication, pas seulement un code.

Elle réussit quand l'établissement mesure avant et après.

Elle échoue quand on la lance dans la précipitation, ou quand elle est vécue comme une décision venue d'en haut.

Ces enseignements sont intégrés à notre méthode de mise en service. Ils sont à votre disposition, que vous choisissiez ROHAFYA ou non."
102;2028-09-21;Jeu;2;12:30;X;Compte X ROHAFYA;EN;non;160;Ce que deux ans de terrain apprennent;Two years presenting ROHAFYA, one lesson per year. Year 1: a demo is worth ten arguments. Year 2: a satisfied facility is worth ten demos. #Cameroon #HealthTech
102;2028-09-21;Jeu;2;18:00;X;Compte X personnel;FR;non;211;Ce que deux ans de terrain apprennent;Le conseil que je donne à tout établissement qui démarre : commencez petit, mesurez, expliquez aux patients, et ne généralisez que lorsque l'accueil vous dit que ça marche. Deux ans de terrain me l'ont confirmé.
103;2028-09-26;Mar;1;08:00;LinkedIn;Profil LinkedIn personnel;FR;non;817;Le cœur, deux ans après;"C'est la deuxième fois que j'écris à l'occasion de la Journée mondiale du cœur, et je voudrais dire quelque chose de plus personnel.

Travailler sur un outil de santé change le regard qu'on porte sur sa propre santé. À force de parler de bilans, de suivi et de résultats perdus, on finit par se demander où sont les siens.

Je pose donc la question à ceux qui me lisent, sans donner de leçon : savez-vous où se trouve votre dernier bilan ? Sauriez-vous le montrer à un médecin demain ?

Si la réponse est non, vous n'êtes pas négligent. Vous êtes dans la situation de presque tout le monde, faute d'outil.

C'est exactement ce que je voudrais changer, à mon échelle. Pas par de grands discours sur la prévention, que d'autres portent mieux que moi. Par une chose simple : que le résultat soit là quand on en a besoin."
103;2028-09-26;Mar;1;11:00;LinkedIn;Page LinkedIn ROHAFYA;FR;non;463;Le cœur, deux ans après;"29 septembre, Journée mondiale du cœur.

Une question simple, sans leçon : savez-vous où se trouve votre dernier bilan ? Sauriez-vous le montrer à un médecin demain ?

Si la réponse est non, vous n'êtes pas négligent. Vous êtes dans la situation de presque tout le monde, faute d'outil.

La prévention et le suivi reposent sur des bilans réguliers, et sur la possibilité de les comparer.

Notre ambition est modeste : que le résultat soit là quand on en a besoin."
103;2028-09-26;Mar;1;12:30;X;Compte X ROHAFYA;FR;non;215;Le cœur, deux ans après;Vendredi 29 septembre, Journée mondiale du cœur. Le meilleur ami d'un suivi au long cours, c'est la régularité. Et la régularité tient mieux quand chaque bilan retrouve sa place à côté du précédent. #Cameroun #Santé
103;2028-09-26;Mar;1;18:00;X;Compte X personnel;FR;non;266;Le cœur, deux ans après;Travailler sur un outil de santé change le regard sur sa propre santé. Je pose la question, sans leçon : savez-vous où se trouve votre dernier bilan ? Sauriez-vous le montrer à un médecin demain ? Si non, vous êtes comme presque tout le monde. #JournéeMondialeDuCœur
103;2028-09-28;Jeu;2;08:00;LinkedIn;Profil LinkedIn personnel;FR;non;583;Le cœur, deux ans après;"Aux laboratoires et aux cliniques qui ont une patientèle régulière : voici le service qui me paraît le plus utile à vos patients suivis au long cours.

La continuité.

Chaque bilan publié rejoint les précédents dans le même compte, daté, avec ses valeurs de référence. Le patient arrive en consultation avec la série complète, et non avec la dernière feuille.

Pour vous, c'est un service simple à proposer : il ne demande rien de plus que de publier ce que vous validez déjà.

En cette Journée mondiale du cœur, c'est le service que je vous invite à offrir à vos patients réguliers."
103;2028-09-28;Jeu;2;11:00;LinkedIn;Page LinkedIn ROHAFYA;FR;non;525;Le cœur, deux ans après;"29 septembre, Journée mondiale du cœur.

La prévention et le suivi reposent sur des bilans réguliers, et sur la possibilité de les comparer.

Les établissements qui utilisent ROHAFYA offrent à leurs patients cette continuité : chaque bilan publié rejoint les précédents dans le même compte.

C'est un service simple, que les patients suivis au long cours apprécient particulièrement.

Laboratoires et cliniques : si vous avez une patientèle régulière, la remise en ligne des résultats est un moyen concret de mieux la servir."
103;2028-09-28;Jeu;2;12:30;X;Compte X ROHAFYA;EN;non;191;Le cœur, deux ans après;World Heart Day, 29 September. Do you know where your last check-up results are? With an ROHAFYA account the answer is always the same: on your phone, next to the earlier ones. #WorldHeartDay
103;2028-09-28;Jeu;2;18:00;X;Compte X personnel;FR;non;250;Le cœur, deux ans après;Savez-vous où se trouve votre dernier bilan de santé ? Avec un compte ROHAFYA, la réponse est toujours la même : dans votre téléphone, à côté des précédents. C'est tout ce que je voulais rendre possible. [LIEN] #JournéeMondialeDuCœur
104;2028-10-03;Mar;1;08:00;LinkedIn;Profil LinkedIn personnel;FR;oui;757;Deux ans, et la suite;"ROHAFYA a deux ans cette semaine. Voici le bilan complet.

En chiffres : [NOMBRE] établissements, dans [NOMBRE] villes ; [NOMBRE] patients rattachés ; [NOMBRE] résultats publiés.

Ce qui a tenu ses promesses : [VOTRE RÉUSSITE].

Ce qui ne les a pas tenues : [VOTRE ÉCHEC].

Ce que je ferai différemment : [VOTRE DÉCISION].

Il y a deux ans, j'écrivais ici qu'un résultat d'analyse ne devrait pas coûter un deuxième trajet. Je le pense toujours. Ce qui a changé, c'est que je sais désormais combien c'est difficile à obtenir, et combien cela en vaut la peine.

Merci aux directeurs qui m'ont fait confiance sans références, aux accueils qui ont supporté mes questions, et à tous ceux qui ont pris le temps de me contredire. La troisième année commence lundi."
104;2028-10-03;Mar;1;11:00;LinkedIn;Page LinkedIn ROHAFYA;FR;oui;457;Deux ans, et la suite;"ROHAFYA a deux ans.

En chiffres : [NOMBRE] établissements, dans [NOMBRE] villes ; [NOMBRE] patients rattachés ; [NOMBRE] résultats publiés.

Ce qui a tenu ses promesses : [VOTRE RÉUSSITE].
Ce que nous ferons différemment : [VOTRE DÉCISION].

Il y a deux ans, nous écrivions qu'un résultat d'analyse ne devrait pas coûter un deuxième trajet. Nous le pensons toujours.

Merci aux établissements, aux patients et aux médecins qui ont fait ce chemin avec nous."
104;2028-10-03;Mar;1;12:30;X;Compte X ROHAFYA;FR;oui;186;Deux ans, et la suite;Deux ans de ROHAFYA. Merci aux établissements qui ont essayé, aux patients qui ont scanné, aux médecins qui ont lu, à ceux qui ont critiqué. La suite s'écrit avec vous. #Cameroun #eSanté
104;2028-10-03;Mar;1;18:00;X;Compte X personnel;FR;oui;250;Deux ans, et la suite;ROHAFYA a deux ans. Établissements : [NOMBRE], dans [NOMBRE] villes. Patients rattachés : [NOMBRE]. Il y a deux ans, j'écrivais qu'un résultat ne devrait pas coûter un deuxième trajet. Je le pense toujours. Je sais maintenant combien c'est difficile.
104;2028-10-05;Jeu;2;08:00;LinkedIn;Profil LinkedIn personnel;FR;non;629;Deux ans, et la suite;"Pour la troisième année de ROHAFYA, le cap reste le même : qu'aucun résultat payé ne reste dans une armoire. Et la méthode aussi : essayer, mesurer, décider.

Aux établissements qui ont essayé la plateforme, aux patients qui ont scanné un code, aux médecins qui ont lu un résultat partagé, et à tous ceux qui ont pris le temps de me contredire : merci.

Vous avez rendu ROHAFYA plus juste que je n'aurais su le faire seul.

J'ai une dernière question pour clore ces deux années : que devrait faire ROHAFYA en priorité pendant la troisième ? Une seule réponse par personne. Je les lirai toutes.

La troisième année commence lundi."
104;2028-10-05;Jeu;2;11:00;LinkedIn;Page LinkedIn ROHAFYA;FR;non;571;Deux ans, et la suite;"ROHAFYA a deux ans cette semaine.

Il y a deux ans, nous écrivions qu'un résultat d'analyse ne devrait pas coûter un deuxième trajet en ville. Nous le pensons toujours. Ce qui a changé, c'est que nous savons désormais combien c'est difficile à obtenir, et combien cela en vaut la peine.

Aux établissements qui ont essayé la plateforme, aux patients qui ont scanné un code, aux médecins qui ont lu un résultat partagé, et à tous ceux qui ont pris le temps de nous contredire : merci.

La troisième année commence lundi. La démonstration reste ouverte et gratuite : [LIEN]"
104;2028-10-05;Jeu;2;12:30;X;Compte X ROHAFYA;EN;non;262;Deux ans, et la suite;ROHAFYA is two years old. Two years ago we said a lab result should not cost a second trip across town. We still believe it, and now know how hard and how worthwhile it is. Thank you to everyone who tried, scanned, read and challenged us. [LIEN]
104;2028-10-05;Jeu;2;18:00;X;Compte X personnel;FR;non;202;Deux ans, et la suite;Dernière question de cette deuxième année : que devrait faire ROHAFYA en priorité pendant la troisième ? Une seule réponse par personne. Je les lirai toutes. La troisième année commence lundi. #Cameroun
